crop_type,crop_growth_stage,soil_type,soil_ph,soil_moisture,organic_carbon,electrical_conductivity,N,P,K,temperature_c,humidity,rainfall_mm,sunlight_hours,wind_speed_kmh,season,irrigation_type,water_source,field_area_hectare,mulching_used,previous_irrigation_mm,region,irrigation_need,water_required_mm
Maize,Flowering,Silt,6.41,50.56,0.38,0.23,76.0,48.5,20.0,36.5,26.01,831.28,10.72,16.82,Zaid,Canal,Groundwater,12.22,Yes,33.56,Central,Medium,29.02
Cotton,Harvest,Sandy,7.71,40.07,1.09,2.18,117.0,46.0,19.0,41.83,76.41,1844.45,7.75,19.03,Rabi,Drip,Reservoir,5.52,Yes,34.62,South,Low,13.94
Cotton,Sowing,Clay,7.76,18.58,0.95,2.52,117.0,46.0,19.0,22.38,86.44,1875.63,10.39,11.26,Zaid,Canal,River,2.52,No,60.86,South,Medium,50.08
Rice,Sowing,Silt,5.1,20.5,0.37,1.43,80.0,47.0,40.0,33.34,62.51,402.92,7.03,13.55,Zaid,Sprinkler,Groundwater,7.56,Yes,7.33,East,Medium,7.52
Rice,Flowering,Sandy,7.44,22.7,0.59,2.95,80.0,47.0,40.0,28.02,58.5,764.95,7.08,7.38,Kharif,Sprinkler,Reservoir,2.18,No,51.47,West,Medium,52.65
Maize,Flowering,Clay,5.42,36.73,0.74,1.52,76.0,48.5,20.0,16.59,76.88,2476.03,10.34,1.8,Kharif,Sprinkler,Rainwater,13.75,Yes,107.25,Central,Low,60.75
Rice,Vegetative,Loamy,6.26,19.58,0.36,1.67,80.0,47.0,40.0,31.14,74.3,1474.55,8.53,17.68,Rabi,Rainfed,Reservoir,1.27,Yes,97.92,Central,Medium,87.82
Rice,Flowering,Clay,5.36,11.85,1.48,2.11,80.0,47.0,40.0,35.21,73.29,1943.89,5.26,11.17,Kharif,Canal,River,13.11,No,74.35,North,High,108.01
Maize,Sowing,Clay,7.2,17.77,0.97,0.77,76.0,48.5,20.0,34.84,61.08,1388.44,7.92,14.03,Kharif,Sprinkler,Reservoir,10.39,Yes,15.22,East,Medium,14.13
Rice,Harvest,Sandy,5.52,56.38,1.06,2.69,80.0,47.0,40.0,26.3,81.33,1993.46,7.91,1.08,Rabi,Rainfed,Groundwater,9.11,No,16.53,West,Low,4.99
Maize,Vegetative,Silt,4.94,37.16,1.45,0.85,76.0,48.5,20.0,21.29,87.38,1571.39,7.95,7.07,Kharif,Sprinkler,Rainwater,3.84,No,101.67,West,Low,50.26
Rice,Flowering,Silt,5.9,48.28,0.99,0.59,80.0,47.0,40.0,21.29,68.28,2242.34,9.53,17.08,Kharif,Canal,Reservoir,13.24,No,76.17,South,Medium,58.19
Cotton,Flowering,Silt,6.7,18.99,1.44,2.01,117.0,46.0,19.0,17.28,63.89,1501.77,5.74,17.58,Zaid,Rainfed,Rainwater,0.71,No,12.91,East,Medium,12.08
Rice,Sowing,Clay,7.72,47.24,1.35,2.38,80.0,47.0,40.0,36.39,72.03,2066.1,10.41,18.73,Zaid,Canal,Reservoir,1.33,No,101.81,South,Low,53.02
Cotton,Harvest,Sandy,6.28,55.43,0.56,2.33,117.0,46.0,19.0,14.47,31.11,655.16,5.43,19.15,Kharif,Sprinkler,Reservoir,5.34,No,71.79,North,Low,19.46
Maize,Flowering,Silt,7.96,13.7,0.68,1.31,76.0,48.5,20.0,27.27,33.58,1066.4,7.35,10.29,Rabi,Sprinkler,Groundwater,8.73,Yes,80.74,West,Medium,83.73
Cotton,Flowering,Loamy,5.68,25.34,0.88,0.27,117.0,46.0,19.0,14.14,45.88,989.53,5.12,15.82,Kharif,Rainfed,River,12.78,No,64.64,Central,Medium,56.57
Rice,Sowing,Loamy,4.98,45.3,1.48,1.11,80.0,47.0,40.0,31.1,86.28,2014.3,10.4,8.96,Kharif,Drip,Rainwater,5.35,Yes,48.88,East,Low,24.71
Cotton,Vegetative,Silt,5.21,28.88,0.66,3.44,117.0,46.0,19.0,41.14,65.43,1484.42,10.55,11.83,Zaid,Sprinkler,Reservoir,8.63,No,0.02,Central,Medium,0.02
Cotton,Vegetative,Silt,6.72,10.35,1.12,2.01,117.0,46.0,19.0,15.18,90.11,1762.82,8.71,16.63,Rabi,Sprinkler,Rainwater,12.71,No,71.73,West,Medium,54.66
Rice,Harvest,Loamy,6.84,60.37,1.52,1.46,80.0,47.0,40.0,26.64,80.47,71.19,5.48,3.37,Rabi,Rainfed,Groundwater,1.24,Yes,68.07,North,Low,28.94
Maize,Harvest,Sandy,6.09,54.02,1.02,0.29,76.0,48.5,20.0,30.01,83.46,869.91,7.85,14.02,Kharif,Sprinkler,Groundwater,1.75,No,60.63,Central,Low,19.46
Cotton,Flowering,Sandy,8.1,34.9,0.89,1.76,117.0,46.0,19.0,35.12,32.94,762.65,7.54,4.45,Zaid,Rainfed,Groundwater,10.79,Yes,41.98,East,Low,29.05
Rice,Vegetative,Clay,7.94,31.65,1.39,2.46,80.0,47.0,40.0,29.15,37.71,973.72,4.04,10.4,Rabi,Canal,Reservoir,11.8,No,43.65,Central,Medium,34.97
Cotton,Flowering,Clay,6.81,9.15,1.09,2.5,117.0,46.0,19.0,27.01,65.96,1758.8,6.34,1.64,Kharif,Rainfed,Groundwater,3.01,No,86.73,South,Medium,89.71
Maize,Sowing,Loamy,5.45,17.04,0.98,1.6,76.0,48.5,20.0,20.1,53.27,1002.58,10.73,2.14,Kharif,Sprinkler,Groundwater,5.7,No,41.57,Central,Low,23.38
Rice,Sowing,Silt,7.07,44.58,0.32,3.09,80.0,47.0,40.0,30.62,85.61,2344.67,10.82,13.99,Zaid,Drip,Reservoir,8.08,Yes,7.44,East,Low,3.77
Rice,Harvest,Silt,6.85,41.21,0.5,0.99,80.0,47.0,40.0,30.03,94.78,876.88,7.85,17.41,Zaid,Drip,Reservoir,10.07,No,92.34,West,Low,33.6
Maize,Sowing,Silt,6.47,16.17,0.37,1.76,76.0,48.5,20.0,30.89,50.16,361.8,10.32,10.3,Kharif,Rainfed,Rainwater,12.56,Yes,11.58,West,Medium,12.1
Maize,Flowering,Clay,6.6,33.39,0.82,0.31,76.0,48.5,20.0,40.04,61.08,175.7,4.05,6.91,Kharif,Canal,River,11.04,No,25.49,Central,Medium,36.21
Cotton,Harvest,Loamy,5.94,28.24,0.74,0.43,117.0,46.0,19.0,27.46,34.26,874.76,7.94,12.7,Zaid,Rainfed,Rainwater,14.17,No,45.05,North,Low,17.9
Rice,Sowing,Clay,5.47,57.61,1.0,3.31,80.0,47.0,40.0,16.79,92.29,1156.59,10.78,1.18,Zaid,Canal,Rainwater,2.98,No,9.09,Central,Low,3.51
Maize,Harvest,Clay,5.43,12.79,0.91,1.68,76.0,48.5,20.0,18.39,42.08,1190.29,7.65,13.03,Kharif,Rainfed,River,14.82,Yes,23.88,Central,Low,9.23
Maize,Sowing,Silt,5.09,58.75,0.66,0.58,76.0,48.5,20.0,25.6,55.98,1201.45,6.92,0.63,Kharif,Rainfed,Rainwater,6.87,Yes,55.83,North,Low,23.32
Rice,Vegetative,Clay,6.28,34.89,1.54,0.71,80.0,47.0,40.0,17.12,54.78,633.6,10.26,19.21,Zaid,Drip,Rainwater,3.11,No,48.34,East,Medium,33.32
Maize,Flowering,Silt,6.29,15.98,1.52,0.81,76.0,48.5,20.0,18.32,87.01,555.82,4.48,18.95,Zaid,Rainfed,Groundwater,6.79,No,33.19,West,Medium,31.41
Maize,Sowing,Sandy,5.74,46.23,0.7,0.38,76.0,48.5,20.0,21.6,51.7,1419.97,9.12,17.83,Kharif,Drip,River,2.37,No,15.12,Central,Low,6.9
Cotton,Harvest,Sandy,5.98,32.99,0.44,2.08,117.0,46.0,19.0,36.28,45.39,550.47,4.97,19.55,Zaid,Canal,Reservoir,10.54,Yes,37.77,West,Low,15.66
Cotton,Sowing,Clay,7.97,8.96,0.39,1.09,117.0,46.0,19.0,18.62,35.67,997.3,6.84,15.36,Rabi,Drip,Groundwater,7.94,Yes,70.54,West,Low,39.06
Maize,Sowing,Clay,7.94,16.64,0.86,2.75,76.0,48.5,20.0,24.5,88.15,1421.71,10.99,12.99,Kharif,Canal,Groundwater,11.83,Yes,46.39,Central,Low,27.3
Maize,Harvest,Loamy,4.92,47.44,0.66,3.22,76.0,48.5,20.0,37.11,46.62,1826.17,10.08,12.31,Zaid,Sprinkler,River,5.5,Yes,112.51,South,Low,41.2
Rice,Flowering,Loamy,6.68,61.19,0.61,2.26,80.0,47.0,40.0,30.17,92.7,405.08,7.39,19.62,Kharif,Canal,River,4.37,No,43.31,West,Medium,35.43
Maize,Sowing,Loamy,7.32,20.85,0.55,1.71,76.0,48.5,20.0,36.85,73.52,1461.93,4.99,2.23,Zaid,Drip,Groundwater,5.13,No,7.16,East,Medium,6.72
Rice,Vegetative,Loamy,5.09,9.6,0.56,2.6,80.0,47.0,40.0,20.66,45.12,252.73,6.08,13.32,Kharif,Sprinkler,River,11.58,No,86.16,East,High,115.82
Cotton,Vegetative,Silt,6.89,10.46,1.58,0.32,117.0,46.0,19.0,35.23,50.92,1214.95,10.29,16.67,Rabi,Canal,River,2.58,No,38.17,South,High,46.22
Maize,Vegetative,Silt,5.6,27.52,0.78,1.14,76.0,48.5,20.0,20.27,91.16,1481.3,10.88,12.51,Rabi,Rainfed,Rainwater,7.45,No,20.16,East,Medium,15.29
Maize,Sowing,Clay,6.44,12.38,0.76,1.56,76.0,48.5,20.0,26.43,25.93,931.09,4.57,16.71,Rabi,Canal,River,12.87,No,26.51,East,Medium,22.72
Rice,Harvest,Silt,6.26,30.4,1.13,1.04,80.0,47.0,40.0,39.87,61.75,1675.42,6.78,6.84,Zaid,Sprinkler,River,5.82,Yes,61.52,West,Low,26.92
Rice,Harvest,Silt,5.62,14.79,1.28,2.73,80.0,47.0,40.0,35.62,62.5,1216.18,6.68,8.31,Rabi,Canal,Rainwater,12.29,Yes,4.7,South,Low,2.15
Maize,Sowing,Clay,6.52,13.71,1.28,2.31,76.0,48.5,20.0,33.61,62.44,695.66,5.96,4.4,Zaid,Rainfed,Reservoir,0.46,No,114.03,North,Medium,104.65
Rice,Sowing,Loamy,7.41,54.03,1.42,3.37,80.0,47.0,40.0,16.7,66.33,738.24,9.23,10.18,Zaid,Rainfed,Reservoir,7.49,No,27.5,South,Low,11.01
Cotton,Vegetative,Sandy,5.01,15.71,0.93,0.76,117.0,46.0,19.0,38.16,86.24,584.53,6.41,17.99,Rabi,Canal,Groundwater,0.69,Yes,98.28,North,Medium,93.98
Maize,Vegetative,Silt,6.76,41.94,1.11,3.19,76.0,48.5,20.0,35.2,39.75,2385.45,5.45,7.62,Zaid,Canal,River,12.77,No,111.48,Central,Medium,86.29
Maize,Sowing,Loamy,7.67,25.3,0.95,1.88,76.0,48.5,20.0,17.78,53.37,1512.36,7.72,15.62,Zaid,Canal,Rainwater,12.91,No,112.23,East,Low,59.08
Maize,Vegetative,Silt,5.69,39.87,1.47,1.0,76.0,48.5,20.0,35.14,89.3,166.18,6.87,1.46,Rabi,Drip,River,13.45,Yes,58.61,Central,Medium,63.22
Rice,Harvest,Clay,6.33,34.55,0.52,3.05,80.0,47.0,40.0,28.9,40.2,4.88,5.78,3.68,Rabi,Rainfed,River,13.74,No,16.82,South,Low,9.85
Rice,Vegetative,Loamy,6.76,11.29,1.47,0.52,80.0,47.0,40.0,41.82,78.36,117.09,10.59,16.32,Rabi,Rainfed,Reservoir,10.84,No,57.71,North,High,103.4
Rice,Vegetative,Loamy,6.74,18.63,1.08,1.41,80.0,47.0,40.0,14.07,83.45,412.84,5.04,8.99,Zaid,Rainfed,Rainwater,0.48,Yes,86.79,South,Medium,73.6
Rice,Flowering,Silt,5.93,39.95,0.34,1.24,80.0,47.0,40.0,38.02,83.25,2274.93,4.78,4.11,Zaid,Canal,River,3.06,Yes,71.14,South,Low,48.31
Maize,Flowering,Loamy,7.41,41.23,1.49,2.99,76.0,48.5,20.0,21.5,49.01,1185.97,7.74,4.29,Zaid,Rainfed,Rainwater,7.44,Yes,48.76,Central,Low,27.94
Maize,Sowing,Clay,7.74,50.42,0.92,0.56,76.0,48.5,20.0,16.42,73.54,144.37,4.45,15.73,Rabi,Drip,Reservoir,2.8,Yes,81.36,Central,Low,46.86
Cotton,Vegetative,Silt,6.84,59.49,0.75,1.68,117.0,46.0,19.0,16.14,70.52,1215.23,10.48,4.55,Rabi,Sprinkler,River,5.66,No,0.88,East,Low,0.33
Rice,Flowering,Clay,5.77,20.35,0.37,0.67,80.0,47.0,40.0,39.64,73.41,293.45,10.89,18.26,Zaid,Drip,Rainwater,2.28,No,66.08,West,High,123.24
Rice,Vegetative,Sandy,5.76,42.03,0.79,0.27,80.0,47.0,40.0,31.77,64.85,2422.47,7.67,4.84,Rabi,Rainfed,Groundwater,14.42,No,33.61,South,Medium,25.18
Maize,Harvest,Sandy,7.94,10.03,1.38,1.94,76.0,48.5,20.0,16.69,67.96,605.71,8.77,14.42,Zaid,Drip,Groundwater,9.29,Yes,109.22,Central,Low,41.46
Rice,Flowering,Silt,6.88,23.58,1.45,2.82,80.0,47.0,40.0,25.67,80.3,1072.78,9.18,9.35,Rabi,Rainfed,Rainwater,7.56,No,23.38,Central,Medium,23.21
Maize,Sowing,Loamy,6.66,44.5,1.5,2.54,76.0,48.5,20.0,12.88,37.36,711.48,4.57,2.19,Kharif,Sprinkler,Reservoir,5.1,No,60.65,Central,Low,26.2
Cotton,Harvest,Silt,7.7,27.52,0.43,0.42,117.0,46.0,19.0,27.37,54.12,2135.06,7.61,16.54,Rabi,Canal,Rainwater,6.06,Yes,29.12,West,Low,11.63
Maize,Vegetative,Silt,6.7,23.2,0.92,3.01,76.0,48.5,20.0,25.07,44.74,72.0,5.84,12.15,Zaid,Drip,Rainwater,11.08,Yes,68.61,Central,High,107.74
Maize,Vegetative,Sandy,6.55,64.14,1.53,2.72,76.0,48.5,20.0,21.41,45.45,1325.23,7.63,8.78,Rabi,Canal,River,10.35,Yes,30.96,West,Low,11.66
Cotton,Vegetative,Sandy,4.85,9.65,1.17,3.22,117.0,46.0,19.0,40.99,38.59,69.02,6.0,9.12,Zaid,Rainfed,Groundwater,1.17,No,80.54,West,High,149.33
Rice,Harvest,Sandy,5.07,23.6,1.54,1.15,80.0,47.0,40.0,21.88,73.77,791.84,5.11,5.48,Rabi,Sprinkler,River,6.63,Yes,20.0,Central,Low,7.8
Maize,Flowering,Clay,7.12,23.35,0.77,0.15,76.0,48.5,20.0,27.32,50.98,2399.33,8.25,9.34,Zaid,Drip,Groundwater,10.51,No,112.54,East,Medium,113.75
Rice,Harvest,Sandy,5.23,63.95,1.1,3.07,80.0,47.0,40.0,35.45,52.1,2293.1,4.23,6.91,Rabi,Drip,Reservoir,10.3,Yes,34.05,Central,Low,10.31
Rice,Vegetative,Silt,6.78,48.56,1.08,0.29,80.0,47.0,40.0,26.25,40.5,558.94,5.03,4.8,Zaid,Canal,River,9.21,No,80.21,West,Low,37.48
Maize,Sowing,Clay,7.86,51.42,1.53,2.64,76.0,48.5,20.0,32.86,82.36,1750.59,10.76,13.21,Rabi,Drip,Reservoir,11.57,No,76.81,West,Low,37.16
Maize,Vegetative,Sandy,6.92,61.49,0.5,1.26,76.0,48.5,20.0,29.47,43.72,2220.26,7.07,1.44,Rabi,Rainfed,Reservoir,6.6,No,26.9,East,Low,11.32
Maize,Harvest,Clay,5.49,56.5,0.99,2.94,76.0,48.5,20.0,24.51,63.36,2009.15,4.02,4.92,Kharif,Canal,Reservoir,12.71,No,94.78,East,Low,28.09
Rice,Sowing,Clay,7.39,20.03,1.53,2.28,80.0,47.0,40.0,28.15,54.89,2442.81,5.02,18.08,Zaid,Sprinkler,Rainwater,5.14,Yes,4.38,North,Low,2.67
Rice,Flowering,Clay,5.43,22.11,1.24,2.65,80.0,47.0,40.0,30.59,70.95,464.87,7.78,4.26,Rabi,Drip,Groundwater,2.1,No,53.76,South,Medium,60.12
Rice,Sowing,Loamy,7.37,42.23,0.64,1.86,80.0,47.0,40.0,21.19,73.77,320.05,9.6,1.67,Zaid,Canal,Groundwater,2.42,Yes,98.19,East,Low,56.05
Cotton,Vegetative,Silt,5.57,27.01,1.17,2.04,117.0,46.0,19.0,23.87,78.39,193.53,10.84,16.43,Zaid,Rainfed,Groundwater,0.49,No,29.43,Central,Medium,31.17
Cotton,Flowering,Clay,6.9,33.17,0.84,2.92,117.0,46.0,19.0,14.15,73.15,550.49,7.9,10.78,Kharif,Canal,River,0.85,No,31.83,East,Medium,26.11
Rice,Vegetative,Silt,6.39,36.11,0.45,1.82,80.0,47.0,40.0,17.81,29.12,666.94,6.39,5.93,Kharif,Canal,Reservoir,14.01,Yes,85.15,North,Low,40.95
Cotton,Vegetative,Sandy,8.15,17.06,1.37,3.01,117.0,46.0,19.0,33.73,71.78,222.22,6.75,4.6,Rabi,Drip,Rainwater,12.05,No,53.72,North,High,84.09
Maize,Harvest,Loamy,7.58,48.72,1.45,2.11,76.0,48.5,20.0,39.0,80.97,2427.27,10.96,12.21,Kharif,Rainfed,Rainwater,6.72,Yes,73.97,Central,Low,27.2
Maize,Sowing,Clay,7.81,26.63,1.59,3.11,76.0,48.5,20.0,18.05,90.49,954.42,8.18,10.31,Zaid,Canal,Rainwater,3.13,Yes,34.54,East,Low,18.04
Cotton,Flowering,Clay,7.9,12.51,1.24,3.04,117.0,46.0,19.0,30.55,82.52,423.03,8.67,7.8,Rabi,Rainfed,Rainwater,7.51,Yes,94.87,North,Medium,112.16
Rice,Harvest,Sandy,6.12,14.71,1.4,2.25,80.0,47.0,40.0,24.66,82.24,1794.78,8.56,2.11,Rabi,Drip,Groundwater,4.14,Yes,77.43,South,Low,31.95
Maize,Flowering,Clay,7.62,18.02,0.9,0.84,76.0,48.5,20.0,40.69,33.05,37.8,9.77,15.63,Rabi,Sprinkler,Reservoir,12.92,Yes,40.05,North,High,91.05
Maize,Vegetative,Clay,7.98,37.29,0.93,2.79,76.0,48.5,20.0,26.96,59.1,1208.91,9.24,16.59,Kharif,Canal,Groundwater,11.19,Yes,37.29,Central,Low,19.5
Cotton,Flowering,Sandy,8.0,46.39,0.98,2.06,117.0,46.0,19.0,20.55,44.22,2221.58,7.39,3.85,Rabi,Canal,River,7.21,No,116.25,East,Low,62.84
Maize,Harvest,Loamy,7.1,32.15,1.18,0.59,76.0,48.5,20.0,20.74,54.84,1874.67,7.21,15.97,Zaid,Sprinkler,Groundwater,9.62,No,16.41,East,Low,5.9
Rice,Vegetative,Clay,6.04,37.12,1.24,2.83,80.0,47.0,40.0,35.26,67.34,820.46,6.74,19.56,Kharif,Sprinkler,Groundwater,6.83,No,91.09,East,Medium,73.69
Rice,Vegetative,Clay,7.99,20.2,0.76,1.15,80.0,47.0,40.0,15.86,61.21,1493.8,5.86,14.63,Zaid,Drip,Groundwater,11.98,Yes,0.3,West,Medium,0.23
Maize,Sowing,Loamy,5.74,39.45,1.04,2.72,76.0,48.5,20.0,36.69,91.85,1788.82,4.23,5.3,Kharif,Sprinkler,Groundwater,8.99,No,52.36,West,Low,29.42
Maize,Sowing,Clay,7.18,12.19,1.57,1.0,76.0,48.5,20.0,28.17,30.71,989.19,10.31,15.97,Zaid,Sprinkler,River,1.15,No,86.41,North,Medium,75.33
Rice,Harvest,Sandy,7.4,24.18,0.6,0.82,80.0,47.0,40.0,18.87,45.85,2247.0,10.51,9.26,Rabi,Rainfed,River,11.98,Yes,112.14,North,Low,42.18
Cotton,Vegetative,Clay,7.96,21.85,0.55,0.55,117.0,46.0,19.0,35.59,25.53,2354.46,8.06,11.67,Zaid,Canal,River,2.12,No,108.56,South,High,130.01
Maize,Harvest,Loamy,7.51,29.59,0.84,0.64,76.0,48.5,20.0,26.49,71.35,2278.1,10.15,2.93,Zaid,Canal,Reservoir,2.04,No,99.26,South,Low,38.63
Maize,Sowing,Loamy,7.31,54.63,0.33,2.2,76.0,48.5,20.0,23.68,57.99,1781.7,9.23,18.58,Kharif,Sprinkler,Reservoir,12.58,No,119.42,Central,Low,51.14
Rice,Vegetative,Silt,5.02,60.03,0.75,2.14,80.0,47.0,40.0,19.38,29.7,2220.35,5.76,19.76,Kharif,Drip,Groundwater,13.3,No,69.81,North,Medium,38.53
Rice,Sowing,Sandy,6.12,19.53,1.35,2.09,80.0,47.0,40.0,34.63,38.72,1061.89,9.62,6.95,Zaid,Canal,Groundwater,14.67,Yes,78.76,North,Low,51.07
Rice,Flowering,Clay,5.76,38.95,1.34,2.28,80.0,47.0,40.0,31.18,37.13,1652.99,7.3,14.44,Kharif,Canal,Reservoir,2.73,Yes,9.68,West,Medium,8.9
Rice,Sowing,Clay,5.84,44.3,0.94,2.87,80.0,47.0,40.0,18.2,60.78,588.45,10.21,8.72,Zaid,Canal,Reservoir,12.8,No,118.11,East,Low,52.94
Maize,Flowering,Silt,8.14,37.74,0.91,3.21,76.0,48.5,20.0,35.83,72.44,1877.75,5.73,1.04,Zaid,Rainfed,Reservoir,8.85,Yes,109.86,East,Low,74.63
Rice,Vegetative,Sandy,7.24,18.94,0.59,2.1,80.0,47.0,40.0,13.78,34.13,1202.36,8.98,3.28,Zaid,Canal,Rainwater,4.6,Yes,56.66,West,Medium,43.09
Cotton,Flowering,Sandy,6.08,30.87,0.31,0.51,117.0,46.0,19.0,37.58,85.09,1380.86,7.94,16.83,Rabi,Rainfed,Rainwater,12.14,Yes,87.35,West,Medium,91.38
Cotton,Vegetative,Silt,7.53,53.35,0.92,2.32,117.0,46.0,19.0,41.75,44.35,1913.39,9.01,1.16,Kharif,Rainfed,Groundwater,3.94,Yes,86.81,West,Low,43.9
Maize,Flowering,Sandy,5.41,13.05,1.13,1.55,76.0,48.5,20.0,40.99,40.94,768.77,6.13,8.42,Rabi,Canal,Groundwater,9.19,No,65.23,East,Medium,76.06
Rice,Flowering,Clay,8.02,59.76,0.8,0.53,80.0,47.0,40.0,14.82,78.69,2440.3,8.87,1.83,Kharif,Sprinkler,Rainwater,10.69,Yes,66.45,North,Low,29.47
Rice,Vegetative,Clay,7.37,11.31,1.12,0.74,80.0,47.0,40.0,30.2,91.23,106.45,4.51,9.58,Zaid,Rainfed,Rainwater,5.2,Yes,106.21,Central,High,175.43
Maize,Vegetative,Clay,6.14,38.01,0.39,1.04,76.0,48.5,20.0,21.92,75.65,2470.24,4.96,11.06,Kharif,Drip,River,6.9,No,38.73,North,Medium,27.32
Maize,Flowering,Sandy,7.32,13.56,1.28,1.81,76.0,48.5,20.0,31.49,38.34,1227.81,7.49,10.58,Kharif,Canal,River,9.72,No,15.0,Central,High,21.06
Cotton,Vegetative,Clay,5.0,31.17,0.94,2.26,117.0,46.0,19.0,20.0,32.87,2378.41,9.67,11.73,Zaid,Drip,Groundwater,2.95,No,43.42,East,Medium,31.86
Maize,Vegetative,Clay,6.41,61.52,1.53,1.75,76.0,48.5,20.0,40.7,32.34,1211.67,9.19,4.46,Kharif,Canal,Rainwater,3.26,Yes,109.25,East,Low,50.58
Rice,Flowering,Loamy,5.37,64.59,0.7,3.41,80.0,47.0,40.0,28.84,42.0,1986.5,6.54,18.88,Kharif,Canal,Groundwater,11.88,Yes,25.93,East,Low,12.56
Rice,Flowering,Silt,6.01,62.67,1.35,2.81,80.0,47.0,40.0,30.13,68.9,977.28,8.75,3.92,Zaid,Canal,Rainwater,5.6,No,88.28,West,Medium,63.22
Maize,Harvest,Loamy,6.16,8.34,1.07,1.46,76.0,48.5,20.0,35.49,85.29,491.3,5.02,4.35,Zaid,Sprinkler,Groundwater,5.81,No,114.75,West,Medium,77.59
Cotton,Sowing,Loamy,5.0,10.72,1.57,1.4,117.0,46.0,19.0,14.44,94.48,1921.0,7.61,0.74,Zaid,Sprinkler,River,5.52,Yes,27.42,South,Low,14.6
Maize,Harvest,Sandy,6.78,16.41,0.92,3.26,76.0,48.5,20.0,33.41,76.2,2275.27,9.86,0.88,Kharif,Sprinkler,Rainwater,2.18,Yes,84.45,Central,Low,37.91
Maize,Harvest,Loamy,7.81,27.89,1.31,2.43,76.0,48.5,20.0,16.95,35.22,114.32,4.75,8.86,Zaid,Canal,Reservoir,12.81,No,33.71,North,Low,17.13
Rice,Sowing,Sandy,5.32,55.31,1.3,2.21,80.0,47.0,40.0,34.21,44.44,2149.75,9.79,4.07,Zaid,Sprinkler,Rainwater,8.66,Yes,98.25,Central,Low,46.23
Rice,Flowering,Sandy,6.83,58.88,0.95,2.68,80.0,47.0,40.0,16.24,34.24,1094.66,7.17,4.63,Kharif,Rainfed,Rainwater,14.92,No,102.05,South,Low,46.32
Rice,Flowering,Loamy,7.06,18.65,1.33,2.01,80.0,47.0,40.0,36.97,33.09,722.83,9.76,19.76,Zaid,Rainfed,Reservoir,7.9,No,62.8,East,High,92.69
Cotton,Vegetative,Silt,7.18,60.29,0.46,1.19,117.0,46.0,19.0,23.58,88.47,513.81,5.12,6.79,Kharif,Sprinkler,Reservoir,12.21,No,66.06,South,Low,26.89
Rice,Vegetative,Silt,6.2,34.43,0.85,2.0,80.0,47.0,40.0,22.77,72.9,832.17,8.72,7.19,Kharif,Rainfed,Reservoir,12.31,No,99.22,South,Low,51.01
Maize,Flowering,Loamy,7.15,29.42,1.13,2.67,76.0,48.5,20.0,15.56,58.27,1842.1,8.4,2.42,Zaid,Rainfed,Rainwater,2.47,No,27.68,Central,Low,16.5
Maize,Flowering,Loamy,7.05,40.93,1.11,0.66,76.0,48.5,20.0,26.16,90.62,1717.15,4.76,11.89,Zaid,Drip,River,11.61,No,93.27,West,Medium,80.27
Cotton,Harvest,Loamy,8.13,64.66,1.22,2.2,117.0,46.0,19.0,29.58,48.28,107.58,7.5,12.81,Rabi,Canal,Groundwater,7.6,No,53.56,West,Medium,31.06
Maize,Sowing,Clay,6.23,38.98,1.56,0.7,76.0,48.5,20.0,16.49,31.52,1171.47,8.88,8.06,Zaid,Canal,Groundwater,8.68,No,100.36,Central,Low,46.38
Maize,Harvest,Silt,6.51,35.0,0.52,2.84,76.0,48.5,20.0,32.03,82.47,856.96,9.61,2.41,Rabi,Rainfed,Reservoir,13.02,No,22.9,Central,Low,8.98
Cotton,Sowing,Sandy,7.89,62.41,0.83,2.34,117.0,46.0,19.0,41.75,36.85,1941.83,10.11,15.46,Rabi,Sprinkler,Rainwater,1.56,No,48.44,South,Low,22.2
Cotton,Harvest,Sandy,7.51,54.06,0.79,0.63,117.0,46.0,19.0,20.8,77.09,153.02,7.57,5.45,Zaid,Drip,Groundwater,0.97,No,52.24,Central,Low,21.13
Maize,Sowing,Loamy,6.11,9.89,1.31,3.1,76.0,48.5,20.0,34.61,56.81,1457.54,4.16,8.89,Kharif,Rainfed,Reservoir,2.67,Yes,71.49,West,Low,46.35
Cotton,Sowing,Sandy,5.08,51.2,1.19,0.65,117.0,46.0,19.0,15.76,80.39,93.61,11.0,18.02,Zaid,Sprinkler,Groundwater,5.41,No,6.51,North,Medium,5.47
Rice,Flowering,Clay,6.43,60.65,1.51,2.34,80.0,47.0,40.0,29.45,74.15,162.57,4.63,11.38,Zaid,Drip,Reservoir,4.37,Yes,51.11,South,Medium,51.04
Rice,Vegetative,Clay,5.03,52.63,1.17,2.26,80.0,47.0,40.0,26.07,35.85,1140.87,5.14,0.86,Zaid,Rainfed,River,2.19,Yes,92.44,Central,Low,41.39
Cotton,Harvest,Silt,6.22,53.61,0.36,0.61,117.0,46.0,19.0,12.24,94.75,332.81,7.91,12.99,Rabi,Drip,Rainwater,14.88,No,106.63,East,Low,35.27
Rice,Flowering,Clay,7.78,44.58,1.08,0.6,80.0,47.0,40.0,14.03,70.39,1803.04,4.32,14.03,Rabi,Canal,River,1.71,No,15.46,South,Medium,11.44
Maize,Flowering,Sandy,6.7,40.71,0.64,2.09,76.0,48.5,20.0,28.37,71.61,1009.98,6.74,9.24,Rabi,Rainfed,Groundwater,3.63,No,113.46,Central,Low,69.99
Maize,Flowering,Silt,5.79,18.41,1.04,3.49,76.0,48.5,20.0,41.39,56.28,2491.26,7.42,7.1,Kharif,Sprinkler,Groundwater,10.88,Yes,35.22,North,Medium,41.07
Maize,Vegetative,Clay,5.84,12.56,1.11,2.1,76.0,48.5,20.0,33.18,80.07,522.6,6.27,3.12,Zaid,Drip,River,7.52,Yes,48.09,East,Medium,44.07
Cotton,Vegetative,Loamy,5.46,8.03,0.7,1.81,117.0,46.0,19.0,40.82,53.68,596.25,9.18,10.66,Rabi,Canal,River,0.4,Yes,56.37,Central,Medium,54.78
Cotton,Vegetative,Silt,5.24,42.67,0.87,0.98,117.0,46.0,19.0,31.25,63.62,1302.21,8.17,1.2,Rabi,Canal,Groundwater,8.27,Yes,7.78,West,Low,4.04
Cotton,Sowing,Silt,5.81,28.64,0.77,0.87,117.0,46.0,19.0,36.28,35.93,1940.26,7.37,18.14,Rabi,Canal,River,11.69,No,90.45,North,Low,55.58
Maize,Sowing,Sandy,6.4,29.39,0.91,0.34,76.0,48.5,20.0,32.48,78.3,1719.18,4.48,19.96,Kharif,Sprinkler,Reservoir,3.61,No,72.01,East,Low,42.47
Maize,Harvest,Loamy,5.97,62.93,0.96,0.14,76.0,48.5,20.0,33.21,49.73,1882.46,9.71,4.76,Rabi,Rainfed,Reservoir,3.4,No,36.62,South,Low,10.99
Maize,Vegetative,Silt,8.16,61.36,1.02,0.47,76.0,48.5,20.0,35.09,31.0,1243.07,4.99,16.26,Rabi,Canal,River,12.82,No,107.23,South,Medium,68.02
Rice,Vegetative,Silt,6.45,56.34,0.73,2.08,80.0,47.0,40.0,27.71,65.76,352.94,9.56,5.76,Kharif,Sprinkler,Rainwater,9.92,Yes,114.22,East,Low,58.82
Rice,Vegetative,Loamy,5.41,60.46,0.91,2.98,80.0,47.0,40.0,18.52,74.49,1355.99,8.73,13.17,Rabi,Canal,Groundwater,13.51,Yes,108.78,Central,Low,41.45
Maize,Harvest,Clay,7.21,50.3,0.58,2.4,76.0,48.5,20.0,20.12,43.36,575.17,6.42,13.42,Zaid,Rainfed,River,14.34,Yes,59.14,South,Low,17.86
Cotton,Flowering,Sandy,8.14,47.68,1.21,0.78,117.0,46.0,19.0,36.35,36.16,2163.42,5.84,6.21,Zaid,Canal,Groundwater,8.68,No,118.96,North,Medium,105.72
Cotton,Sowing,Sandy,5.13,48.83,0.66,0.26,117.0,46.0,19.0,21.37,54.88,554.75,6.09,18.9,Rabi,Drip,River,5.77,Yes,44.32,South,Low,19.66
Cotton,Vegetative,Sandy,4.93,47.77,1.31,2.52,117.0,46.0,19.0,12.27,30.14,268.68,6.17,7.16,Kharif,Canal,Reservoir,2.28,Yes,0.9,North,Medium,0.68
Rice,Harvest,Silt,5.26,52.78,0.63,1.87,80.0,47.0,40.0,38.96,85.22,846.36,10.78,12.7,Zaid,Canal,Reservoir,13.29,Yes,87.35,North,Low,30.82
Maize,Sowing,Clay,6.86,20.46,0.57,3.17,76.0,48.5,20.0,21.12,88.45,1430.63,7.77,15.45,Rabi,Canal,Reservoir,15.0,No,88.82,East,Medium,71.89
Rice,Flowering,Sandy,7.46,64.4,1.03,0.56,80.0,47.0,40.0,21.74,79.98,255.91,6.37,18.33,Rabi,Sprinkler,Reservoir,3.87,No,57.68,East,Medium,47.54
Rice,Harvest,Sandy,6.62,12.34,0.51,2.44,80.0,47.0,40.0,22.74,49.34,652.4,5.19,7.88,Rabi,Canal,Groundwater,8.99,No,85.41,West,Low,34.56
Cotton,Flowering,Silt,6.42,42.41,1.1,3.46,117.0,46.0,19.0,31.63,28.53,2472.72,6.22,18.9,Rabi,Rainfed,Rainwater,11.53,Yes,99.85,East,Medium,89.35
Rice,Vegetative,Loamy,7.84,11.86,1.24,2.1,80.0,47.0,40.0,15.99,92.32,242.04,9.07,0.83,Kharif,Drip,Reservoir,9.59,Yes,57.96,South,Medium,57.5
Rice,Vegetative,Clay,6.89,47.83,0.48,0.2,80.0,47.0,40.0,15.83,60.42,1238.54,7.01,17.93,Zaid,Rainfed,Rainwater,10.55,No,91.27,South,Medium,55.05
Cotton,Harvest,Silt,7.95,17.25,1.22,1.24,117.0,46.0,19.0,14.65,67.65,133.35,5.16,4.13,Kharif,Rainfed,Groundwater,11.06,Yes,85.47,West,Medium,63.78
Cotton,Vegetative,Clay,6.53,17.76,1.05,2.78,117.0,46.0,19.0,40.69,34.27,875.29,10.35,5.26,Kharif,Canal,Groundwater,10.49,No,109.25,South,Medium,106.16
Rice,Sowing,Sandy,8.06,21.29,0.64,0.16,80.0,47.0,40.0,33.81,54.78,226.24,4.33,2.47,Kharif,Sprinkler,River,4.57,No,45.68,Central,Medium,54.33
Maize,Flowering,Clay,5.29,51.17,0.43,0.15,76.0,48.5,20.0,38.91,29.79,95.17,6.18,0.99,Zaid,Drip,River,9.16,No,29.72,West,Medium,37.6
Cotton,Flowering,Silt,5.76,52.62,0.39,0.85,117.0,46.0,19.0,30.81,52.98,1319.98,7.11,3.14,Rabi,Sprinkler,Rainwater,7.32,Yes,57.5,North,Low,32.35
Rice,Sowing,Sandy,5.75,50.53,0.59,1.37,80.0,47.0,40.0,22.94,42.76,1336.59,8.92,18.06,Kharif,Canal,Groundwater,9.1,No,106.78,East,Low,47.33
Maize,Flowering,Silt,6.18,10.88,0.87,2.17,76.0,48.5,20.0,15.03,86.37,2451.79,4.72,9.73,Zaid,Sprinkler,Rainwater,14.48,Yes,60.36,Central,Medium,55.1
Maize,Harvest,Loamy,8.2,58.87,0.92,3.45,76.0,48.5,20.0,25.83,37.85,1094.35,8.78,8.2,Kharif,Drip,River,9.8,No,56.93,West,Low,16.66
Rice,Sowing,Loamy,6.77,39.54,1.22,0.29,80.0,47.0,40.0,29.49,80.7,1701.6,9.64,8.66,Kharif,Canal,Reservoir,5.38,No,58.34,East,Low,30.64
Maize,Vegetative,Silt,6.29,63.65,0.38,2.48,76.0,48.5,20.0,25.96,87.76,1729.54,8.02,10.41,Rabi,Drip,Reservoir,5.32,Yes,18.99,South,Low,7.53
Rice,Vegetative,Silt,6.54,35.82,0.85,2.79,80.0,47.0,40.0,39.94,34.97,1284.83,9.73,19.82,Zaid,Sprinkler,Groundwater,1.42,Yes,97.66,South,Medium,83.31
Rice,Flowering,Sandy,5.68,11.29,0.35,0.52,80.0,47.0,40.0,16.83,90.83,1018.38,5.49,10.6,Rabi,Rainfed,Groundwater,5.76,No,21.38,North,Medium,19.91
Rice,Harvest,Clay,5.83,47.85,1.52,3.01,80.0,47.0,40.0,41.51,30.88,1199.42,8.53,8.32,Rabi,Sprinkler,Rainwater,8.66,No,105.21,East,Low,39.36
Cotton,Harvest,Loamy,8.09,37.94,0.93,0.81,117.0,46.0,19.0,28.95,91.19,991.32,8.73,15.88,Kharif,Sprinkler,Rainwater,7.35,No,30.32,West,Low,11.25
Cotton,Sowing,Silt,8.01,55.58,0.88,2.29,117.0,46.0,19.0,38.15,54.68,2107.21,5.66,3.52,Rabi,Canal,River,12.42,Yes,104.06,East,Low,50.58
Rice,Vegetative,Silt,7.89,34.77,1.09,0.76,80.0,47.0,40.0,22.38,35.91,217.84,4.48,14.38,Zaid,Sprinkler,Rainwater,0.56,No,4.91,Central,Medium,4.71
Cotton,Flowering,Silt,4.82,12.37,1.52,2.26,117.0,46.0,19.0,30.58,67.98,1695.23,5.43,13.05,Kharif,Drip,Reservoir,1.9,No,18.91,North,High,26.32
Cotton,Flowering,Clay,7.56,48.24,0.85,0.25,117.0,46.0,19.0,25.47,28.3,1486.18,10.97,10.43,Rabi,Sprinkler,Reservoir,5.6,No,63.98,Central,Medium,51.02
Rice,Sowing,Silt,8.02,30.44,1.35,3.48,80.0,47.0,40.0,18.08,66.6,1580.55,5.64,3.18,Zaid,Rainfed,River,9.62,No,70.87,West,Low,35.89
Rice,Sowing,Clay,8.07,49.03,0.64,1.2,80.0,47.0,40.0,27.73,82.86,1919.18,8.22,4.91,Zaid,Sprinkler,River,8.18,No,73.77,West,Low,34.82
Maize,Vegetative,Clay,4.85,30.52,1.18,0.97,76.0,48.5,20.0,39.81,30.4,1096.72,8.58,5.07,Rabi,Canal,Groundwater,2.48,No,91.13,South,Medium,81.25
Maize,Sowing,Silt,6.33,20.98,0.6,0.16,76.0,48.5,20.0,19.92,82.97,2176.63,7.51,6.82,Kharif,Canal,Rainwater,14.69,Yes,63.68,South,Low,35.48
Maize,Sowing,Silt,7.29,8.69,1.18,2.17,76.0,48.5,20.0,21.54,82.44,2224.15,5.77,16.3,Rabi,Sprinkler,Reservoir,1.59,No,10.11,Central,Medium,8.25
Rice,Sowing,Silt,6.63,60.34,1.38,2.77,80.0,47.0,40.0,38.41,58.21,768.53,9.48,16.4,Kharif,Sprinkler,River,10.63,Yes,1.39,Central,Low,0.64
Cotton,Sowing,Loamy,5.38,42.07,0.43,1.65,117.0,46.0,19.0,12.71,35.33,1922.28,7.89,11.06,Rabi,Rainfed,Rainwater,4.14,Yes,96.13,West,Low,42.49
Cotton,Vegetative,Sandy,7.7,30.71,0.73,2.73,117.0,46.0,19.0,29.7,86.8,469.3,9.94,5.47,Rabi,Canal,Reservoir,8.39,No,46.34,South,Low,27.84
Maize,Sowing,Clay,6.55,56.06,1.26,1.79,76.0,48.5,20.0,39.1,84.15,1390.51,5.99,13.33,Kharif,Rainfed,Rainwater,7.08,Yes,35.48,East,Low,17.3
Maize,Harvest,Loamy,6.88,57.11,1.58,0.6,76.0,48.5,20.0,33.88,40.52,282.21,5.55,18.93,Zaid,Canal,Reservoir,10.81,No,99.38,West,Medium,57.12
Cotton,Flowering,Loamy,6.06,33.72,0.68,0.26,117.0,46.0,19.0,31.57,54.57,270.03,9.22,10.88,Rabi,Sprinkler,Groundwater,8.8,Yes,98.59,East,Medium,120.21
Rice,Harvest,Clay,5.38,30.89,1.41,3.14,80.0,47.0,40.0,24.42,86.07,1033.0,10.13,7.58,Kharif,Rainfed,River,8.33,No,33.6,North,Low,12.67
Maize,Vegetative,Silt,5.98,43.59,1.33,2.61,76.0,48.5,20.0,32.68,43.34,979.75,9.51,9.93,Zaid,Drip,Reservoir,0.9,Yes,12.58,South,Low,6.56
Rice,Harvest,Loamy,6.27,46.72,0.84,2.21,80.0,47.0,40.0,36.88,47.93,2128.64,7.44,9.98,Zaid,Drip,River,4.39,No,48.83,East,Low,17.97
Rice,Sowing,Sandy,6.45,10.31,0.37,0.84,80.0,47.0,40.0,25.25,44.5,2013.75,4.93,17.02,Rabi,Drip,Reservoir,14.73,No,110.24,Central,Medium,93.39
Rice,Flowering,Silt,7.5,45.4,1.58,3.25,80.0,47.0,40.0,16.88,87.52,1888.2,7.2,16.5,Kharif,Drip,Rainwater,6.35,No,44.23,North,Medium,33.16
Rice,Vegetative,Loamy,7.55,55.31,1.2,3.49,80.0,47.0,40.0,32.0,92.92,1830.48,4.88,10.23,Kharif,Canal,Reservoir,1.3,No,87.52,West,Medium,57.64
Cotton,Sowing,Sandy,5.61,19.43,0.54,1.41,117.0,46.0,19.0,21.54,45.15,1487.11,5.83,4.82,Kharif,Sprinkler,Rainwater,5.01,Yes,72.67,East,Low,41.5
Cotton,Sowing,Silt,5.56,58.67,0.34,3.0,117.0,46.0,19.0,16.19,82.06,1684.86,9.25,0.52,Rabi,Rainfed,River,2.71,Yes,6.18,West,Low,2.34
Rice,Harvest,Loamy,6.52,26.37,1.42,3.03,80.0,47.0,40.0,35.83,72.49,1792.33,4.34,7.41,Rabi,Sprinkler,Groundwater,4.01,No,57.92,South,Low,25.28
Cotton,Vegetative,Silt,5.69,8.76,0.82,0.89,117.0,46.0,19.0,21.72,43.42,2278.41,10.89,0.85,Kharif,Rainfed,Rainwater,9.9,No,97.45,North,Medium,79.64
Cotton,Vegetative,Sandy,4.83,56.07,0.64,0.42,117.0,46.0,19.0,12.66,47.29,1587.86,5.92,1.29,Rabi,Sprinkler,River,0.94,No,106.03,South,Low,40.78
Cotton,Vegetative,Sandy,7.0,61.68,1.03,3.42,117.0,46.0,19.0,29.14,59.2,688.92,6.24,1.07,Rabi,Sprinkler,Rainwater,5.91,No,52.05,West,Low,21.78
Maize,Flowering,Silt,6.54,45.37,0.85,1.55,76.0,48.5,20.0,19.4,80.42,207.54,5.74,17.66,Zaid,Drip,Reservoir,0.37,No,68.61,South,Medium,70.07
Maize,Sowing,Clay,6.31,21.19,1.15,0.11,76.0,48.5,20.0,37.24,86.06,1080.21,8.22,3.3,Rabi,Sprinkler,River,6.39,Yes,103.84,West,Low,68.31
Cotton,Vegetative,Sandy,6.74,34.6,1.21,2.21,117.0,46.0,19.0,25.04,75.51,704.75,4.65,10.06,Zaid,Sprinkler,River,12.53,No,72.25,East,Medium,54.22
Cotton,Sowing,Clay,5.27,16.53,0.55,3.31,117.0,46.0,19.0,32.69,76.88,2496.86,8.65,2.88,Zaid,Rainfed,Groundwater,2.62,Yes,94.93,West,Low,60.47
Maize,Vegetative,Clay,6.74,55.08,0.73,3.21,76.0,48.5,20.0,28.46,67.35,1047.19,6.31,18.24,Zaid,Drip,Groundwater,9.14,Yes,10.54,West,Low,4.71
Rice,Flowering,Silt,7.75,24.6,0.87,3.3,80.0,47.0,40.0,35.73,40.6,540.79,7.06,5.01,Zaid,Sprinkler,River,3.99,No,9.33,South,Medium,10.11
Cotton,Sowing,Silt,6.78,54.09,1.55,0.21,117.0,46.0,19.0,25.76,91.51,411.39,10.65,18.88,Zaid,Rainfed,River,7.81,No,49.88,South,Low,24.49
Maize,Vegetative,Silt,6.06,32.37,0.8,0.87,76.0,48.5,20.0,18.46,80.61,2049.01,4.49,0.55,Rabi,Sprinkler,Rainwater,3.93,No,110.7,East,Low,55.37
Maize,Harvest,Silt,5.11,28.81,1.15,0.74,76.0,48.5,20.0,41.97,61.79,1533.3,7.09,19.45,Zaid,Sprinkler,Groundwater,11.93,No,113.85,East,Low,50.54
Maize,Vegetative,Loamy,6.36,53.73,0.84,2.82,76.0,48.5,20.0,24.16,90.31,1367.96,5.15,9.93,Rabi,Rainfed,Rainwater,7.76,Yes,118.65,Central,Low,51.54
Rice,Flowering,Silt,6.14,38.18,1.54,1.52,80.0,47.0,40.0,30.61,34.89,2378.6,5.01,17.64,Rabi,Sprinkler,Groundwater,11.72,Yes,60.66,South,Medium,55.88
Maize,Sowing,Clay,8.06,56.15,0.38,0.57,76.0,48.5,20.0,20.65,44.67,1046.47,10.13,1.5,Kharif,Rainfed,Reservoir,12.49,No,111.45,West,Low,45.52
Cotton,Vegetative,Sandy,5.64,19.16,1.2,0.7,117.0,46.0,19.0,20.38,58.08,960.54,6.54,10.4,Kharif,Drip,Reservoir,1.87,Yes,48.81,South,Medium,39.34
Cotton,Sowing,Silt,5.98,61.14,1.22,1.72,117.0,46.0,19.0,18.75,82.41,2373.73,10.54,5.46,Kharif,Rainfed,Groundwater,14.58,No,35.18,Central,Low,13.33
Maize,Sowing,Silt,6.31,24.23,1.49,3.3,76.0,48.5,20.0,14.01,89.68,1916.48,9.94,13.83,Zaid,Sprinkler,Reservoir,14.56,Yes,113.16,North,Low,58.28
Cotton,Harvest,Silt,5.89,26.11,0.85,2.34,117.0,46.0,19.0,14.91,77.96,368.18,7.71,9.08,Rabi,Canal,Groundwater,5.49,No,92.26,West,Low,38.03
Cotton,Flowering,Clay,7.14,50.63,0.34,0.69,117.0,46.0,19.0,38.97,37.35,1577.41,6.65,1.28,Zaid,Drip,Reservoir,2.28,Yes,11.37,North,Low,7.03
Cotton,Harvest,Silt,5.73,39.74,0.84,1.53,117.0,46.0,19.0,24.82,27.68,1491.38,6.54,14.19,Zaid,Drip,Reservoir,13.33,Yes,28.17,East,Low,9.87
Cotton,Vegetative,Sandy,4.98,25.52,0.8,2.14,117.0,46.0,19.0,36.52,48.72,1748.03,5.69,17.02,Rabi,Drip,Rainwater,2.62,No,60.07,South,Medium,54.2
Rice,Harvest,Clay,4.97,47.44,1.08,1.0,80.0,47.0,40.0,37.14,75.95,139.07,9.02,2.88,Kharif,Drip,Rainwater,14.25,No,56.68,South,Medium,41.4
Maize,Vegetative,Sandy,6.0,16.63,0.84,0.43,76.0,48.5,20.0,20.14,52.46,246.55,8.45,12.41,Rabi,Rainfed,Groundwater,11.13,No,85.4,West,High,114.74
Rice,Harvest,Loamy,5.87,30.83,1.51,2.01,80.0,47.0,40.0,28.8,52.57,945.51,10.59,13.32,Zaid,Sprinkler,River,9.84,Yes,112.87,East,Low,44.47
Rice,Flowering,Silt,6.47,35.52,1.04,2.22,80.0,47.0,40.0,24.54,66.32,1989.28,7.2,12.52,Rabi,Rainfed,Rainwater,1.21,No,65.25,West,Medium,58.0
Maize,Harvest,Loamy,5.89,28.27,1.47,0.8,76.0,48.5,20.0,27.27,87.5,1768.45,6.91,17.77,Zaid,Drip,River,0.9,No,99.32,South,Low,39.38
Rice,Sowing,Loamy,5.85,47.13,1.53,2.19,80.0,47.0,40.0,41.15,67.32,1996.15,9.04,3.86,Rabi,Rainfed,Reservoir,12.64,Yes,3.71,South,Low,2.0
Cotton,Sowing,Loamy,8.11,20.3,1.46,2.3,117.0,46.0,19.0,13.75,60.35,1152.12,6.51,18.33,Zaid,Canal,Rainwater,8.23,No,16.81,Central,Medium,12.75
Rice,Sowing,Sandy,6.76,40.22,0.48,2.46,80.0,47.0,40.0,16.67,61.68,1962.96,6.93,7.04,Rabi,Canal,Rainwater,10.39,Yes,93.03,Central,Low,42.6
Rice,Harvest,Sandy,7.12,57.28,0.75,0.34,80.0,47.0,40.0,13.86,94.75,95.0,5.98,12.21,Rabi,Sprinkler,Reservoir,3.95,No,0.24,East,Medium,0.13
Maize,Harvest,Silt,7.23,24.27,1.11,0.66,76.0,48.5,20.0,19.54,28.43,738.0,7.54,14.86,Rabi,Drip,River,6.99,Yes,83.56,South,Low,31.63
Rice,Harvest,Silt,5.02,49.31,0.87,0.68,80.0,47.0,40.0,26.21,38.36,227.76,6.58,0.74,Zaid,Sprinkler,Rainwater,10.41,No,39.92,North,Low,16.91
Cotton,Vegetative,Silt,7.31,11.44,0.66,3.37,117.0,46.0,19.0,18.93,73.86,2496.98,8.83,19.3,Rabi,Drip,Rainwater,14.41,Yes,33.41,East,Medium,26.52
Maize,Harvest,Silt,5.52,53.46,0.58,0.41,76.0,48.5,20.0,16.04,67.22,2346.67,4.09,9.66,Zaid,Rainfed,Rainwater,5.36,Yes,52.45,East,Low,14.68
Rice,Sowing,Clay,7.67,9.31,1.08,3.33,80.0,47.0,40.0,13.82,77.64,1065.22,8.51,1.06,Rabi,Rainfed,River,5.45,No,22.97,West,Low,12.23
Rice,Vegetative,Sandy,6.37,57.15,0.91,2.98,80.0,47.0,40.0,40.83,70.25,2232.82,4.86,4.91,Zaid,Sprinkler,Reservoir,1.1,Yes,29.32,West,Low,14.24
Cotton,Sowing,Silt,5.54,16.99,0.74,3.01,117.0,46.0,19.0,32.79,86.23,2237.95,8.0,19.74,Rabi,Drip,Groundwater,13.12,Yes,94.38,North,Medium,85.96
Maize,Vegetative,Sandy,5.25,37.31,0.79,2.32,76.0,48.5,20.0,16.55,76.31,360.91,8.75,6.91,Zaid,Drip,Groundwater,12.39,No,79.75,North,Low,43.74
Maize,Harvest,Silt,5.05,34.08,1.56,2.58,76.0,48.5,20.0,22.96,68.37,2298.27,10.39,13.52,Rabi,Rainfed,Groundwater,14.94,No,75.13,South,Low,27.17
Cotton,Vegetative,Clay,5.48,27.42,0.6,3.43,117.0,46.0,19.0,41.54,28.12,2246.3,9.3,13.65,Rabi,Sprinkler,Reservoir,7.62,No,110.59,Central,Medium,101.33
Rice,Sowing,Clay,6.65,32.97,0.31,2.05,80.0,47.0,40.0,31.72,84.84,1941.87,10.06,2.64,Rabi,Rainfed,Groundwater,4.89,Yes,88.2,North,Low,50.12
Rice,Flowering,Loamy,5.23,28.46,1.59,2.45,80.0,47.0,40.0,12.66,37.63,1290.39,4.48,19.72,Kharif,Rainfed,Rainwater,2.57,No,112.23,South,Medium,95.76
Maize,Sowing,Loamy,5.79,40.27,1.28,0.81,76.0,48.5,20.0,12.56,70.05,803.09,4.81,15.13,Rabi,Canal,Groundwater,8.14,Yes,66.91,North,Low,30.07
Rice,Sowing,Loamy,5.53,64.35,0.83,2.1,80.0,47.0,40.0,17.03,91.41,1351.64,5.78,5.59,Zaid,Rainfed,Groundwater,1.55,No,109.0,South,Low,39.09
Rice,Harvest,Loamy,6.05,57.39,1.39,2.22,80.0,47.0,40.0,24.53,46.25,1476.46,4.59,7.5,Zaid,Rainfed,River,1.01,No,36.0,Central,Low,10.57
Rice,Vegetative,Silt,6.13,9.24,1.47,2.09,80.0,47.0,40.0,27.91,88.08,1655.19,9.16,13.75,Rabi,Rainfed,Groundwater,5.22,No,16.39,North,Medium,14.25
Rice,Harvest,Clay,8.12,46.73,0.51,1.25,80.0,47.0,40.0,21.5,68.91,2017.12,5.68,8.88,Zaid,Sprinkler,River,4.13,No,74.01,West,Low,23.49
Cotton,Sowing,Sandy,5.62,54.6,0.53,1.77,117.0,46.0,19.0,18.7,87.35,423.46,7.75,2.94,Kharif,Drip,Groundwater,6.63,No,95.25,South,Low,42.77
Cotton,Sowing,Silt,5.71,55.2,1.29,3.0,117.0,46.0,19.0,21.18,83.91,2115.66,4.26,6.96,Rabi,Rainfed,River,6.83,Yes,25.99,Central,Low,10.78
Maize,Sowing,Clay,6.52,44.4,1.39,1.82,76.0,48.5,20.0,34.09,27.63,1390.37,5.38,0.65,Rabi,Rainfed,Reservoir,7.15,No,41.75,South,Low,21.88
Rice,Sowing,Silt,7.44,59.2,0.42,1.89,80.0,47.0,40.0,18.17,69.74,1138.29,6.51,10.86,Zaid,Rainfed,Reservoir,12.48,No,76.83,Central,Low,29.57
Cotton,Sowing,Sandy,7.72,43.9,1.03,0.79,117.0,46.0,19.0,20.98,53.23,1905.4,5.28,14.08,Zaid,Sprinkler,Reservoir,12.28,No,15.42,East,Low,7.14
Cotton,Sowing,Sandy,7.14,11.12,0.49,2.62,117.0,46.0,19.0,39.59,83.17,777.41,9.92,18.43,Rabi,Canal,Rainwater,9.67,No,103.48,East,Medium,100.2
Cotton,Sowing,Clay,5.01,42.98,1.41,0.47,117.0,46.0,19.0,13.9,35.27,768.33,6.65,16.15,Rabi,Rainfed,Groundwater,8.33,No,40.71,Central,Low,17.84
Maize,Flowering,Clay,4.83,36.99,0.85,2.86,76.0,48.5,20.0,13.54,93.69,1419.36,9.8,19.25,Zaid,Drip,Groundwater,9.77,No,4.89,East,Medium,3.88
Rice,Sowing,Sandy,5.92,49.95,0.42,1.0,80.0,47.0,40.0,28.4,36.25,1639.17,9.1,5.58,Kharif,Canal,Reservoir,11.42,No,57.45,East,Low,27.04
Maize,Harvest,Sandy,6.32,43.0,0.42,2.12,76.0,48.5,20.0,15.36,37.61,2200.49,9.79,12.43,Zaid,Canal,Groundwater,3.85,Yes,53.48,Central,Low,16.47
Maize,Flowering,Loamy,8.16,54.46,1.52,3.06,76.0,48.5,20.0,33.79,28.34,1143.04,4.16,19.54,Rabi,Drip,Groundwater,2.58,Yes,81.97,West,Medium,66.45
Cotton,Flowering,Clay,5.57,56.65,0.97,0.47,117.0,46.0,19.0,27.84,45.39,98.04,5.0,15.53,Kharif,Rainfed,River,5.94,No,103.28,Central,Medium,111.2
Maize,Harvest,Silt,7.05,12.4,0.9,0.81,76.0,48.5,20.0,23.58,85.25,2259.77,9.32,14.05,Rabi,Rainfed,Groundwater,3.04,Yes,9.48,East,Low,3.87
Maize,Flowering,Sandy,7.91,47.17,1.2,0.56,76.0,48.5,20.0,35.17,70.01,2268.49,6.61,4.1,Rabi,Rainfed,River,3.8,No,9.83,East,Medium,8.69
Cotton,Flowering,Sandy,6.73,39.5,1.44,0.35,117.0,46.0,19.0,40.41,62.42,2389.33,8.23,6.95,Rabi,Rainfed,Groundwater,11.11,Yes,66.22,South,Low,45.95
Cotton,Sowing,Loamy,5.73,31.22,0.86,1.74,117.0,46.0,19.0,40.83,59.62,266.06,8.4,16.37,Rabi,Sprinkler,Rainwater,11.79,Yes,65.49,Central,Medium,73.59
Cotton,Sowing,Silt,7.82,9.51,0.66,1.62,117.0,46.0,19.0,13.17,80.39,2216.44,10.01,11.09,Zaid,Rainfed,Reservoir,10.07,Yes,35.01,South,Low,18.64
Cotton,Sowing,Silt,6.51,51.65,1.27,2.89,117.0,46.0,19.0,34.53,29.43,1708.01,8.77,10.55,Kharif,Drip,River,8.88,Yes,116.71,North,Low,57.2
Cotton,Harvest,Clay,5.9,29.61,0.36,0.32,117.0,46.0,19.0,19.01,38.31,1890.95,5.12,6.82,Rabi,Canal,Rainwater,12.78,Yes,3.09,North,Low,1.11
Cotton,Vegetative,Sandy,5.25,24.64,0.86,0.26,117.0,46.0,19.0,35.67,46.32,1417.61,5.15,6.93,Zaid,Rainfed,River,5.43,Yes,107.0,East,Medium,96.49
Maize,Vegetative,Clay,7.75,58.96,1.09,2.1,76.0,48.5,20.0,38.55,55.83,1739.87,8.12,8.49,Zaid,Sprinkler,Groundwater,9.48,Yes,1.94,East,Low,0.91
Maize,Flowering,Loamy,5.16,34.51,0.56,1.82,76.0,48.5,20.0,19.57,70.77,1948.84,5.92,19.65,Rabi,Sprinkler,Reservoir,2.43,No,30.98,Central,Medium,26.39
Maize,Sowing,Silt,7.55,11.25,1.55,1.96,76.0,48.5,20.0,36.88,86.61,2118.82,7.23,3.06,Kharif,Sprinkler,Groundwater,5.18,No,115.85,Central,Medium,109.52
Rice,Sowing,Silt,5.19,34.44,0.81,1.75,80.0,47.0,40.0,12.31,86.07,2076.86,9.98,18.38,Kharif,Drip,Groundwater,6.97,Yes,20.68,South,Low,9.79
Cotton,Flowering,Clay,6.36,56.34,0.82,0.47,117.0,46.0,19.0,27.54,69.82,1416.4,7.15,11.2,Rabi,Canal,Groundwater,2.42,No,64.04,East,Medium,47.97
Cotton,Sowing,Loamy,6.6,38.49,1.42,2.02,117.0,46.0,19.0,13.26,67.52,849.37,6.76,17.05,Zaid,Drip,Rainwater,12.62,No,13.46,West,Low,6.15
Cotton,Harvest,Clay,4.92,15.44,0.38,2.57,117.0,46.0,19.0,24.48,58.32,740.37,8.18,8.23,Zaid,Sprinkler,Reservoir,10.72,Yes,21.15,West,Low,8.71
Rice,Vegetative,Loamy,6.28,38.06,0.46,1.62,80.0,47.0,40.0,23.66,46.71,358.97,9.73,16.92,Kharif,Sprinkler,Reservoir,11.68,Yes,94.0,South,Low,55.28
Cotton,Flowering,Loamy,5.8,37.33,1.12,0.99,117.0,46.0,19.0,15.35,63.37,1418.79,5.21,2.58,Kharif,Drip,Reservoir,11.73,No,46.21,Central,Low,25.68
Cotton,Sowing,Sandy,6.65,12.99,0.58,3.19,117.0,46.0,19.0,15.42,27.26,1562.29,8.77,2.34,Zaid,Canal,Reservoir,13.06,Yes,11.12,North,Low,5.95
Maize,Vegetative,Clay,5.36,23.02,1.06,0.89,76.0,48.5,20.0,36.43,29.33,2196.68,7.56,2.57,Kharif,Rainfed,Rainwater,10.49,No,62.69,South,Medium,57.66
Maize,Sowing,Silt,5.29,24.21,1.18,2.38,76.0,48.5,20.0,17.86,26.24,856.82,7.53,18.45,Rabi,Canal,Groundwater,14.01,No,36.19,Central,Medium,27.48
Maize,Sowing,Clay,7.78,45.27,1.13,1.19,76.0,48.5,20.0,31.24,72.59,1574.41,9.13,12.44,Rabi,Rainfed,Reservoir,2.31,No,74.39,West,Low,37.66
Rice,Sowing,Sandy,6.6,38.48,0.95,0.24,80.0,47.0,40.0,21.47,30.08,1547.16,4.12,4.37,Zaid,Canal,Reservoir,14.98,Yes,1.55,West,Low,0.76
Cotton,Vegetative,Loamy,6.39,41.99,0.98,0.69,117.0,46.0,19.0,26.29,70.93,226.54,5.22,18.16,Rabi,Sprinkler,Groundwater,9.65,No,36.55,Central,Medium,33.95
Maize,Sowing,Loamy,7.01,25.1,1.2,0.7,76.0,48.5,20.0,16.14,71.38,1236.01,5.37,11.16,Rabi,Rainfed,Rainwater,4.49,No,97.59,Central,Low,50.55
Cotton,Flowering,Silt,5.06,46.23,0.57,1.48,117.0,46.0,19.0,13.8,53.81,725.79,6.03,3.97,Rabi,Drip,Reservoir,12.92,Yes,33.78,East,Low,17.23
Rice,Harvest,Silt,4.97,21.89,1.5,1.62,80.0,47.0,40.0,40.8,30.74,1934.07,6.63,19.44,Zaid,Canal,Groundwater,13.89,Yes,92.35,East,Medium,61.91
Cotton,Vegetative,Loamy,5.68,9.27,1.29,3.25,117.0,46.0,19.0,18.61,47.75,1275.58,7.46,18.65,Kharif,Rainfed,Reservoir,9.98,Yes,29.08,North,Medium,23.0
Cotton,Flowering,Clay,5.26,54.1,1.02,1.12,117.0,46.0,19.0,21.92,74.4,2182.14,7.92,10.32,Rabi,Drip,Groundwater,2.73,Yes,93.05,West,Low,47.22
Maize,Flowering,Silt,6.88,11.58,1.46,2.09,76.0,48.5,20.0,23.67,48.3,1182.21,8.11,1.95,Rabi,Rainfed,River,8.61,Yes,93.52,North,Medium,93.57
Maize,Vegetative,Silt,7.22,53.87,1.34,2.8,76.0,48.5,20.0,41.25,53.84,2130.48,5.95,19.06,Rabi,Canal,Groundwater,10.24,No,61.34,Central,Medium,44.08
Maize,Flowering,Loamy,7.3,59.11,0.72,0.12,76.0,48.5,20.0,36.66,91.24,631.79,10.76,4.15,Kharif,Rainfed,Groundwater,2.23,No,40.02,South,Medium,31.68
Maize,Harvest,Clay,5.7,53.49,0.71,2.84,76.0,48.5,20.0,27.5,61.14,1629.29,4.09,18.05,Kharif,Rainfed,Groundwater,1.81,Yes,117.18,Central,Low,36.92
Maize,Flowering,Clay,5.75,20.18,0.72,3.42,76.0,48.5,20.0,15.27,29.53,502.35,7.18,0.76,Kharif,Drip,Reservoir,7.36,No,59.47,East,Medium,55.62
Maize,Flowering,Loamy,4.88,21.3,0.95,3.29,76.0,48.5,20.0,16.51,51.41,1326.59,4.68,1.27,Kharif,Sprinkler,Reservoir,2.26,No,43.85,East,Medium,40.28
Rice,Flowering,Clay,7.64,16.79,0.78,2.31,80.0,47.0,40.0,37.71,86.05,1911.35,6.54,5.34,Rabi,Canal,River,3.86,Yes,115.58,West,Medium,132.09
Maize,Vegetative,Clay,8.11,33.83,1.26,3.13,76.0,48.5,20.0,12.4,48.12,1367.19,9.09,4.88,Kharif,Rainfed,Rainwater,3.96,No,32.64,West,Low,15.53
Maize,Harvest,Loamy,8.12,57.81,1.08,2.77,76.0,48.5,20.0,40.18,46.58,2233.51,4.03,16.96,Rabi,Sprinkler,Groundwater,9.3,No,111.27,Central,Low,37.57
Cotton,Flowering,Clay,7.0,17.52,0.33,0.54,117.0,46.0,19.0,13.61,93.58,1101.92,10.21,16.29,Kharif,Canal,Reservoir,6.18,Yes,49.02,South,Medium,44.74
Cotton,Sowing,Loamy,5.24,40.81,0.44,1.67,117.0,46.0,19.0,31.25,64.6,903.55,6.67,17.32,Rabi,Rainfed,Rainwater,4.41,Yes,18.21,Central,Low,9.61
Rice,Vegetative,Loamy,8.14,45.63,0.39,1.1,80.0,47.0,40.0,15.8,74.91,1589.75,6.72,11.86,Zaid,Canal,Rainwater,3.9,Yes,92.8,South,Low,40.01
Maize,Vegetative,Loamy,4.94,61.71,0.43,2.24,76.0,48.5,20.0,25.07,60.05,455.38,7.09,12.4,Zaid,Canal,Groundwater,2.07,No,87.0,West,Medium,53.53
Rice,Sowing,Silt,7.61,19.76,0.45,0.98,80.0,47.0,40.0,28.16,80.78,345.9,5.24,7.16,Rabi,Drip,Groundwater,11.21,Yes,109.99,West,Low,79.44
Maize,Harvest,Loamy,6.36,14.31,1.14,2.86,76.0,48.5,20.0,40.12,74.92,1896.35,10.44,11.44,Zaid,Drip,Reservoir,11.18,Yes,85.76,West,Medium,58.34
Maize,Sowing,Clay,6.39,30.6,0.71,1.66,76.0,48.5,20.0,41.13,33.83,19.07,7.52,2.86,Rabi,Sprinkler,Groundwater,7.45,Yes,89.56,West,Low,84.99
Maize,Vegetative,Silt,7.96,14.34,0.42,2.58,76.0,48.5,20.0,38.34,36.08,2111.33,9.39,15.28,Kharif,Drip,River,3.13,Yes,44.09,East,Medium,42.23
Rice,Sowing,Sandy,5.86,45.44,1.49,0.44,80.0,47.0,40.0,34.31,31.13,179.71,6.3,9.13,Kharif,Rainfed,River,8.0,Yes,62.69,West,Low,44.15
Rice,Sowing,Silt,6.59,42.78,1.32,1.44,80.0,47.0,40.0,33.0,33.58,1895.3,5.19,14.12,Kharif,Drip,Rainwater,10.96,No,75.32,Central,Low,39.68
Rice,Vegetative,Silt,6.02,14.51,1.45,1.11,80.0,47.0,40.0,20.55,58.46,2110.08,9.23,19.09,Rabi,Sprinkler,Rainwater,4.93,Yes,111.25,North,Medium,89.82
Rice,Harvest,Silt,6.42,24.59,0.88,2.14,80.0,47.0,40.0,33.94,82.51,1939.83,7.08,7.78,Zaid,Rainfed,Groundwater,6.21,Yes,26.49,North,Low,11.53
Rice,Flowering,Sandy,6.01,15.38,0.49,1.33,80.0,47.0,40.0,30.78,33.28,842.09,9.0,0.5,Zaid,Rainfed,Groundwater,12.22,Yes,101.44,West,Medium,108.81
Cotton,Harvest,Clay,7.12,56.05,1.39,2.5,117.0,46.0,19.0,29.55,47.22,2171.74,10.23,9.8,Rabi,Rainfed,Reservoir,6.76,Yes,100.62,East,Low,31.48
Cotton,Harvest,Silt,7.05,50.57,0.66,1.84,117.0,46.0,19.0,31.58,36.15,972.12,6.38,18.1,Kharif,Rainfed,River,13.08,Yes,15.47,East,Low,5.22
Maize,Flowering,Loamy,7.23,19.49,0.37,3.23,76.0,48.5,20.0,35.24,29.38,1250.06,5.59,13.47,Kharif,Drip,Reservoir,6.63,No,44.19,West,High,64.22
Rice,Harvest,Sandy,5.71,27.45,0.46,0.41,80.0,47.0,40.0,34.45,92.25,1531.15,8.55,14.21,Rabi,Sprinkler,River,3.0,Yes,66.91,Central,Low,28.58
Cotton,Flowering,Silt,5.87,63.1,1.09,2.44,117.0,46.0,19.0,15.16,85.09,177.45,10.98,15.95,Rabi,Drip,Reservoir,2.62,No,88.4,South,Medium,73.28
Rice,Vegetative,Silt,5.23,41.87,1.09,2.39,80.0,47.0,40.0,22.89,86.55,1492.91,9.11,18.21,Zaid,Rainfed,River,11.89,No,107.71,West,Medium,74.11
Rice,Sowing,Loamy,7.03,53.67,0.64,3.33,80.0,47.0,40.0,19.92,85.81,1443.54,9.57,2.93,Zaid,Drip,Reservoir,8.25,Yes,116.34,East,Low,48.4
Maize,Harvest,Clay,7.76,52.68,1.5,0.69,76.0,48.5,20.0,34.87,75.95,605.47,8.58,15.63,Zaid,Canal,Reservoir,8.22,Yes,92.2,East,Low,31.4
Rice,Vegetative,Loamy,7.08,49.93,0.7,0.64,80.0,47.0,40.0,31.81,43.05,869.73,10.44,4.12,Rabi,Sprinkler,Rainwater,4.25,Yes,22.81,East,Low,11.09
Maize,Flowering,Silt,7.59,23.39,0.92,1.03,76.0,48.5,20.0,39.73,70.67,159.46,4.42,17.76,Rabi,Drip,Groundwater,2.34,No,2.28,North,High,4.62
Cotton,Harvest,Loamy,5.63,28.11,0.32,0.44,117.0,46.0,19.0,30.53,36.48,1848.32,8.42,2.31,Kharif,Drip,Reservoir,8.29,Yes,45.43,East,Low,18.61
Maize,Flowering,Sandy,7.78,39.14,0.44,1.15,76.0,48.5,20.0,18.67,34.12,1313.57,4.67,14.36,Rabi,Sprinkler,Groundwater,8.88,Yes,91.82,Central,Low,52.06
Rice,Vegetative,Silt,5.63,48.05,0.46,0.94,80.0,47.0,40.0,29.43,42.99,1414.95,5.63,3.01,Kharif,Drip,Rainwater,9.11,Yes,23.44,South,Low,11.35
Cotton,Vegetative,Clay,5.45,32.81,1.25,0.11,117.0,46.0,19.0,19.48,80.68,1256.83,8.64,1.28,Kharif,Canal,Groundwater,14.6,No,23.07,Central,Low,11.62
Maize,Harvest,Silt,5.15,32.4,1.38,2.14,76.0,48.5,20.0,17.77,72.39,1775.89,4.46,17.63,Zaid,Rainfed,Reservoir,9.39,No,37.12,West,Low,12.9
Maize,Vegetative,Loamy,7.38,49.67,0.8,0.11,76.0,48.5,20.0,38.28,25.43,1352.18,6.77,17.94,Kharif,Canal,Rainwater,2.08,No,100.96,South,Medium,74.58
Maize,Sowing,Loamy,7.67,26.46,0.49,3.24,76.0,48.5,20.0,23.19,59.67,2383.31,7.16,10.47,Rabi,Drip,Reservoir,14.35,No,9.9,East,Low,5.46
Cotton,Flowering,Clay,6.66,58.38,1.33,2.79,117.0,46.0,19.0,19.6,30.06,1317.26,5.88,12.63,Kharif,Rainfed,Groundwater,13.0,No,78.2,South,Medium,52.87
Rice,Flowering,Clay,5.11,14.18,1.22,2.95,80.0,47.0,40.0,20.92,82.98,1852.23,8.49,2.72,Kharif,Drip,River,3.43,Yes,99.15,North,Medium,96.44
Rice,Harvest,Sandy,5.43,63.72,0.88,2.14,80.0,47.0,40.0,33.17,41.05,937.31,10.18,4.36,Kharif,Sprinkler,Rainwater,11.7,Yes,0.38,West,Low,0.11
Cotton,Sowing,Loamy,5.43,31.21,1.01,0.97,117.0,46.0,19.0,15.35,81.31,1572.21,10.19,11.33,Zaid,Rainfed,Reservoir,1.59,No,41.61,North,Low,20.32
Maize,Sowing,Loamy,4.99,9.49,1.58,2.85,76.0,48.5,20.0,16.98,86.08,2432.61,10.81,0.57,Rabi,Canal,Rainwater,9.58,No,70.32,Central,Low,38.26
Maize,Harvest,Sandy,6.8,40.23,1.36,0.62,76.0,48.5,20.0,39.06,46.44,1515.81,9.44,10.27,Zaid,Canal,Rainwater,3.27,Yes,96.4,West,Low,38.44
Cotton,Vegetative,Clay,7.66,13.48,1.47,0.12,117.0,46.0,19.0,18.82,38.53,716.1,10.21,13.56,Zaid,Sprinkler,Reservoir,11.87,No,36.39,West,Medium,28.85
Rice,Harvest,Loamy,6.75,34.25,0.41,2.5,80.0,47.0,40.0,32.52,61.56,2223.23,11.0,17.96,Zaid,Rainfed,Rainwater,6.77,No,45.28,West,Low,17.95
Rice,Sowing,Silt,5.91,59.15,0.87,2.36,80.0,47.0,40.0,27.07,26.44,1205.94,10.71,9.9,Kharif,Canal,Groundwater,4.46,Yes,17.73,North,Low,7.48
Cotton,Sowing,Sandy,5.99,24.44,1.13,2.23,117.0,46.0,19.0,41.09,52.37,2152.47,7.02,4.48,Zaid,Sprinkler,Reservoir,14.23,No,41.86,West,Medium,39.29
Maize,Sowing,Silt,6.83,22.19,0.95,2.36,76.0,48.5,20.0,15.59,46.71,600.89,4.16,2.97,Zaid,Rainfed,River,1.93,Yes,46.84,South,Low,24.68
Cotton,Flowering,Sandy,7.3,54.78,0.51,2.2,117.0,46.0,19.0,12.67,55.07,123.43,9.59,5.93,Kharif,Canal,River,9.19,Yes,90.12,West,Medium,85.05
Cotton,Vegetative,Sandy,6.77,16.17,0.93,1.1,117.0,46.0,19.0,35.48,28.34,471.4,10.82,8.77,Zaid,Canal,Rainwater,11.35,Yes,81.47,South,Medium,80.24
Maize,Sowing,Clay,7.32,9.48,0.89,1.48,76.0,48.5,20.0,26.13,69.61,832.88,8.7,0.51,Rabi,Rainfed,River,7.83,Yes,29.09,Central,Low,17.4
Cotton,Flowering,Sandy,6.0,21.68,1.45,2.54,117.0,46.0,19.0,34.98,65.17,163.71,8.16,18.65,Rabi,Sprinkler,Reservoir,9.43,No,92.67,South,High,181.75
Cotton,Harvest,Loamy,5.23,49.56,1.17,1.71,117.0,46.0,19.0,36.13,46.03,852.15,10.84,17.46,Kharif,Drip,River,3.65,No,45.08,North,Low,16.03
Rice,Vegetative,Sandy,5.24,22.36,1.44,3.17,80.0,47.0,40.0,32.69,50.96,685.9,7.67,2.74,Rabi,Sprinkler,Reservoir,10.85,Yes,39.55,North,Medium,35.34
Maize,Vegetative,Clay,7.1,30.53,1.59,1.39,76.0,48.5,20.0,34.48,31.31,3.8,6.48,3.36,Kharif,Sprinkler,Groundwater,1.49,No,18.8,West,Medium,24.53
Cotton,Vegetative,Clay,7.72,64.04,0.97,1.89,117.0,46.0,19.0,32.86,47.6,1729.13,10.57,19.09,Rabi,Drip,Rainwater,7.95,Yes,67.85,North,Medium,40.89
Rice,Sowing,Silt,5.43,25.16,0.72,3.05,80.0,47.0,40.0,17.7,58.2,1994.91,9.03,7.02,Zaid,Rainfed,Rainwater,4.34,No,98.62,East,Low,51.93
Rice,Vegetative,Silt,7.64,9.84,0.92,1.4,80.0,47.0,40.0,36.06,89.62,1547.11,7.13,2.75,Rabi,Rainfed,Reservoir,14.24,Yes,76.34,Central,Medium,71.64
Cotton,Flowering,Sandy,4.99,43.28,0.91,2.79,117.0,46.0,19.0,30.57,25.21,1521.79,10.01,9.45,Zaid,Drip,River,14.82,No,89.22,South,Medium,78.4
Maize,Vegetative,Sandy,7.69,43.13,1.0,1.62,76.0,48.5,20.0,26.69,87.96,1156.84,8.61,0.68,Zaid,Rainfed,River,6.98,No,80.57,West,Low,39.84
Maize,Flowering,Loamy,5.77,47.05,0.34,2.06,76.0,48.5,20.0,18.15,69.18,418.26,8.88,9.75,Kharif,Canal,Groundwater,7.99,Yes,32.4,West,Low,18.82
Maize,Sowing,Sandy,4.91,54.35,1.36,1.12,76.0,48.5,20.0,24.77,49.1,750.53,8.39,17.59,Rabi,Rainfed,Groundwater,5.6,Yes,80.66,North,Low,35.02
Maize,Vegetative,Clay,7.91,8.21,0.5,1.26,76.0,48.5,20.0,33.44,31.62,1273.79,7.71,2.88,Zaid,Drip,Rainwater,13.97,Yes,65.2,Central,Medium,59.74
Rice,Flowering,Sandy,5.29,51.4,0.73,2.62,80.0,47.0,40.0,33.91,34.03,321.49,4.1,7.11,Kharif,Canal,Reservoir,7.6,Yes,91.67,West,Low,64.97
Cotton,Harvest,Loamy,6.5,61.01,1.15,1.68,117.0,46.0,19.0,22.08,81.64,1914.4,9.81,10.53,Kharif,Canal,Rainwater,8.94,Yes,17.88,East,Low,4.92
Rice,Flowering,Sandy,7.9,14.72,0.66,0.32,80.0,47.0,40.0,16.06,42.66,2222.23,7.11,2.77,Rabi,Sprinkler,Reservoir,7.19,Yes,3.98,East,Medium,3.67
Rice,Vegetative,Loamy,5.8,25.02,1.24,0.57,80.0,47.0,40.0,18.27,29.11,1085.93,7.5,9.74,Zaid,Rainfed,Groundwater,12.14,No,36.74,South,Low,19.49
Rice,Harvest,Silt,6.01,14.8,0.36,0.86,80.0,47.0,40.0,16.45,32.72,713.35,9.23,13.39,Zaid,Drip,Reservoir,3.95,No,108.69,West,Medium,58.79
Rice,Flowering,Sandy,6.72,31.32,1.34,1.93,80.0,47.0,40.0,28.06,43.92,2496.24,4.73,18.4,Rabi,Canal,Groundwater,10.81,No,3.11,East,Medium,2.97
Cotton,Flowering,Sandy,7.91,20.03,0.81,0.22,117.0,46.0,19.0,30.6,37.9,368.91,8.53,5.32,Zaid,Drip,Rainwater,9.99,No,119.63,North,Medium,148.57
Cotton,Harvest,Sandy,5.7,32.65,1.0,1.47,117.0,46.0,19.0,25.59,61.53,2293.43,10.89,18.89,Rabi,Canal,River,7.83,No,73.88,West,Low,27.78
Maize,Flowering,Silt,7.85,31.86,1.1,1.08,76.0,48.5,20.0,31.21,60.55,1046.97,4.99,6.96,Kharif,Drip,Reservoir,7.34,No,115.13,Central,Medium,112.68
Maize,Harvest,Silt,5.15,10.52,0.49,1.0,76.0,48.5,20.0,20.52,83.38,1441.62,8.4,17.95,Kharif,Canal,River,10.42,No,21.77,Central,Medium,12.3
Maize,Flowering,Loamy,8.09,61.76,0.42,0.53,76.0,48.5,20.0,40.35,26.79,174.21,4.83,6.33,Zaid,Canal,Groundwater,4.68,Yes,93.3,South,Medium,100.42
Cotton,Vegetative,Sandy,6.34,13.66,0.51,2.84,117.0,46.0,19.0,24.02,51.7,1044.07,10.75,17.54,Kharif,Drip,Groundwater,0.7,No,47.26,East,Medium,39.54
Maize,Flowering,Clay,5.44,9.12,0.57,2.64,76.0,48.5,20.0,34.91,72.01,110.56,10.02,5.86,Kharif,Sprinkler,River,9.45,Yes,64.07,West,High,132.28
Rice,Vegetative,Silt,5.12,28.62,0.71,3.44,80.0,47.0,40.0,32.96,88.63,2476.41,10.39,8.77,Zaid,Canal,Reservoir,9.74,Yes,54.92,Central,Low,32.75
Maize,Harvest,Silt,7.5,51.75,0.57,1.19,76.0,48.5,20.0,26.69,79.98,933.31,7.27,11.64,Zaid,Drip,Reservoir,3.77,Yes,90.49,North,Low,28.8
Cotton,Sowing,Sandy,5.28,12.06,1.59,1.08,117.0,46.0,19.0,23.9,62.21,1219.06,9.92,0.79,Zaid,Canal,River,7.47,Yes,104.21,West,Low,60.96
Maize,Harvest,Silt,7.94,20.38,1.34,2.91,76.0,48.5,20.0,16.06,53.52,2423.0,5.93,17.48,Rabi,Rainfed,Groundwater,14.75,No,57.17,West,Medium,30.7
Rice,Vegetative,Silt,6.63,29.44,1.02,2.5,80.0,47.0,40.0,12.99,71.26,1049.29,5.88,2.67,Rabi,Drip,River,5.82,Yes,38.49,North,Low,19.0
Rice,Sowing,Sandy,5.7,50.81,0.5,1.68,80.0,47.0,40.0,21.7,39.86,2098.74,8.33,14.52,Kharif,Drip,Rainwater,13.08,No,84.4,Central,Low,36.83
Cotton,Sowing,Silt,6.35,32.4,1.41,2.98,117.0,46.0,19.0,29.21,39.49,1914.35,4.03,6.45,Zaid,Rainfed,River,12.25,Yes,60.8,East,Low,33.9
Cotton,Harvest,Loamy,7.15,52.41,1.03,3.06,117.0,46.0,19.0,26.65,71.43,656.7,6.28,3.0,Kharif,Canal,Groundwater,5.8,Yes,25.82,West,Low,8.16
Cotton,Flowering,Loamy,7.13,10.16,0.54,1.11,117.0,46.0,19.0,33.16,31.82,157.25,8.67,7.18,Zaid,Drip,River,8.14,No,59.59,Central,High,117.01
Rice,Sowing,Silt,5.63,34.04,1.46,2.43,80.0,47.0,40.0,24.63,36.78,506.75,9.03,7.33,Kharif,Rainfed,River,2.58,No,116.91,Central,Low,62.61
Maize,Vegetative,Sandy,7.52,55.07,1.02,1.56,76.0,48.5,20.0,14.64,76.4,1526.4,4.9,3.23,Kharif,Sprinkler,Rainwater,8.91,No,21.55,West,Low,8.38
Maize,Harvest,Loamy,5.16,25.85,1.52,2.23,76.0,48.5,20.0,12.35,58.37,1912.99,4.97,7.04,Rabi,Drip,Rainwater,1.24,No,75.15,North,Low,26.74
Rice,Sowing,Loamy,7.45,29.9,0.53,2.9,80.0,47.0,40.0,23.08,54.89,1743.44,8.15,9.67,Zaid,Drip,Reservoir,9.89,No,24.7,South,Low,13.24
Cotton,Harvest,Sandy,6.29,14.67,0.78,1.94,117.0,46.0,19.0,22.39,69.58,2497.23,4.73,7.52,Rabi,Sprinkler,Rainwater,6.57,No,32.77,East,Low,13.21
Cotton,Sowing,Loamy,7.98,24.68,1.08,1.57,117.0,46.0,19.0,37.13,79.71,2032.66,9.32,12.06,Kharif,Sprinkler,Rainwater,14.65,No,46.38,Central,Medium,42.36
Cotton,Flowering,Sandy,5.66,44.02,0.42,2.75,117.0,46.0,19.0,40.81,30.58,2313.25,9.57,11.59,Zaid,Drip,Rainwater,1.19,No,99.72,Central,Medium,94.8
Rice,Sowing,Silt,5.03,43.1,1.48,1.11,80.0,47.0,40.0,28.96,25.71,1606.34,10.65,3.7,Rabi,Drip,River,5.76,No,86.38,South,Low,43.68
Rice,Flowering,Silt,5.71,39.39,0.8,0.24,80.0,47.0,40.0,31.23,75.56,2042.37,8.86,19.86,Rabi,Canal,Reservoir,7.83,Yes,13.37,Central,Medium,12.25
Maize,Harvest,Sandy,7.9,22.28,0.75,2.52,76.0,48.5,20.0,35.46,91.92,1331.78,6.35,10.29,Zaid,Rainfed,Rainwater,10.39,No,39.25,South,Medium,25.2
Rice,Sowing,Sandy,7.25,13.51,1.47,3.38,80.0,47.0,40.0,29.95,32.89,941.64,9.33,6.92,Kharif,Drip,Rainwater,13.88,No,78.16,Central,Low,48.52
Rice,Vegetative,Sandy,5.67,20.91,0.58,0.96,80.0,47.0,40.0,19.36,85.25,2204.14,9.52,2.86,Rabi,Sprinkler,Reservoir,7.63,Yes,51.26,Central,Medium,40.59
Cotton,Sowing,Silt,7.25,59.17,1.13,0.38,117.0,46.0,19.0,13.77,73.2,39.02,4.52,1.94,Rabi,Rainfed,Rainwater,7.19,No,55.34,West,Low,30.84
Maize,Flowering,Loamy,4.9,63.84,1.44,3.21,76.0,48.5,20.0,33.64,53.33,517.94,8.3,9.29,Kharif,Sprinkler,Rainwater,2.1,No,69.22,East,Medium,50.9
Cotton,Flowering,Sandy,6.08,44.92,0.35,0.98,117.0,46.0,19.0,37.46,94.5,633.22,10.77,19.06,Zaid,Rainfed,Groundwater,9.35,Yes,15.26,East,Medium,14.07
Cotton,Vegetative,Silt,5.3,44.64,0.83,0.31,117.0,46.0,19.0,28.47,71.87,246.47,4.05,18.1,Zaid,Canal,Groundwater,14.03,Yes,15.64,Central,Medium,14.25
Cotton,Vegetative,Sandy,7.02,13.64,1.2,2.46,117.0,46.0,19.0,18.27,59.17,2074.19,8.94,14.34,Zaid,Sprinkler,Groundwater,12.07,No,24.34,East,Medium,19.18
Maize,Vegetative,Silt,6.83,22.41,0.33,3.35,76.0,48.5,20.0,26.76,60.66,1143.3,4.54,2.87,Rabi,Sprinkler,Reservoir,7.39,Yes,89.88,West,Medium,75.85
Cotton,Vegetative,Silt,5.17,30.34,1.53,0.23,117.0,46.0,19.0,28.41,27.15,1157.13,9.17,11.73,Kharif,Drip,Rainwater,10.66,No,62.05,Central,Medium,49.91
Rice,Harvest,Loamy,4.86,44.82,0.32,1.09,80.0,47.0,40.0,13.11,51.74,1782.87,9.87,7.36,Rabi,Canal,Rainwater,12.08,No,53.29,North,Low,16.07
Rice,Vegetative,Clay,5.72,22.28,0.52,3.09,80.0,47.0,40.0,18.08,45.41,1601.72,4.47,16.17,Zaid,Sprinkler,Reservoir,12.78,No,71.28,South,Medium,55.08
Cotton,Sowing,Silt,8.2,27.47,1.37,1.92,117.0,46.0,19.0,24.38,78.97,20.76,8.48,15.03,Rabi,Rainfed,Reservoir,5.98,No,47.5,West,Medium,57.04
Maize,Vegetative,Loamy,5.7,53.52,1.43,1.76,76.0,48.5,20.0,18.82,81.98,1310.06,7.97,11.26,Kharif,Sprinkler,River,12.03,Yes,106.41,Central,Low,43.83
Maize,Vegetative,Sandy,8.08,19.39,0.78,1.17,76.0,48.5,20.0,24.84,39.95,1390.93,10.74,5.32,Rabi,Drip,Reservoir,3.47,Yes,15.55,South,Medium,13.12
Cotton,Sowing,Silt,7.91,54.23,1.16,2.73,117.0,46.0,19.0,30.36,54.49,1167.89,9.46,17.02,Rabi,Drip,Groundwater,13.94,Yes,6.04,Central,Low,2.77
Cotton,Vegetative,Sandy,5.26,28.86,1.25,2.9,117.0,46.0,19.0,28.78,84.85,1088.16,10.95,6.86,Kharif,Canal,Rainwater,10.34,Yes,12.76,East,Low,7.3
Cotton,Sowing,Clay,8.12,58.18,0.7,3.18,117.0,46.0,19.0,36.68,65.01,1916.08,6.16,14.2,Kharif,Canal,River,9.89,Yes,71.06,South,Low,33.16
Maize,Harvest,Sandy,8.08,15.51,0.56,2.64,76.0,48.5,20.0,36.38,69.07,1024.97,10.25,1.35,Kharif,Rainfed,Reservoir,4.75,No,80.1,East,Medium,52.77
Cotton,Sowing,Clay,5.36,14.97,1.35,1.06,117.0,46.0,19.0,24.51,80.09,1218.75,4.32,18.62,Zaid,Rainfed,Reservoir,13.31,No,76.73,East,Medium,64.52
Cotton,Flowering,Sandy,5.82,36.16,1.35,2.14,117.0,46.0,19.0,31.08,33.56,2418.8,5.5,15.84,Zaid,Rainfed,Groundwater,11.83,No,47.67,Central,Medium,44.9
Maize,Flowering,Loamy,5.14,23.76,0.95,0.58,76.0,48.5,20.0,15.08,65.9,2179.46,5.13,13.46,Zaid,Sprinkler,Reservoir,2.24,Yes,43.33,West,Medium,38.43
Maize,Vegetative,Sandy,5.72,40.42,0.98,0.5,76.0,48.5,20.0,14.72,30.98,2321.75,6.5,6.82,Zaid,Drip,Rainwater,13.93,No,75.33,Central,Low,33.8
Rice,Harvest,Loamy,6.09,32.79,0.96,2.99,80.0,47.0,40.0,39.01,39.88,1546.45,9.04,15.47,Kharif,Canal,Groundwater,12.18,No,71.57,East,Low,30.46
Cotton,Flowering,Silt,5.1,14.38,0.84,0.33,117.0,46.0,19.0,31.5,64.7,558.53,10.32,9.34,Kharif,Sprinkler,Rainwater,3.55,Yes,109.32,South,Medium,118.06
Cotton,Sowing,Loamy,6.94,58.5,1.07,0.84,117.0,46.0,19.0,25.6,78.79,1447.29,7.88,10.02,Zaid,Canal,River,11.1,No,96.97,North,Low,40.61
Cotton,Sowing,Sandy,6.21,21.38,1.45,2.18,117.0,46.0,19.0,24.02,35.01,1264.33,7.21,15.78,Kharif,Sprinkler,River,1.55,No,119.59,South,Medium,99.0
Maize,Harvest,Clay,8.15,11.04,1.45,0.5,76.0,48.5,20.0,16.13,89.19,1706.5,7.59,10.12,Zaid,Canal,River,7.31,Yes,50.63,East,Low,19.1
Maize,Vegetative,Silt,5.04,29.25,1.41,2.43,76.0,48.5,20.0,38.77,40.09,1779.93,10.02,1.62,Rabi,Canal,Reservoir,14.0,No,116.49,South,Medium,104.02
Rice,Sowing,Sandy,5.21,48.64,1.22,1.01,80.0,47.0,40.0,23.25,50.44,531.95,5.09,0.75,Zaid,Sprinkler,Rainwater,4.43,Yes,81.68,South,Low,37.01
Rice,Vegetative,Sandy,6.49,18.96,1.01,3.0,80.0,47.0,40.0,37.53,52.95,1850.23,9.65,19.77,Kharif,Drip,Reservoir,11.46,Yes,49.76,West,Medium,47.32
Rice,Flowering,Clay,7.67,11.91,0.65,1.7,80.0,47.0,40.0,39.97,68.75,100.39,4.39,15.37,Kharif,Rainfed,River,14.86,No,17.34,East,High,37.72
Rice,Flowering,Loamy,7.21,53.18,1.21,0.98,80.0,47.0,40.0,19.2,45.84,1895.34,8.85,14.3,Kharif,Rainfed,Reservoir,2.22,Yes,114.05,East,Low,56.79
Maize,Vegetative,Clay,7.29,40.75,0.32,2.03,76.0,48.5,20.0,15.83,63.25,1248.54,8.8,0.74,Zaid,Sprinkler,River,14.23,Yes,9.85,Central,Low,4.45
Rice,Flowering,Silt,5.39,12.77,1.13,0.37,80.0,47.0,40.0,32.73,51.0,999.17,4.77,19.73,Kharif,Canal,Rainwater,12.65,Yes,119.15,Central,Medium,130.16
Maize,Flowering,Clay,6.97,24.97,0.59,1.02,76.0,48.5,20.0,21.82,82.48,724.25,4.54,2.83,Kharif,Drip,River,4.96,Yes,47.53,South,Medium,44.88
Rice,Vegetative,Loamy,5.04,39.96,1.28,1.24,80.0,47.0,40.0,32.53,69.4,274.07,4.39,10.22,Rabi,Sprinkler,Reservoir,10.64,Yes,86.36,West,Medium,83.52
Cotton,Vegetative,Sandy,6.41,25.05,1.18,2.11,117.0,46.0,19.0,17.82,81.81,45.22,9.08,8.22,Rabi,Rainfed,Groundwater,9.47,No,65.34,Central,Medium,73.5
Rice,Vegetative,Silt,6.27,15.28,0.48,0.24,80.0,47.0,40.0,40.44,52.73,1880.22,5.26,18.05,Zaid,Sprinkler,Reservoir,13.8,Yes,24.13,East,Medium,23.45
Maize,Flowering,Silt,6.82,40.24,0.39,1.23,76.0,48.5,20.0,31.64,52.02,536.07,7.36,18.98,Kharif,Drip,Rainwater,11.86,No,66.49,West,Medium,60.7
Maize,Harvest,Sandy,6.94,58.84,0.72,2.07,76.0,48.5,20.0,31.62,27.7,982.02,9.92,16.84,Zaid,Sprinkler,Groundwater,4.24,No,23.51,West,Low,7.28
Rice,Harvest,Sandy,7.77,10.59,0.97,1.8,80.0,47.0,40.0,18.21,86.42,2167.13,4.53,1.8,Rabi,Sprinkler,Reservoir,5.13,Yes,12.09,Central,Low,4.67
Maize,Vegetative,Loamy,5.52,49.15,1.08,2.59,76.0,48.5,20.0,13.89,52.56,2251.52,7.01,9.51,Kharif,Canal,Rainwater,3.08,No,113.58,West,Low,46.91
Rice,Flowering,Loamy,6.52,33.32,0.69,1.2,80.0,47.0,40.0,31.0,34.89,167.54,10.51,13.49,Rabi,Canal,Groundwater,6.53,Yes,16.44,West,Medium,21.67
Rice,Vegetative,Clay,5.35,18.08,0.62,1.26,80.0,47.0,40.0,34.93,92.49,2000.27,5.88,19.1,Rabi,Canal,Groundwater,2.7,Yes,66.06,East,Medium,61.36
Cotton,Vegetative,Loamy,8.06,45.74,0.93,2.59,117.0,46.0,19.0,32.06,64.42,892.06,7.18,11.16,Rabi,Rainfed,River,8.66,Yes,84.53,North,Medium,61.33
Rice,Harvest,Clay,6.18,21.15,0.81,3.32,80.0,47.0,40.0,37.09,36.17,2458.27,7.63,18.57,Zaid,Canal,Rainwater,9.62,No,78.75,East,Medium,51.75
Rice,Flowering,Clay,5.29,56.5,1.0,3.47,80.0,47.0,40.0,14.43,28.9,1812.82,6.79,6.49,Rabi,Rainfed,Groundwater,6.16,No,85.57,Central,Low,39.32
Rice,Flowering,Clay,4.83,34.13,0.81,1.38,80.0,47.0,40.0,25.88,42.16,2.4,9.03,12.69,Kharif,Canal,Reservoir,7.05,Yes,95.85,South,Medium,134.23
Maize,Sowing,Loamy,4.87,9.37,1.49,3.32,76.0,48.5,20.0,23.92,72.81,264.93,7.26,18.82,Kharif,Rainfed,Groundwater,8.05,No,58.27,Central,Medium,61.7
Rice,Flowering,Clay,6.79,36.19,1.41,2.69,80.0,47.0,40.0,34.56,82.44,1677.36,5.56,11.49,Kharif,Drip,River,3.56,No,107.31,North,Medium,104.37
Rice,Sowing,Sandy,6.56,64.16,0.3,0.25,80.0,47.0,40.0,22.49,61.57,48.69,9.36,2.33,Kharif,Drip,Reservoir,12.82,No,69.41,West,Low,39.34
Cotton,Harvest,Loamy,6.24,22.62,0.46,2.75,117.0,46.0,19.0,26.21,31.36,1046.91,7.65,3.38,Zaid,Drip,Rainwater,12.0,Yes,77.65,East,Low,31.88
Cotton,Vegetative,Silt,7.24,40.13,0.62,2.25,117.0,46.0,19.0,19.7,63.63,1647.06,5.46,5.58,Kharif,Sprinkler,Groundwater,5.83,Yes,7.99,South,Low,3.78
Maize,Harvest,Sandy,6.31,12.38,0.5,0.86,76.0,48.5,20.0,38.71,83.84,1170.84,10.08,3.74,Kharif,Sprinkler,River,6.18,Yes,86.77,South,Low,40.85
Maize,Sowing,Loamy,6.8,27.48,1.54,2.8,76.0,48.5,20.0,16.91,76.72,389.94,8.17,11.53,Zaid,Rainfed,Reservoir,6.69,Yes,99.75,South,Low,58.19
Cotton,Harvest,Sandy,5.52,26.57,0.6,3.41,117.0,46.0,19.0,28.14,38.83,2227.71,7.07,0.89,Zaid,Rainfed,Reservoir,2.07,No,87.76,South,Low,35.58
Cotton,Vegetative,Loamy,6.94,45.13,1.57,3.18,117.0,46.0,19.0,25.46,91.35,1057.09,10.93,13.76,Zaid,Drip,Rainwater,11.85,Yes,37.04,East,Low,17.76
Cotton,Sowing,Sandy,7.62,38.49,1.37,1.26,117.0,46.0,19.0,18.13,40.47,1317.97,5.32,4.96,Kharif,Drip,Reservoir,7.37,No,108.79,South,Low,51.4
Cotton,Sowing,Clay,5.68,59.73,0.55,1.69,117.0,46.0,19.0,26.76,49.89,1251.14,7.24,5.85,Rabi,Canal,Reservoir,14.04,Yes,112.31,Central,Low,46.94
Rice,Harvest,Loamy,7.75,17.57,1.3,2.23,80.0,47.0,40.0,28.96,59.3,1795.89,6.01,12.76,Kharif,Drip,Reservoir,2.91,Yes,45.22,West,Low,19.46
Cotton,Sowing,Sandy,6.32,12.18,0.99,2.14,117.0,46.0,19.0,18.61,71.78,2305.71,7.46,1.97,Rabi,Canal,River,3.0,No,100.47,South,Low,55.63
Cotton,Sowing,Clay,6.02,25.9,1.16,1.82,117.0,46.0,19.0,34.26,42.6,1001.29,5.49,3.91,Kharif,Rainfed,Rainwater,3.39,No,6.34,North,Low,3.91
Cotton,Sowing,Silt,8.19,18.29,0.39,1.2,117.0,46.0,19.0,22.32,73.65,600.25,6.71,19.88,Zaid,Rainfed,River,6.84,No,54.99,West,Medium,45.22
Cotton,Harvest,Silt,6.43,50.75,0.89,3.42,117.0,46.0,19.0,12.82,92.57,609.92,8.77,9.0,Kharif,Sprinkler,Rainwater,8.35,No,22.72,West,Low,6.46
Maize,Sowing,Sandy,6.45,19.65,1.16,2.57,76.0,48.5,20.0,27.24,85.86,377.31,6.36,3.39,Rabi,Sprinkler,Rainwater,10.39,No,75.89,West,Low,52.85
Maize,Flowering,Loamy,7.92,27.91,0.71,2.65,76.0,48.5,20.0,24.86,56.81,1635.61,6.98,8.7,Rabi,Sprinkler,Rainwater,7.92,No,38.64,East,Low,25.72
Cotton,Vegetative,Silt,7.52,37.17,0.46,1.69,117.0,46.0,19.0,15.32,73.63,730.74,10.94,16.28,Kharif,Drip,Groundwater,14.47,No,46.75,North,Medium,30.97
Cotton,Vegetative,Clay,7.24,10.13,1.58,1.95,117.0,46.0,19.0,32.67,75.84,1380.72,6.06,3.25,Zaid,Canal,River,9.44,No,90.65,East,Medium,82.47
Cotton,Sowing,Clay,6.79,36.52,0.67,2.23,117.0,46.0,19.0,23.84,93.26,172.55,6.04,10.03,Zaid,Rainfed,Rainwater,14.78,No,104.61,Central,Medium,103.84
Rice,Sowing,Sandy,5.45,41.51,1.27,0.24,80.0,47.0,40.0,16.68,78.96,357.97,6.85,10.29,Rabi,Drip,Reservoir,7.19,Yes,59.67,East,Low,31.63
Rice,Harvest,Silt,6.38,23.78,0.32,1.84,80.0,47.0,40.0,34.61,31.58,528.16,7.97,8.13,Rabi,Drip,Rainwater,11.19,No,37.84,Central,Medium,23.82
Maize,Vegetative,Clay,8.04,10.34,0.35,0.89,76.0,48.5,20.0,39.11,82.47,621.23,8.47,14.96,Rabi,Canal,Groundwater,11.24,No,70.97,South,High,88.96
Rice,Harvest,Silt,6.65,21.27,0.75,0.84,80.0,47.0,40.0,31.31,91.22,791.82,10.02,13.01,Rabi,Sprinkler,River,2.06,Yes,93.09,East,Medium,57.97
Cotton,Flowering,Clay,5.14,19.16,1.13,3.03,117.0,46.0,19.0,32.09,35.81,1926.58,9.51,13.17,Zaid,Sprinkler,River,14.81,No,89.35,West,High,126.13
Rice,Vegetative,Loamy,6.92,15.45,0.47,0.14,80.0,47.0,40.0,37.65,58.61,2228.77,7.05,13.3,Zaid,Drip,River,9.29,Yes,26.26,West,Medium,25.0
Maize,Flowering,Loamy,6.32,61.24,1.37,0.12,76.0,48.5,20.0,32.78,41.2,695.18,10.63,7.0,Kharif,Sprinkler,Groundwater,12.45,Yes,116.24,South,Low,60.72
Maize,Sowing,Clay,5.55,19.65,0.95,3.41,76.0,48.5,20.0,35.03,69.23,285.03,4.99,4.36,Rabi,Canal,Rainwater,3.29,Yes,73.27,North,Medium,84.89
Maize,Vegetative,Sandy,7.95,51.08,0.5,0.77,76.0,48.5,20.0,12.14,44.57,1753.7,6.82,7.9,Kharif,Sprinkler,Reservoir,5.4,No,9.32,East,Low,3.78
Maize,Flowering,Sandy,7.22,53.01,0.55,2.23,76.0,48.5,20.0,38.43,44.08,354.69,9.89,11.12,Zaid,Drip,Rainwater,4.82,No,83.58,North,Medium,84.25
Rice,Flowering,Loamy,6.22,13.97,1.11,2.9,80.0,47.0,40.0,16.96,85.45,1663.95,7.23,6.21,Kharif,Drip,River,8.31,No,19.6,South,Medium,18.28
Cotton,Vegetative,Silt,7.07,40.82,1.0,0.62,117.0,46.0,19.0,35.98,78.87,1307.16,6.86,16.81,Rabi,Canal,River,14.03,No,59.16,South,Medium,46.59
Rice,Sowing,Sandy,5.17,58.73,0.85,0.79,80.0,47.0,40.0,31.08,71.99,1693.67,9.03,16.27,Zaid,Canal,Reservoir,6.12,Yes,41.26,North,Low,18.18
Cotton,Flowering,Clay,8.08,60.9,1.48,0.9,117.0,46.0,19.0,32.14,83.51,1811.32,6.69,7.25,Rabi,Rainfed,Rainwater,3.12,No,75.19,East,Medium,55.99
Cotton,Flowering,Sandy,5.39,21.57,0.6,1.61,117.0,46.0,19.0,36.43,76.36,981.35,5.86,1.52,Rabi,Rainfed,Rainwater,6.36,No,12.88,South,Medium,14.38
Cotton,Harvest,Clay,7.24,58.12,0.42,3.26,117.0,46.0,19.0,28.59,66.82,211.23,4.83,9.3,Kharif,Sprinkler,River,6.56,No,39.95,South,Low,16.01
Rice,Flowering,Loamy,6.89,26.78,1.01,2.94,80.0,47.0,40.0,35.36,47.15,848.26,6.22,17.75,Kharif,Canal,Reservoir,5.37,Yes,64.0,Central,Medium,67.88
Cotton,Vegetative,Clay,5.07,10.23,0.59,0.55,117.0,46.0,19.0,27.75,65.33,1098.84,6.33,3.39,Rabi,Canal,Rainwater,13.18,Yes,72.55,North,Medium,62.99
Cotton,Flowering,Silt,5.93,26.63,0.79,0.25,117.0,46.0,19.0,31.89,67.73,1944.94,8.66,14.65,Rabi,Rainfed,Reservoir,14.35,Yes,88.91,South,Medium,91.45
Cotton,Sowing,Silt,6.12,31.16,1.25,0.88,117.0,46.0,19.0,19.58,40.28,109.57,5.26,15.01,Kharif,Canal,Reservoir,10.13,No,65.08,South,Medium,67.81
Maize,Harvest,Loamy,7.13,29.14,0.62,2.6,76.0,48.5,20.0,41.32,36.16,2303.46,9.26,12.28,Kharif,Canal,Groundwater,10.61,No,108.91,East,Low,48.21
Cotton,Harvest,Sandy,5.52,17.84,1.11,1.04,117.0,46.0,19.0,34.19,27.14,1230.89,10.84,18.81,Rabi,Rainfed,Groundwater,11.46,No,105.81,North,Medium,68.34
Maize,Vegetative,Loamy,5.76,58.02,0.52,0.93,76.0,48.5,20.0,13.9,69.45,1482.28,5.77,12.96,Kharif,Canal,Reservoir,11.89,No,6.77,West,Medium,3.64
Maize,Sowing,Sandy,5.6,23.61,0.87,0.5,76.0,48.5,20.0,36.39,30.73,612.85,7.47,15.9,Kharif,Canal,Rainwater,10.63,Yes,108.75,East,Medium,99.52
Rice,Flowering,Silt,4.87,41.59,1.58,2.45,80.0,47.0,40.0,40.36,92.96,1896.49,5.35,17.97,Zaid,Rainfed,Rainwater,3.66,Yes,99.08,West,Medium,96.35
Maize,Harvest,Sandy,7.79,16.1,1.4,0.91,76.0,48.5,20.0,12.94,94.78,1074.95,5.59,2.19,Kharif,Rainfed,Rainwater,9.27,Yes,81.3,East,Low,30.3
Maize,Harvest,Sandy,8.08,22.79,1.25,2.05,76.0,48.5,20.0,39.31,69.59,2300.6,8.44,1.0,Zaid,Rainfed,Groundwater,6.1,Yes,6.66,Central,Low,3.08
Maize,Vegetative,Clay,5.96,39.14,1.46,0.69,76.0,48.5,20.0,23.42,32.6,2439.23,7.6,19.14,Zaid,Canal,River,8.98,Yes,21.08,East,Low,10.47
Maize,Vegetative,Sandy,7.61,52.0,0.89,0.73,76.0,48.5,20.0,26.07,65.3,2170.25,5.54,10.25,Zaid,Canal,Rainwater,11.23,No,55.61,North,Medium,35.8
Rice,Flowering,Clay,5.3,62.05,1.27,0.24,80.0,47.0,40.0,36.97,27.76,1727.46,10.21,19.55,Rabi,Drip,Groundwater,8.53,Yes,89.69,Central,Medium,68.89
Cotton,Harvest,Silt,5.34,14.6,1.06,2.63,117.0,46.0,19.0,18.78,93.07,1518.44,9.55,17.9,Kharif,Sprinkler,Groundwater,12.22,Yes,6.91,South,Low,2.68
Maize,Vegetative,Silt,6.9,26.21,0.74,2.75,76.0,48.5,20.0,15.54,43.25,973.64,9.19,16.35,Rabi,Drip,Rainwater,5.14,No,74.58,East,Medium,54.33
Cotton,Harvest,Clay,4.95,16.62,0.71,3.03,117.0,46.0,19.0,14.69,54.32,2400.73,6.85,14.39,Rabi,Drip,Rainwater,2.7,No,25.47,East,Medium,13.56
Cotton,Sowing,Clay,6.92,54.19,0.64,0.12,117.0,46.0,19.0,16.0,52.67,144.06,9.54,3.11,Zaid,Drip,River,6.97,No,16.74,West,Low,9.24
Cotton,Harvest,Silt,5.85,51.31,0.75,0.5,117.0,46.0,19.0,36.27,85.3,72.82,5.27,14.89,Rabi,Sprinkler,Rainwater,10.1,Yes,3.02,Central,Medium,2.21
Maize,Flowering,Loamy,7.42,38.65,1.41,3.42,76.0,48.5,20.0,16.98,28.36,386.44,4.55,17.15,Kharif,Canal,River,11.96,No,87.49,North,Medium,79.83
Maize,Sowing,Sandy,6.16,39.66,1.39,1.37,76.0,48.5,20.0,34.91,40.09,22.52,5.02,18.88,Zaid,Rainfed,Rainwater,5.99,No,67.11,South,Medium,80.17
Maize,Flowering,Loamy,6.18,40.71,0.84,0.62,76.0,48.5,20.0,39.64,89.68,737.31,5.68,14.35,Kharif,Drip,Groundwater,3.92,No,51.84,Central,Medium,50.66
Maize,Vegetative,Clay,5.48,8.3,1.36,3.42,76.0,48.5,20.0,33.72,78.12,1176.37,6.7,19.78,Kharif,Canal,Groundwater,8.21,Yes,52.65,South,Medium,48.37
Maize,Harvest,Silt,5.78,47.94,1.07,0.74,76.0,48.5,20.0,22.29,80.27,1837.6,4.55,17.44,Rabi,Rainfed,Rainwater,4.04,Yes,112.77,North,Low,35.66
Rice,Vegetative,Silt,5.31,55.59,1.52,0.24,80.0,47.0,40.0,31.32,54.07,135.91,9.33,17.29,Zaid,Sprinkler,Rainwater,9.26,No,19.04,North,High,22.59
Cotton,Flowering,Loamy,6.76,17.07,1.33,2.86,117.0,46.0,19.0,28.76,56.97,1921.52,8.05,5.1,Rabi,Sprinkler,Rainwater,4.13,No,47.21,West,Medium,49.67
Rice,Vegetative,Silt,4.86,57.6,0.8,1.89,80.0,47.0,40.0,16.95,46.42,1902.14,9.49,19.85,Rabi,Rainfed,Reservoir,8.47,No,115.08,East,Medium,63.55
Cotton,Sowing,Sandy,4.95,44.69,1.55,1.26,117.0,46.0,19.0,31.16,36.54,282.29,8.77,10.04,Rabi,Canal,Rainwater,0.34,No,95.11,West,Medium,86.32
Maize,Harvest,Silt,5.29,37.95,1.55,2.69,76.0,48.5,20.0,41.5,53.12,2283.95,7.87,7.1,Kharif,Sprinkler,Reservoir,13.46,Yes,24.95,East,Low,10.24
Rice,Harvest,Loamy,4.85,42.69,1.4,3.18,80.0,47.0,40.0,27.34,62.21,2238.43,10.41,4.19,Zaid,Rainfed,Reservoir,7.09,Yes,119.85,North,Low,41.92
Cotton,Vegetative,Silt,6.64,30.43,0.76,3.17,117.0,46.0,19.0,40.26,78.88,1103.84,7.37,8.99,Kharif,Canal,Groundwater,6.44,Yes,60.63,West,Low,37.93
Rice,Sowing,Loamy,6.36,62.99,0.84,3.47,80.0,47.0,40.0,30.51,79.82,2403.53,9.87,10.84,Rabi,Sprinkler,River,4.0,Yes,47.85,South,Low,19.99
Rice,Sowing,Sandy,7.13,8.43,0.76,0.92,80.0,47.0,40.0,33.55,94.04,852.35,7.56,11.07,Kharif,Rainfed,Rainwater,11.02,No,79.02,North,Medium,72.48
Maize,Sowing,Loamy,7.0,8.25,0.38,3.22,76.0,48.5,20.0,24.23,57.96,1072.84,9.89,15.85,Zaid,Canal,Rainwater,7.17,No,42.76,East,Medium,35.85
Rice,Sowing,Clay,5.39,8.02,0.56,3.33,80.0,47.0,40.0,24.94,93.93,123.87,4.06,14.53,Zaid,Canal,Reservoir,12.45,No,29.53,West,Medium,35.2
Cotton,Harvest,Sandy,6.88,9.67,0.78,1.18,117.0,46.0,19.0,12.29,84.21,48.09,8.82,16.43,Rabi,Sprinkler,River,11.19,No,16.36,Central,Medium,12.97
Cotton,Harvest,Silt,6.56,34.94,0.32,2.85,117.0,46.0,19.0,24.65,76.25,483.3,4.89,9.62,Rabi,Rainfed,Reservoir,8.0,Yes,15.1,South,Low,5.75
Rice,Flowering,Silt,6.93,37.76,0.3,1.6,80.0,47.0,40.0,15.44,31.09,1754.01,7.74,18.16,Zaid,Rainfed,River,4.5,No,80.42,East,Medium,63.67
Cotton,Sowing,Silt,5.66,29.66,0.38,1.32,117.0,46.0,19.0,14.75,68.22,1371.71,10.17,13.86,Kharif,Sprinkler,Reservoir,7.18,Yes,79.02,Central,Low,38.94
Rice,Flowering,Sandy,7.58,27.1,1.39,2.32,80.0,47.0,40.0,34.35,71.83,908.35,7.95,3.25,Rabi,Canal,River,9.88,No,81.57,East,Medium,85.51
Rice,Sowing,Clay,6.51,64.43,1.02,2.73,80.0,47.0,40.0,14.39,32.78,856.88,9.2,11.38,Rabi,Canal,Rainwater,7.4,No,21.74,South,Low,7.62
Maize,Vegetative,Loamy,5.25,64.28,0.97,3.38,76.0,48.5,20.0,33.73,79.35,468.63,7.37,7.7,Kharif,Sprinkler,River,11.05,Yes,88.93,North,Low,39.89
Cotton,Flowering,Sandy,5.1,63.19,0.5,0.45,117.0,46.0,19.0,32.83,75.36,1147.41,9.16,11.19,Rabi,Drip,Rainwater,12.85,No,75.28,East,Medium,54.96
Rice,Vegetative,Loamy,7.71,14.3,0.34,1.13,80.0,47.0,40.0,28.91,49.64,1080.46,4.76,7.52,Zaid,Rainfed,Groundwater,3.14,Yes,70.35,North,Medium,61.77
Rice,Harvest,Loamy,5.69,36.8,0.48,1.52,80.0,47.0,40.0,14.38,81.32,961.34,7.97,3.62,Rabi,Canal,Groundwater,14.95,Yes,27.71,Central,Low,8.99
Cotton,Harvest,Loamy,7.77,48.05,0.64,3.37,117.0,46.0,19.0,27.73,80.03,2238.78,9.22,15.57,Zaid,Canal,Groundwater,4.22,Yes,33.83,North,Low,11.28
Rice,Sowing,Sandy,6.97,50.77,0.9,0.9,80.0,47.0,40.0,40.98,59.63,927.11,9.23,11.83,Kharif,Drip,Groundwater,4.55,Yes,98.19,South,Low,50.98
Cotton,Sowing,Loamy,5.6,39.24,1.37,2.44,117.0,46.0,19.0,25.22,66.94,827.34,5.69,9.67,Kharif,Sprinkler,Groundwater,13.6,No,65.73,North,Low,33.2
Cotton,Sowing,Silt,7.23,29.77,0.55,1.85,117.0,46.0,19.0,26.64,67.23,2106.18,6.54,0.9,Kharif,Drip,River,1.67,Yes,6.85,South,Low,3.81
Rice,Harvest,Sandy,5.23,41.31,0.73,1.06,80.0,47.0,40.0,27.25,65.29,155.29,4.16,12.64,Zaid,Sprinkler,Reservoir,2.85,No,41.51,North,Medium,28.95
Rice,Harvest,Clay,7.75,30.26,0.81,3.26,80.0,47.0,40.0,16.52,53.42,1106.76,9.47,4.03,Kharif,Drip,Rainwater,8.04,Yes,79.58,North,Low,27.78
Maize,Sowing,Sandy,6.82,14.25,0.7,3.2,76.0,48.5,20.0,32.14,62.76,1018.47,6.83,6.98,Kharif,Drip,River,9.28,Yes,66.43,Central,Low,42.1
Maize,Flowering,Loamy,5.23,59.04,0.48,1.84,76.0,48.5,20.0,12.75,86.0,403.9,9.6,17.64,Rabi,Canal,River,14.05,No,21.22,East,Medium,15.23
Maize,Sowing,Clay,6.25,10.02,0.63,0.98,76.0,48.5,20.0,19.07,85.49,658.36,7.87,11.21,Rabi,Sprinkler,Groundwater,4.54,No,61.23,East,Medium,48.67
Cotton,Vegetative,Loamy,7.18,28.52,0.8,0.63,117.0,46.0,19.0,40.14,53.99,1282.96,8.91,18.75,Kharif,Sprinkler,Reservoir,14.53,Yes,24.39,West,Medium,22.15
Cotton,Sowing,Clay,7.38,44.44,1.12,1.88,117.0,46.0,19.0,16.35,80.02,219.63,9.64,16.33,Zaid,Canal,Reservoir,14.4,Yes,74.62,North,Low,42.99
Cotton,Harvest,Loamy,6.55,51.18,0.33,3.13,117.0,46.0,19.0,21.48,56.7,2082.29,7.65,1.97,Rabi,Drip,Rainwater,5.61,Yes,50.26,West,Low,15.26
Rice,Vegetative,Sandy,8.03,37.96,0.86,2.09,80.0,47.0,40.0,41.95,83.13,919.72,9.48,9.89,Rabi,Canal,Rainwater,11.63,No,68.66,Central,Medium,57.5
Rice,Vegetative,Clay,6.14,51.18,0.54,1.34,80.0,47.0,40.0,18.08,39.37,1880.62,8.51,15.2,Rabi,Canal,Reservoir,8.2,No,68.71,West,Medium,41.08
Maize,Vegetative,Sandy,6.48,51.42,0.59,2.58,76.0,48.5,20.0,34.22,55.35,1010.97,10.06,3.97,Kharif,Canal,Reservoir,10.35,No,66.8,South,Medium,46.75
Cotton,Harvest,Silt,7.63,9.39,0.76,3.24,117.0,46.0,19.0,24.27,83.11,2031.79,4.55,18.74,Zaid,Drip,Reservoir,11.56,Yes,58.52,Central,Low,24.05
Rice,Sowing,Sandy,6.17,28.67,0.9,2.25,80.0,47.0,40.0,29.85,71.48,1382.38,10.04,15.29,Zaid,Canal,Rainwater,9.22,Yes,88.25,West,Low,51.08
Rice,Harvest,Sandy,5.93,15.28,1.15,2.28,80.0,47.0,40.0,30.03,32.5,502.29,5.62,7.5,Zaid,Canal,Groundwater,11.0,No,73.18,North,Medium,46.52
Rice,Harvest,Sandy,6.75,24.05,1.53,0.49,80.0,47.0,40.0,32.14,70.29,1241.66,6.47,7.8,Kharif,Canal,Reservoir,4.05,Yes,7.38,West,Low,3.17
Cotton,Harvest,Loamy,5.61,11.04,1.41,1.88,117.0,46.0,19.0,18.13,78.09,1665.79,8.99,9.38,Kharif,Drip,Groundwater,10.83,No,31.08,North,Low,11.98
Maize,Harvest,Clay,7.5,47.25,1.33,3.36,76.0,48.5,20.0,26.7,30.21,2047.21,6.38,12.13,Rabi,Drip,Groundwater,5.14,Yes,33.8,South,Low,11.25
Rice,Harvest,Sandy,5.16,13.3,1.1,2.14,80.0,47.0,40.0,30.42,50.94,1119.62,4.15,9.57,Kharif,Drip,River,14.44,Yes,100.36,West,Low,43.81
Rice,Vegetative,Sandy,5.61,11.6,1.45,0.85,80.0,47.0,40.0,13.93,88.76,2164.14,7.44,13.32,Rabi,Drip,River,14.33,No,86.56,North,Medium,65.83
Cotton,Harvest,Sandy,8.03,23.26,1.11,1.99,117.0,46.0,19.0,12.36,61.24,1111.52,10.93,5.61,Zaid,Canal,Reservoir,13.65,No,23.64,East,Low,8.59
Cotton,Harvest,Loamy,5.84,40.6,1.57,0.63,117.0,46.0,19.0,15.92,25.07,420.3,9.6,3.84,Zaid,Drip,Rainwater,7.58,Yes,80.44,West,Low,28.22
Cotton,Vegetative,Loamy,5.37,62.99,0.43,2.07,117.0,46.0,19.0,17.06,73.92,993.45,4.49,0.76,Zaid,Sprinkler,Rainwater,9.79,No,23.27,West,Low,8.48
Rice,Harvest,Sandy,5.84,57.93,1.57,1.52,80.0,47.0,40.0,35.22,47.2,980.44,7.23,19.63,Zaid,Canal,Rainwater,2.72,No,80.63,South,Low,26.06
Maize,Vegetative,Sandy,6.01,11.98,1.52,0.94,76.0,48.5,20.0,12.11,78.87,1488.39,9.94,19.86,Kharif,Rainfed,Rainwater,6.6,No,22.86,East,Medium,17.39
Rice,Harvest,Silt,5.68,64.47,1.46,0.43,80.0,47.0,40.0,31.53,68.51,2126.78,6.68,3.88,Rabi,Sprinkler,Reservoir,12.74,Yes,38.92,South,Low,11.29
Cotton,Vegetative,Silt,7.21,44.79,1.35,1.32,117.0,46.0,19.0,31.58,74.63,429.84,9.61,1.6,Kharif,Rainfed,River,14.51,Yes,16.99,South,Low,9.51
Rice,Harvest,Silt,6.22,24.04,0.69,2.45,80.0,47.0,40.0,25.16,91.86,1133.22,8.25,1.02,Zaid,Drip,Groundwater,9.37,Yes,88.68,East,Low,35.63
Rice,Flowering,Clay,7.44,41.93,1.31,3.02,80.0,47.0,40.0,25.98,69.1,380.61,9.76,12.71,Rabi,Drip,River,7.8,No,62.09,South,Medium,60.68
Rice,Harvest,Loamy,7.32,63.85,1.18,3.35,80.0,47.0,40.0,26.52,81.91,1104.52,6.01,19.81,Rabi,Drip,Rainwater,14.05,No,89.58,South,Low,24.95
Rice,Vegetative,Loamy,4.98,36.14,0.96,1.12,80.0,47.0,40.0,25.95,50.62,1820.56,10.96,3.77,Rabi,Rainfed,Groundwater,9.3,Yes,89.16,North,Low,46.63
Maize,Sowing,Loamy,7.7,30.27,1.53,1.66,76.0,48.5,20.0,40.07,35.78,1129.92,4.04,14.76,Zaid,Rainfed,Rainwater,12.86,No,0.96,East,Low,0.6
Rice,Vegetative,Clay,7.77,56.61,0.6,2.58,80.0,47.0,40.0,16.34,93.85,1895.29,8.93,13.44,Rabi,Canal,Groundwater,8.16,No,62.19,Central,Medium,34.48
Maize,Sowing,Clay,6.0,44.79,0.72,1.15,76.0,48.5,20.0,25.11,68.63,723.39,10.34,7.24,Rabi,Canal,Groundwater,13.78,No,99.07,West,Low,47.48
Maize,Harvest,Loamy,5.23,52.38,1.01,1.97,76.0,48.5,20.0,14.04,28.91,1143.61,6.5,19.53,Rabi,Drip,River,3.29,Yes,27.55,East,Low,7.71
Cotton,Flowering,Silt,5.41,26.71,0.47,1.81,117.0,46.0,19.0,24.34,32.59,2040.6,4.77,9.88,Rabi,Sprinkler,River,4.56,Yes,101.47,Central,Low,67.86
Cotton,Harvest,Loamy,5.08,53.52,0.66,1.01,117.0,46.0,19.0,29.99,80.08,161.67,10.59,7.3,Zaid,Drip,Groundwater,6.1,No,59.87,South,Low,26.51
Rice,Harvest,Loamy,5.47,10.65,1.09,0.68,80.0,47.0,40.0,18.78,94.18,1834.66,8.49,16.29,Zaid,Canal,Groundwater,0.55,Yes,61.47,South,Low,23.87
Maize,Flowering,Sandy,8.12,30.68,1.37,1.51,76.0,48.5,20.0,14.88,87.24,1558.91,7.52,10.5,Kharif,Drip,River,1.86,Yes,55.14,East,Low,32.33
Maize,Vegetative,Sandy,6.08,21.11,1.5,3.21,76.0,48.5,20.0,20.49,47.21,883.95,8.15,7.23,Rabi,Sprinkler,River,11.46,No,74.78,Central,Medium,59.82
Cotton,Sowing,Silt,7.94,27.26,0.84,2.29,117.0,46.0,19.0,22.45,47.95,1390.4,8.97,17.58,Rabi,Drip,River,4.95,No,45.44,East,Low,24.73
Maize,Sowing,Clay,6.65,64.9,1.26,2.02,76.0,48.5,20.0,37.03,33.91,929.72,9.56,6.01,Rabi,Rainfed,Groundwater,10.13,Yes,106.67,North,Low,46.27
Maize,Sowing,Clay,5.72,55.05,0.4,0.34,76.0,48.5,20.0,20.1,94.04,203.76,8.89,13.89,Rabi,Canal,Reservoir,5.69,No,105.33,Central,Medium,82.19
Rice,Sowing,Clay,7.19,58.38,0.37,2.58,80.0,47.0,40.0,12.94,93.67,2111.08,8.94,11.98,Rabi,Drip,Groundwater,14.08,No,110.99,Central,Low,41.64
Rice,Harvest,Clay,7.04,61.41,0.46,2.43,80.0,47.0,40.0,35.42,85.54,1695.07,10.66,6.9,Rabi,Drip,River,4.06,No,3.17,West,Low,0.99
Maize,Flowering,Sandy,8.16,27.43,0.88,2.28,76.0,48.5,20.0,38.07,31.35,1676.1,10.3,5.47,Rabi,Drip,Reservoir,8.78,No,11.94,North,Medium,12.91
Maize,Flowering,Loamy,4.98,55.32,1.14,1.19,76.0,48.5,20.0,35.16,34.01,580.08,8.68,12.42,Kharif,Canal,Reservoir,3.51,No,19.41,Central,Medium,15.79
Cotton,Sowing,Clay,5.19,46.73,0.77,0.62,117.0,46.0,19.0,12.27,43.32,1718.84,7.18,19.26,Zaid,Sprinkler,River,5.07,No,60.48,North,Low,25.58
Rice,Sowing,Clay,4.81,21.46,1.02,3.46,80.0,47.0,40.0,39.72,73.25,833.83,8.32,8.26,Rabi,Rainfed,Reservoir,3.39,Yes,97.88,Central,Low,65.67
Rice,Flowering,Silt,6.53,58.66,0.61,0.41,80.0,47.0,40.0,12.99,62.42,1904.47,10.37,1.56,Zaid,Drip,River,10.51,No,74.24,West,Low,33.32
Maize,Vegetative,Loamy,5.82,29.69,0.38,0.4,76.0,48.5,20.0,41.99,72.89,254.44,8.25,18.29,Zaid,Rainfed,Reservoir,12.0,No,49.9,West,High,74.53
Rice,Harvest,Loamy,5.31,59.79,1.1,2.42,80.0,47.0,40.0,34.86,79.44,1711.8,10.26,4.96,Zaid,Rainfed,Groundwater,0.96,Yes,17.55,West,Low,5.54
Maize,Vegetative,Loamy,7.37,61.02,0.8,2.96,76.0,48.5,20.0,31.18,48.92,469.99,4.25,10.69,Zaid,Drip,Rainwater,4.41,Yes,97.91,West,Medium,63.52
Maize,Flowering,Loamy,6.63,59.73,1.36,1.14,76.0,48.5,20.0,41.61,51.86,2166.45,4.07,0.58,Rabi,Sprinkler,Rainwater,9.11,No,103.65,East,Medium,83.93
Maize,Flowering,Clay,5.06,11.25,0.59,3.12,76.0,48.5,20.0,33.21,30.44,1003.71,8.11,19.01,Kharif,Canal,Reservoir,10.74,No,80.66,Central,High,115.06
Rice,Vegetative,Clay,4.86,19.73,0.45,0.25,80.0,47.0,40.0,14.51,66.19,38.57,7.65,0.9,Kharif,Sprinkler,Rainwater,14.09,Yes,49.35,East,Medium,56.25
Cotton,Vegetative,Clay,5.15,35.18,0.95,1.97,117.0,46.0,19.0,24.07,31.54,1570.4,8.87,2.25,Zaid,Drip,Rainwater,3.24,Yes,13.85,East,Low,7.17
Maize,Harvest,Clay,7.78,62.98,1.43,0.21,76.0,48.5,20.0,37.3,31.74,1673.41,6.1,13.9,Rabi,Sprinkler,River,3.75,Yes,14.72,South,Low,4.58
Maize,Flowering,Silt,7.46,35.29,0.67,1.51,76.0,48.5,20.0,18.04,69.38,1801.03,4.65,16.34,Kharif,Drip,River,9.12,No,18.33,East,Medium,15.26
Rice,Harvest,Loamy,5.37,13.93,0.42,2.92,80.0,47.0,40.0,24.55,50.63,2343.79,9.45,7.13,Kharif,Canal,River,10.52,Yes,2.29,Central,Low,0.94
Maize,Harvest,Loamy,6.46,47.74,0.44,0.68,76.0,48.5,20.0,35.89,94.55,2318.21,7.09,7.28,Rabi,Rainfed,River,8.99,Yes,65.86,Central,Low,23.79
Maize,Flowering,Sandy,8.02,58.58,1.0,1.01,76.0,48.5,20.0,14.86,58.98,537.1,8.8,19.36,Rabi,Drip,Reservoir,2.73,No,18.9,North,Medium,12.13
Maize,Harvest,Silt,4.97,40.25,0.59,1.54,76.0,48.5,20.0,38.04,45.91,2076.48,9.7,5.49,Rabi,Rainfed,River,4.73,No,77.02,North,Low,30.43
Cotton,Vegetative,Loamy,5.01,24.96,0.52,1.77,117.0,46.0,19.0,29.55,59.1,1626.03,8.99,19.86,Zaid,Drip,River,2.27,Yes,115.23,East,Medium,97.92
Cotton,Harvest,Sandy,7.26,11.83,0.38,1.85,117.0,46.0,19.0,35.25,63.0,621.42,7.26,1.29,Zaid,Sprinkler,River,14.18,Yes,9.82,North,Low,4.48
Rice,Sowing,Silt,7.64,19.28,0.98,0.81,80.0,47.0,40.0,41.18,74.09,1356.85,7.38,15.71,Zaid,Canal,Rainwater,3.11,Yes,96.51,West,Medium,93.78
Maize,Harvest,Loamy,6.07,30.13,0.91,2.43,76.0,48.5,20.0,20.64,93.94,2236.98,9.32,13.52,Zaid,Sprinkler,Groundwater,5.76,No,40.48,North,Low,14.78
Rice,Flowering,Sandy,5.67,32.01,0.73,0.64,80.0,47.0,40.0,29.33,48.94,1352.33,5.94,18.51,Zaid,Rainfed,Groundwater,13.23,Yes,95.94,South,Low,64.48
Cotton,Sowing,Loamy,6.46,55.55,0.64,2.03,117.0,46.0,19.0,24.88,35.1,229.57,4.67,17.65,Zaid,Drip,Rainwater,10.79,No,84.64,North,Medium,67.63
Cotton,Flowering,Sandy,6.19,35.15,1.5,2.89,117.0,46.0,19.0,17.8,31.43,2084.06,9.96,13.93,Zaid,Rainfed,River,4.08,Yes,89.49,South,Low,52.08
Cotton,Harvest,Clay,4.99,33.06,0.87,1.79,117.0,46.0,19.0,13.87,81.72,2077.44,4.22,7.44,Rabi,Drip,River,13.28,No,21.99,East,Low,7.37
Rice,Vegetative,Clay,4.99,56.53,0.55,3.44,80.0,47.0,40.0,23.43,81.22,319.25,5.21,19.28,Rabi,Sprinkler,Reservoir,14.13,Yes,46.66,South,Low,23.65
Rice,Harvest,Sandy,6.54,64.85,0.83,1.12,80.0,47.0,40.0,35.88,88.27,312.69,9.48,1.41,Rabi,Sprinkler,Groundwater,8.02,No,104.87,West,Low,38.4
Rice,Sowing,Clay,6.59,24.08,1.32,2.16,80.0,47.0,40.0,41.68,28.63,2175.18,4.32,9.66,Rabi,Canal,Reservoir,3.35,Yes,17.74,South,Low,11.69
Maize,Sowing,Clay,6.71,40.8,1.22,0.94,76.0,48.5,20.0,21.18,80.15,1407.34,7.83,7.78,Zaid,Rainfed,Groundwater,13.4,Yes,43.82,North,Low,20.94
Cotton,Harvest,Loamy,6.82,56.8,1.12,2.59,117.0,46.0,19.0,36.27,87.71,2039.34,5.41,16.28,Zaid,Sprinkler,Rainwater,3.55,Yes,110.83,West,Low,36.61
Maize,Harvest,Silt,5.51,59.85,1.08,1.64,76.0,48.5,20.0,23.91,78.49,2012.94,10.64,18.97,Zaid,Sprinkler,Rainwater,13.86,No,95.09,Central,Low,27.01
Cotton,Vegetative,Silt,8.1,23.98,0.37,2.46,117.0,46.0,19.0,19.38,49.75,1922.36,7.95,5.09,Zaid,Canal,Groundwater,13.67,No,30.95,Central,Medium,23.93
Rice,Sowing,Silt,7.53,46.97,0.65,2.34,80.0,47.0,40.0,37.36,82.68,1800.42,8.08,14.27,Rabi,Drip,Reservoir,12.2,No,13.87,Central,Low,7.31
Maize,Flowering,Silt,7.48,25.8,1.04,3.42,76.0,48.5,20.0,40.95,32.5,1297.4,10.5,3.76,Zaid,Rainfed,Reservoir,12.26,Yes,67.54,East,Low,52.67
Maize,Vegetative,Sandy,5.81,59.84,0.61,2.89,76.0,48.5,20.0,28.97,88.22,1816.03,6.64,9.62,Zaid,Canal,Rainwater,10.05,Yes,21.44,East,Low,9.14
Rice,Harvest,Silt,5.3,44.8,0.92,2.97,80.0,47.0,40.0,25.38,66.22,1208.85,8.86,5.06,Zaid,Canal,River,13.59,No,51.89,East,Low,17.45
Rice,Sowing,Clay,6.99,10.61,1.33,1.57,80.0,47.0,40.0,22.46,71.73,2263.06,4.01,18.18,Rabi,Drip,Reservoir,3.69,Yes,31.92,South,Low,18.4
Maize,Harvest,Loamy,7.15,64.66,0.49,2.98,76.0,48.5,20.0,12.85,37.11,517.89,5.37,2.2,Rabi,Canal,River,0.68,Yes,48.17,North,Low,11.87
Maize,Flowering,Sandy,5.33,38.63,1.41,0.19,76.0,48.5,20.0,33.48,57.48,922.22,4.02,18.04,Zaid,Drip,Groundwater,1.43,No,73.4,North,Medium,69.17
Cotton,Sowing,Clay,5.51,44.01,1.5,0.3,117.0,46.0,19.0,33.8,36.85,515.26,6.56,10.01,Kharif,Canal,River,13.92,Yes,11.21,South,Low,5.94
Maize,Sowing,Sandy,5.05,51.59,0.62,0.87,76.0,48.5,20.0,36.72,85.48,651.25,7.03,18.49,Rabi,Drip,River,8.94,Yes,97.51,East,Low,48.78
Rice,Vegetative,Sandy,5.11,64.73,1.12,0.87,80.0,47.0,40.0,25.26,86.66,2268.85,4.34,1.08,Zaid,Drip,Reservoir,2.65,Yes,18.89,South,Low,7.35
Cotton,Vegetative,Loamy,8.02,12.31,0.89,3.07,117.0,46.0,19.0,18.52,28.12,497.07,10.9,5.88,Kharif,Canal,Rainwater,3.49,Yes,4.15,West,Medium,3.37
Rice,Harvest,Sandy,6.17,47.29,0.53,1.79,80.0,47.0,40.0,12.25,39.82,822.35,7.01,2.92,Zaid,Canal,River,0.32,Yes,37.97,South,Low,11.18
Maize,Sowing,Sandy,4.97,27.27,1.2,0.34,76.0,48.5,20.0,15.23,54.04,1544.58,5.66,3.91,Rabi,Canal,Rainwater,4.93,Yes,116.49,North,Low,58.7
Maize,Harvest,Sandy,6.49,63.16,1.32,1.41,76.0,48.5,20.0,41.5,25.6,524.77,8.16,12.48,Zaid,Rainfed,Reservoir,14.72,No,7.02,West,Low,2.23
Rice,Flowering,Loamy,6.16,36.37,0.72,0.64,80.0,47.0,40.0,20.48,43.79,55.53,8.82,10.16,Rabi,Drip,Groundwater,8.23,Yes,112.52,East,Medium,141.07
Maize,Vegetative,Loamy,5.99,32.4,0.32,3.03,76.0,48.5,20.0,28.45,61.51,1417.66,4.05,1.18,Kharif,Sprinkler,Rainwater,8.36,Yes,33.54,South,Low,18.57
Rice,Harvest,Loamy,7.43,26.58,1.34,1.41,80.0,47.0,40.0,17.53,68.65,796.95,8.91,13.54,Kharif,Rainfed,Reservoir,9.12,Yes,52.97,South,Low,19.27
Maize,Flowering,Sandy,7.53,44.8,0.73,3.44,76.0,48.5,20.0,18.96,80.38,2203.4,10.06,18.21,Zaid,Drip,Groundwater,11.18,Yes,66.83,Central,Low,36.07
Maize,Sowing,Loamy,5.32,15.47,0.76,3.16,76.0,48.5,20.0,22.59,42.51,1248.42,4.8,17.56,Kharif,Rainfed,River,12.0,Yes,48.12,Central,Low,27.78
Maize,Flowering,Sandy,6.07,63.89,0.95,1.82,76.0,48.5,20.0,36.1,33.24,2309.55,9.76,12.02,Zaid,Canal,Rainwater,3.04,Yes,43.27,South,Medium,32.29
Rice,Vegetative,Sandy,5.16,10.61,0.69,1.74,80.0,47.0,40.0,33.54,28.25,2043.36,9.95,7.52,Rabi,Rainfed,Rainwater,12.66,Yes,111.12,North,Medium,101.92
Maize,Vegetative,Clay,5.21,16.2,1.46,2.53,76.0,48.5,20.0,26.27,38.31,1237.88,7.0,7.18,Kharif,Sprinkler,Reservoir,6.76,Yes,111.22,West,Medium,95.17
Rice,Harvest,Loamy,7.45,12.76,1.14,2.39,80.0,47.0,40.0,23.05,42.39,2259.51,10.54,16.58,Rabi,Drip,Rainwater,11.92,Yes,40.75,West,Low,16.54
Maize,Sowing,Clay,6.77,16.66,1.36,3.39,76.0,48.5,20.0,38.19,61.48,934.12,7.4,6.94,Kharif,Canal,River,11.81,No,80.99,South,Medium,77.46
Maize,Flowering,Silt,7.9,10.17,1.04,3.22,76.0,48.5,20.0,37.95,76.15,2238.07,5.13,1.08,Kharif,Drip,Reservoir,6.46,Yes,109.28,East,Medium,125.16
Rice,Sowing,Sandy,6.68,49.01,1.4,0.53,80.0,47.0,40.0,38.4,91.22,2049.64,5.92,15.91,Kharif,Sprinkler,Reservoir,1.93,No,14.31,Central,Low,7.46
Rice,Vegetative,Sandy,5.39,23.98,1.57,0.48,80.0,47.0,40.0,29.16,60.26,1802.52,8.66,13.37,Kharif,Canal,River,6.35,Yes,92.11,South,Medium,78.59
Rice,Harvest,Sandy,6.99,14.2,0.31,1.4,80.0,47.0,40.0,24.47,69.43,1454.63,9.09,15.98,Kharif,Sprinkler,Rainwater,5.74,No,57.1,West,Medium,33.6
Cotton,Sowing,Clay,7.84,49.86,1.41,1.25,117.0,46.0,19.0,28.54,39.43,779.94,7.8,0.89,Rabi,Canal,River,9.51,No,85.91,West,Low,40.53
Cotton,Harvest,Silt,5.12,42.45,1.09,2.29,117.0,46.0,19.0,20.51,76.49,904.59,8.27,7.74,Rabi,Sprinkler,Reservoir,11.07,Yes,73.33,South,Low,23.99
Cotton,Flowering,Loamy,7.25,47.36,0.31,1.38,117.0,46.0,19.0,27.63,78.8,253.45,7.19,19.97,Kharif,Drip,River,12.57,Yes,77.86,East,Medium,81.79
Rice,Sowing,Silt,5.09,10.62,0.82,1.17,80.0,47.0,40.0,31.14,83.01,218.67,7.69,15.89,Zaid,Sprinkler,River,14.14,No,72.45,Central,High,111.01
Cotton,Sowing,Clay,6.38,27.31,0.35,3.22,117.0,46.0,19.0,20.34,41.24,2360.05,10.87,18.11,Kharif,Rainfed,Reservoir,3.39,No,53.95,North,Low,28.71
Maize,Flowering,Loamy,4.86,21.45,1.15,3.2,76.0,48.5,20.0,37.87,81.8,333.53,10.46,8.67,Kharif,Drip,River,10.85,Yes,93.95,South,Medium,127.21
Maize,Vegetative,Sandy,6.16,10.94,0.59,3.11,76.0,48.5,20.0,16.8,30.41,2348.17,5.65,6.61,Rabi,Sprinkler,Rainwater,9.91,Yes,7.75,Central,Medium,6.01
Maize,Flowering,Loamy,6.91,49.98,1.57,0.85,76.0,48.5,20.0,15.39,89.59,277.8,6.54,1.89,Kharif,Rainfed,Groundwater,6.2,Yes,104.63,South,Medium,92.49
Rice,Vegetative,Clay,7.06,12.98,0.59,2.54,80.0,47.0,40.0,18.47,64.31,1922.04,4.52,3.9,Kharif,Canal,River,7.91,No,50.76,Central,Medium,40.09
Cotton,Vegetative,Silt,7.64,9.15,1.03,2.17,117.0,46.0,19.0,23.84,29.23,1951.97,7.92,7.87,Rabi,Drip,River,2.72,No,35.12,East,Medium,29.33
Cotton,Sowing,Clay,7.7,52.85,1.43,2.46,117.0,46.0,19.0,21.91,43.15,136.79,4.46,8.27,Zaid,Sprinkler,Groundwater,10.72,No,27.41,South,Low,16.42
Cotton,Harvest,Loamy,7.66,18.67,1.01,2.8,117.0,46.0,19.0,23.1,44.87,1871.45,9.38,8.64,Zaid,Sprinkler,Rainwater,0.74,No,96.92,Central,Low,39.37
Rice,Harvest,Clay,6.5,52.59,0.66,0.82,80.0,47.0,40.0,30.02,61.19,1477.32,4.52,3.32,Kharif,Sprinkler,Groundwater,4.93,No,102.98,North,Low,33.55
Maize,Harvest,Clay,8.14,62.48,0.65,0.73,76.0,48.5,20.0,29.5,86.18,1813.0,4.08,18.58,Kharif,Rainfed,Groundwater,1.06,Yes,6.51,East,Low,1.9
Maize,Vegetative,Silt,5.13,41.07,1.0,2.54,76.0,48.5,20.0,30.23,42.5,451.11,9.48,12.67,Zaid,Rainfed,Groundwater,11.4,No,65.94,Central,Medium,52.85
Rice,Harvest,Sandy,5.83,46.87,0.5,1.97,80.0,47.0,40.0,18.35,79.48,1092.68,4.97,9.07,Rabi,Sprinkler,Groundwater,6.3,Yes,99.6,North,Low,30.54
Maize,Vegetative,Loamy,6.97,27.24,1.35,1.99,76.0,48.5,20.0,22.11,65.85,1080.26,8.04,9.05,Zaid,Canal,Groundwater,2.96,Yes,33.23,East,Low,18.02
Cotton,Vegetative,Clay,5.02,60.88,0.74,0.91,117.0,46.0,19.0,21.36,26.85,2040.11,5.11,8.64,Zaid,Sprinkler,Groundwater,1.03,No,64.62,North,Low,25.25
Maize,Vegetative,Clay,6.67,43.85,0.45,1.99,76.0,48.5,20.0,31.34,62.08,242.78,9.15,1.73,Zaid,Canal,Reservoir,9.24,No,76.97,North,Medium,72.82
Cotton,Harvest,Clay,6.81,53.02,0.92,2.92,117.0,46.0,19.0,19.24,77.3,200.95,8.71,2.06,Kharif,Sprinkler,River,10.51,No,28.91,Central,Low,11.21
Rice,Vegetative,Silt,7.02,17.78,0.82,3.07,80.0,47.0,40.0,23.06,86.92,820.44,4.95,10.76,Kharif,Canal,Reservoir,12.71,No,7.88,South,Medium,6.53
Maize,Harvest,Sandy,5.67,20.08,1.24,1.08,76.0,48.5,20.0,35.77,34.29,1751.92,4.42,7.93,Rabi,Rainfed,Rainwater,5.17,No,21.41,East,Medium,14.02
Rice,Sowing,Silt,5.46,44.19,0.53,3.31,80.0,47.0,40.0,30.86,83.45,1936.38,4.06,17.26,Kharif,Rainfed,Groundwater,1.87,No,46.9,North,Low,23.9
Rice,Sowing,Clay,6.71,53.12,0.81,1.52,80.0,47.0,40.0,13.02,58.85,1584.61,5.51,7.87,Kharif,Rainfed,River,7.01,Yes,113.57,East,Low,45.06
Maize,Flowering,Clay,5.51,18.31,0.66,2.37,76.0,48.5,20.0,26.19,68.71,1486.13,5.66,19.76,Rabi,Rainfed,Rainwater,2.46,Yes,85.04,Central,Medium,87.26
Cotton,Flowering,Loamy,6.73,44.87,1.46,2.11,117.0,46.0,19.0,16.76,93.78,553.81,5.56,19.63,Kharif,Rainfed,Groundwater,3.06,Yes,112.22,South,Low,59.11
Cotton,Vegetative,Loamy,7.75,64.59,0.73,2.06,117.0,46.0,19.0,41.31,83.72,2285.75,6.71,18.5,Zaid,Sprinkler,Groundwater,6.06,Yes,35.41,East,Medium,22.61
Cotton,Vegetative,Silt,8.09,10.04,0.61,1.3,117.0,46.0,19.0,24.28,54.26,1722.97,10.63,10.31,Zaid,Canal,River,8.53,No,36.17,East,Medium,30.34
Maize,Sowing,Silt,8.04,54.34,1.19,0.51,76.0,48.5,20.0,28.45,77.39,908.49,7.76,3.13,Kharif,Rainfed,Groundwater,2.52,No,115.96,West,Low,52.21
Maize,Sowing,Sandy,5.89,56.15,1.22,0.68,76.0,48.5,20.0,28.73,55.28,2440.34,8.42,16.17,Kharif,Canal,River,0.44,No,57.52,South,Low,25.48
Maize,Vegetative,Silt,7.75,22.74,1.03,1.72,76.0,48.5,20.0,30.19,71.23,1369.31,10.77,17.42,Rabi,Sprinkler,Rainwater,2.43,No,16.13,East,High,18.25
Cotton,Vegetative,Clay,7.46,31.68,0.87,0.94,117.0,46.0,19.0,15.91,34.41,292.33,7.7,18.85,Zaid,Drip,River,9.41,No,40.12,East,Medium,34.74
Rice,Vegetative,Silt,6.31,43.97,1.42,3.26,80.0,47.0,40.0,24.75,75.38,2159.13,6.55,18.77,Rabi,Canal,Groundwater,8.07,Yes,108.09,East,Low,52.02
Maize,Vegetative,Clay,6.45,29.99,0.33,0.73,76.0,48.5,20.0,12.79,27.6,2300.23,6.99,19.6,Zaid,Sprinkler,River,6.45,No,62.61,South,Medium,43.96
Rice,Harvest,Silt,6.05,16.51,1.59,0.86,80.0,47.0,40.0,28.6,29.73,394.65,10.38,11.36,Kharif,Drip,Reservoir,4.9,Yes,55.97,North,Low,27.22
Rice,Flowering,Loamy,5.74,19.04,1.4,0.6,80.0,47.0,40.0,30.6,81.93,307.9,4.24,11.65,Kharif,Canal,Groundwater,3.22,Yes,25.65,South,Medium,33.58
Cotton,Vegetative,Silt,7.97,36.63,1.6,1.19,117.0,46.0,19.0,17.67,79.07,1124.03,9.53,15.85,Kharif,Sprinkler,Rainwater,0.4,No,79.55,South,Medium,54.32
Rice,Flowering,Clay,4.9,41.89,1.4,1.75,80.0,47.0,40.0,27.73,33.94,850.45,10.42,7.72,Kharif,Rainfed,Groundwater,7.44,No,104.86,South,Low,63.59
Rice,Flowering,Silt,6.9,58.38,0.52,2.94,80.0,47.0,40.0,15.45,88.13,823.65,6.31,7.94,Zaid,Rainfed,River,8.22,Yes,119.13,East,Low,53.9
Maize,Flowering,Clay,6.53,59.91,0.89,3.35,76.0,48.5,20.0,32.95,61.67,286.22,5.57,18.64,Kharif,Drip,River,13.42,Yes,24.28,North,Medium,22.93
Cotton,Harvest,Sandy,6.66,62.65,0.71,0.54,117.0,46.0,19.0,17.02,43.76,534.55,5.76,8.45,Kharif,Canal,Rainwater,14.23,Yes,70.16,East,Low,17.96
Rice,Harvest,Loamy,6.02,52.08,0.67,2.9,80.0,47.0,40.0,36.52,67.6,1783.67,8.79,19.1,Rabi,Canal,Rainwater,14.01,No,100.86,East,Low,35.08
Cotton,Sowing,Sandy,5.08,59.64,1.42,2.9,117.0,46.0,19.0,26.11,44.66,1524.76,9.08,2.57,Zaid,Sprinkler,Rainwater,6.8,Yes,26.16,Central,Low,10.87
Rice,Sowing,Sandy,5.46,21.37,0.85,1.42,80.0,47.0,40.0,28.99,58.53,888.99,5.52,7.19,Rabi,Drip,Reservoir,3.53,No,112.16,South,Low,68.26
Cotton,Sowing,Sandy,8.03,19.26,0.74,0.47,117.0,46.0,19.0,17.6,82.15,2090.29,5.68,14.01,Kharif,Canal,River,13.4,Yes,62.19,West,Low,34.06
Cotton,Vegetative,Loamy,6.39,48.29,0.59,2.33,117.0,46.0,19.0,30.94,37.82,1986.09,7.03,8.05,Zaid,Canal,River,5.0,No,95.2,South,Medium,66.68
Cotton,Harvest,Sandy,4.98,61.44,0.6,3.44,117.0,46.0,19.0,19.66,91.96,1952.95,10.42,17.11,Zaid,Drip,Reservoir,1.98,No,64.24,Central,Low,17.15
Maize,Vegetative,Loamy,4.93,18.66,0.98,1.74,76.0,48.5,20.0,23.58,56.16,2120.0,4.19,15.35,Zaid,Drip,Rainwater,12.87,No,45.46,East,Medium,37.87
Rice,Harvest,Clay,6.63,50.55,0.68,0.94,80.0,47.0,40.0,18.89,89.63,1697.66,10.03,7.45,Kharif,Canal,River,12.25,Yes,72.98,Central,Low,21.7
Maize,Harvest,Silt,6.53,60.87,0.37,3.44,76.0,48.5,20.0,35.86,88.78,1873.56,9.06,10.35,Rabi,Drip,River,4.78,Yes,60.85,West,Low,19.15
Rice,Sowing,Silt,5.63,44.87,0.98,0.96,80.0,47.0,40.0,40.18,28.1,1942.27,5.52,14.76,Zaid,Drip,Groundwater,12.17,Yes,16.61,North,Low,9.14
Rice,Vegetative,Loamy,7.33,63.31,1.36,0.18,80.0,47.0,40.0,24.96,50.37,422.9,7.34,3.46,Kharif,Drip,River,2.09,No,74.49,West,Low,32.45
Maize,Vegetative,Loamy,5.77,29.86,1.41,2.26,76.0,48.5,20.0,17.2,47.45,1945.72,5.01,4.22,Rabi,Sprinkler,Groundwater,7.95,No,34.97,West,Low,17.62
Rice,Sowing,Clay,5.64,8.08,0.83,1.34,80.0,47.0,40.0,26.32,76.56,2367.78,5.0,6.53,Zaid,Rainfed,Reservoir,9.28,Yes,31.17,South,Low,18.68
Maize,Harvest,Silt,6.99,49.71,1.51,1.47,76.0,48.5,20.0,27.78,36.08,1684.09,9.69,6.96,Rabi,Rainfed,Rainwater,6.92,Yes,44.64,North,Low,14.66
Maize,Sowing,Clay,5.73,28.52,0.55,2.54,76.0,48.5,20.0,14.53,39.69,2235.42,5.96,16.18,Kharif,Drip,Groundwater,10.59,No,24.78,North,Low,12.33
Maize,Flowering,Silt,4.83,12.56,1.07,0.83,76.0,48.5,20.0,17.75,66.31,995.52,10.42,11.8,Zaid,Canal,River,14.89,No,81.37,West,Medium,76.53
Maize,Harvest,Loamy,6.74,62.66,1.12,2.62,76.0,48.5,20.0,40.69,46.69,1427.98,7.09,17.25,Rabi,Sprinkler,Rainwater,5.32,No,60.52,North,Low,19.36
Cotton,Flowering,Loamy,7.93,37.37,1.53,2.61,117.0,46.0,19.0,36.57,79.39,2145.35,9.24,2.7,Kharif,Canal,Rainwater,3.58,Yes,14.62,North,Low,10.03
Cotton,Flowering,Silt,8.09,64.03,0.52,1.74,117.0,46.0,19.0,28.88,42.7,967.82,8.61,12.15,Kharif,Rainfed,Reservoir,3.89,Yes,32.8,South,Low,15.99
Cotton,Harvest,Clay,6.36,41.26,0.34,2.78,117.0,46.0,19.0,33.42,80.75,131.04,4.46,8.64,Rabi,Drip,Reservoir,14.69,Yes,26.88,North,Low,14.17
Maize,Vegetative,Loamy,6.4,29.36,0.81,0.97,76.0,48.5,20.0,40.3,93.17,2003.03,9.86,9.23,Zaid,Sprinkler,Rainwater,9.22,No,103.6,South,Medium,93.42
Maize,Harvest,Silt,6.35,8.96,0.73,1.2,76.0,48.5,20.0,30.84,27.13,632.68,7.39,12.31,Kharif,Rainfed,Groundwater,2.12,Yes,54.23,South,Medium,33.95
Maize,Flowering,Clay,5.95,51.11,0.72,1.54,76.0,48.5,20.0,31.83,85.24,1622.13,10.09,17.06,Zaid,Drip,Rainwater,8.21,No,85.22,West,Medium,70.22
Maize,Flowering,Silt,7.98,31.56,0.88,3.46,76.0,48.5,20.0,13.7,59.14,2231.97,8.44,4.24,Kharif,Drip,Reservoir,2.88,No,10.47,Central,Low,6.09
Maize,Vegetative,Clay,5.51,13.03,0.53,2.25,76.0,48.5,20.0,24.23,74.68,2323.36,7.41,15.65,Kharif,Canal,Groundwater,14.76,Yes,71.29,South,Medium,59.78
Rice,Flowering,Sandy,4.93,19.51,0.85,3.03,80.0,47.0,40.0,40.23,83.91,1896.19,5.81,1.03,Zaid,Rainfed,River,2.07,No,24.46,Central,Medium,28.52
Cotton,Flowering,Loamy,8.09,38.17,1.57,0.69,117.0,46.0,19.0,41.06,37.71,556.77,4.69,18.34,Zaid,Sprinkler,Rainwater,11.71,No,88.01,Central,Medium,88.28
Rice,Vegetative,Loamy,6.84,12.17,0.58,0.76,80.0,47.0,40.0,32.48,31.75,83.15,9.81,4.66,Rabi,Sprinkler,Rainwater,13.58,No,48.64,West,High,83.45
Maize,Harvest,Clay,4.89,38.01,1.0,2.91,76.0,48.5,20.0,16.35,45.19,736.89,7.17,10.73,Rabi,Drip,Reservoir,6.52,Yes,101.91,Central,Low,33.21
Rice,Sowing,Sandy,6.69,10.32,0.86,1.98,80.0,47.0,40.0,22.19,61.3,1041.33,4.88,1.9,Kharif,Sprinkler,Rainwater,2.94,Yes,11.7,Central,Low,6.73
Maize,Flowering,Silt,7.32,46.32,0.53,0.96,76.0,48.5,20.0,25.53,27.86,2053.32,7.72,14.0,Rabi,Rainfed,Rainwater,7.15,Yes,89.77,South,Low,51.09
Cotton,Vegetative,Clay,5.75,27.67,1.55,1.81,117.0,46.0,19.0,38.09,40.34,2030.61,9.69,10.69,Zaid,Drip,Groundwater,8.2,Yes,46.86,Central,Medium,42.14
Maize,Sowing,Loamy,5.1,22.33,1.58,1.82,76.0,48.5,20.0,20.85,81.74,1864.0,4.1,7.16,Rabi,Sprinkler,River,9.09,Yes,91.36,South,Low,50.87
Rice,Harvest,Loamy,6.21,25.63,1.39,1.04,80.0,47.0,40.0,35.56,48.1,611.1,5.71,8.69,Kharif,Drip,Rainwater,13.96,No,58.55,South,Low,25.64
Rice,Vegetative,Loamy,5.74,35.5,0.58,2.48,80.0,47.0,40.0,31.35,91.97,2017.53,9.76,19.65,Zaid,Rainfed,Rainwater,3.42,No,23.99,North,Medium,18.99
Cotton,Harvest,Clay,6.49,34.18,0.74,1.77,117.0,46.0,19.0,18.92,45.39,178.16,10.65,0.64,Kharif,Drip,Rainwater,1.13,No,65.6,Central,Low,30.81
Rice,Flowering,Silt,6.3,10.59,1.13,1.84,80.0,47.0,40.0,33.84,49.67,1199.73,4.09,16.61,Kharif,Rainfed,Groundwater,11.44,Yes,58.16,East,Medium,64.19
Rice,Harvest,Clay,7.13,41.17,0.91,1.66,80.0,47.0,40.0,27.07,66.98,319.9,8.04,14.25,Zaid,Rainfed,Groundwater,14.41,No,108.99,East,Low,46.67
Cotton,Sowing,Sandy,5.49,32.53,0.95,0.16,117.0,46.0,19.0,17.75,78.09,1396.73,4.31,15.39,Kharif,Sprinkler,Reservoir,13.75,No,33.85,South,Low,16.78
Rice,Harvest,Loamy,7.77,33.87,0.86,1.21,80.0,47.0,40.0,25.88,77.41,2368.01,7.55,15.78,Kharif,Sprinkler,Rainwater,11.47,No,80.39,North,Low,30.0
Cotton,Vegetative,Loamy,5.0,58.12,1.0,0.61,117.0,46.0,19.0,15.62,91.22,208.0,5.4,1.5,Rabi,Canal,River,13.46,No,92.4,East,Medium,66.27
Cotton,Sowing,Silt,7.82,59.07,1.45,3.18,117.0,46.0,19.0,21.21,55.65,1858.44,9.09,10.2,Rabi,Drip,Rainwater,0.33,Yes,70.58,East,Low,28.09
Rice,Flowering,Clay,6.54,36.29,1.08,2.52,80.0,47.0,40.0,16.24,45.79,986.92,10.14,19.7,Zaid,Sprinkler,Groundwater,12.56,Yes,16.84,Central,Low,9.54
Cotton,Flowering,Loamy,8.0,59.32,1.14,2.87,117.0,46.0,19.0,23.49,69.65,1457.63,10.12,13.3,Zaid,Sprinkler,River,4.53,No,102.46,West,Medium,71.38
Cotton,Sowing,Silt,6.15,52.38,0.34,1.52,117.0,46.0,19.0,14.85,72.87,714.17,8.64,6.03,Rabi,Drip,River,7.21,No,61.13,North,Low,24.44
Maize,Harvest,Silt,6.24,30.94,0.44,1.29,76.0,48.5,20.0,34.34,94.92,1926.44,4.92,17.3,Zaid,Sprinkler,Groundwater,0.89,Yes,80.0,East,Low,33.17
Rice,Sowing,Sandy,6.11,63.12,0.43,0.55,80.0,47.0,40.0,30.48,60.28,285.15,8.31,15.39,Zaid,Canal,Rainwater,6.45,No,28.22,East,Medium,20.94
Rice,Vegetative,Clay,7.91,42.85,1.33,3.21,80.0,47.0,40.0,26.33,29.99,366.18,7.35,7.17,Zaid,Canal,Rainwater,8.24,Yes,69.15,Central,Low,39.73
Maize,Vegetative,Sandy,7.39,49.53,0.85,0.2,76.0,48.5,20.0,17.34,80.32,1799.34,7.31,14.96,Kharif,Sprinkler,Rainwater,9.57,No,34.13,West,Medium,20.58
Rice,Flowering,Sandy,6.52,27.66,1.34,1.6,80.0,47.0,40.0,40.86,85.95,2402.61,5.4,1.91,Zaid,Drip,Groundwater,6.26,No,117.99,Central,Medium,129.48
Cotton,Vegetative,Sandy,6.38,22.69,0.63,2.34,117.0,46.0,19.0,32.77,26.69,1523.57,10.48,15.43,Zaid,Sprinkler,Groundwater,2.71,Yes,104.56,South,Medium,93.25
Maize,Vegetative,Silt,6.28,37.72,1.36,3.38,76.0,48.5,20.0,23.42,89.7,2080.67,10.89,19.23,Zaid,Rainfed,Reservoir,14.18,No,29.8,East,Medium,21.41
Cotton,Harvest,Loamy,5.33,46.95,0.89,0.15,117.0,46.0,19.0,27.56,25.17,1271.51,6.55,5.83,Zaid,Sprinkler,River,12.75,No,72.39,West,Low,24.37
Cotton,Vegetative,Clay,8.02,23.36,0.79,2.42,117.0,46.0,19.0,34.27,81.27,59.72,5.64,13.37,Rabi,Canal,River,11.31,No,0.26,North,High,0.45
Rice,Sowing,Sandy,8.0,48.78,0.43,2.27,80.0,47.0,40.0,12.19,91.77,462.21,5.34,4.33,Rabi,Rainfed,River,14.67,No,74.48,Central,Low,32.86
Rice,Flowering,Silt,6.55,22.82,0.34,3.07,80.0,47.0,40.0,35.88,27.22,719.18,9.44,9.14,Rabi,Sprinkler,Reservoir,6.34,No,12.98,South,Medium,14.28
Rice,Vegetative,Loamy,6.71,45.69,1.09,2.65,80.0,47.0,40.0,25.23,70.15,1609.7,4.93,16.86,Rabi,Drip,River,13.5,No,90.86,East,Medium,61.75
Cotton,Sowing,Loamy,6.68,47.65,1.36,2.1,117.0,46.0,19.0,20.39,70.25,235.2,5.27,4.74,Zaid,Rainfed,Rainwater,6.39,No,10.93,North,Low,6.3
Cotton,Sowing,Silt,5.23,46.91,1.08,0.82,117.0,46.0,19.0,37.33,78.88,1366.61,7.03,14.04,Kharif,Rainfed,Reservoir,4.84,No,47.18,Central,Low,24.86
Maize,Sowing,Clay,6.6,30.39,1.21,0.37,76.0,48.5,20.0,30.75,52.82,1774.64,10.59,12.87,Kharif,Sprinkler,Rainwater,6.4,No,73.48,South,Low,42.29
Rice,Harvest,Sandy,6.63,61.45,1.58,2.65,80.0,47.0,40.0,28.91,89.11,1715.04,9.24,19.32,Rabi,Drip,Reservoir,7.3,No,45.63,West,Low,13.37
Cotton,Flowering,Silt,6.45,56.88,0.55,1.76,117.0,46.0,19.0,32.13,66.09,1333.75,8.84,0.53,Zaid,Canal,River,5.75,Yes,55.11,East,Low,30.02
Maize,Vegetative,Silt,6.68,31.29,1.53,1.71,76.0,48.5,20.0,37.34,76.25,1032.35,5.6,10.94,Rabi,Drip,River,11.66,Yes,83.89,South,Medium,72.72
Cotton,Vegetative,Sandy,8.19,17.01,0.55,2.76,117.0,46.0,19.0,12.77,53.72,1356.32,9.99,5.88,Zaid,Sprinkler,Groundwater,0.8,Yes,14.7,Central,Medium,11.18
Cotton,Sowing,Silt,6.26,9.23,1.51,0.38,117.0,46.0,19.0,27.3,89.29,2266.6,5.08,10.39,Zaid,Sprinkler,Rainwater,0.38,Yes,66.86,East,Low,40.46
Cotton,Flowering,Clay,5.89,52.74,0.44,2.51,117.0,46.0,19.0,37.68,48.03,652.32,5.19,9.4,Zaid,Canal,Groundwater,10.2,Yes,18.6,North,Low,11.13
Rice,Sowing,Sandy,5.45,64.35,1.11,2.0,80.0,47.0,40.0,24.63,89.87,1632.72,8.38,17.07,Kharif,Sprinkler,Groundwater,1.08,No,16.0,West,Low,6.21
Maize,Harvest,Silt,6.18,50.95,0.74,1.93,76.0,48.5,20.0,12.4,91.3,2087.26,5.86,12.15,Zaid,Rainfed,River,0.53,Yes,20.1,West,Low,5.71
Maize,Harvest,Clay,5.98,46.41,1.09,1.72,76.0,48.5,20.0,16.05,68.16,880.66,4.35,19.59,Rabi,Drip,Reservoir,14.71,No,53.08,South,Low,15.95
Rice,Harvest,Sandy,7.13,55.76,0.31,0.48,80.0,47.0,40.0,22.4,88.3,698.37,10.31,10.64,Zaid,Sprinkler,Rainwater,9.91,Yes,13.1,South,Low,3.83
Rice,Harvest,Clay,5.71,47.75,0.75,0.43,80.0,47.0,40.0,40.23,55.23,176.72,6.07,4.17,Rabi,Drip,Rainwater,1.53,Yes,91.71,Central,Low,46.62
Maize,Vegetative,Clay,7.56,20.8,0.64,0.92,76.0,48.5,20.0,31.72,77.96,1066.88,10.9,12.79,Rabi,Sprinkler,River,9.92,Yes,105.82,North,Medium,94.84
Rice,Sowing,Loamy,4.99,11.9,0.59,1.0,80.0,47.0,40.0,32.61,81.78,654.1,10.49,1.75,Kharif,Canal,Groundwater,12.87,Yes,72.45,Central,Low,46.12
Maize,Harvest,Loamy,5.04,17.65,1.6,0.82,76.0,48.5,20.0,22.23,28.33,1881.87,7.86,16.02,Zaid,Drip,Groundwater,4.66,No,47.23,North,Medium,27.16
Maize,Harvest,Silt,7.98,49.58,0.68,2.6,76.0,48.5,20.0,28.91,81.2,2104.65,8.43,1.73,Zaid,Sprinkler,River,0.5,Yes,12.12,East,Low,4.03
Maize,Harvest,Sandy,7.41,21.54,0.83,2.88,76.0,48.5,20.0,20.11,54.53,1628.91,4.38,17.04,Kharif,Canal,Reservoir,10.06,Yes,81.51,North,Low,31.72
Rice,Flowering,Loamy,7.6,40.34,1.13,1.14,80.0,47.0,40.0,29.98,30.99,1096.97,10.92,3.93,Kharif,Sprinkler,Rainwater,14.07,No,13.25,South,Low,8.33
Rice,Sowing,Clay,6.56,12.69,1.14,1.27,80.0,47.0,40.0,13.03,85.79,2165.24,9.53,5.34,Zaid,Drip,Groundwater,6.26,Yes,51.34,East,Low,27.33
Maize,Harvest,Silt,5.2,26.72,1.5,2.09,76.0,48.5,20.0,39.29,87.11,1927.15,4.54,13.18,Kharif,Sprinkler,Rainwater,0.48,No,7.58,South,Low,3.4
Rice,Sowing,Clay,6.81,29.23,1.56,3.26,80.0,47.0,40.0,25.28,91.27,1999.1,4.32,18.53,Zaid,Rainfed,Groundwater,12.24,No,81.81,South,Low,45.08
Cotton,Flowering,Sandy,6.44,53.02,1.2,1.19,117.0,46.0,19.0,22.79,30.04,461.77,4.27,17.1,Rabi,Rainfed,Reservoir,4.97,No,2.16,Central,Medium,1.7
Rice,Vegetative,Sandy,4.83,32.61,0.62,1.66,80.0,47.0,40.0,29.24,59.52,37.61,7.48,6.41,Rabi,Drip,Rainwater,7.61,No,12.89,Central,Medium,15.38
Cotton,Vegetative,Clay,6.47,44.91,0.66,0.31,117.0,46.0,19.0,39.58,60.18,248.16,6.06,15.71,Kharif,Drip,Reservoir,2.71,No,93.95,Central,High,122.73
Maize,Flowering,Sandy,6.1,37.09,0.83,2.69,76.0,48.5,20.0,34.37,86.65,1211.36,7.55,5.65,Zaid,Canal,Rainwater,13.71,Yes,12.33,North,Low,8.31
Maize,Flowering,Sandy,6.24,64.25,0.89,1.71,76.0,48.5,20.0,21.21,92.48,631.29,7.75,15.34,Zaid,Canal,River,3.53,No,11.68,South,Medium,7.52
Cotton,Harvest,Clay,5.82,17.44,0.8,2.41,117.0,46.0,19.0,34.95,83.18,1815.3,4.05,9.9,Kharif,Rainfed,Rainwater,10.27,No,27.55,Central,Medium,17.92
Rice,Vegetative,Loamy,8.08,13.53,1.43,2.01,80.0,47.0,40.0,21.92,65.34,798.04,5.62,1.45,Kharif,Rainfed,Rainwater,14.85,Yes,7.42,West,Medium,6.08
Rice,Vegetative,Clay,7.45,58.53,1.52,3.45,80.0,47.0,40.0,35.76,47.61,1945.6,6.93,15.01,Zaid,Drip,Reservoir,4.32,Yes,30.21,North,Medium,19.89
Cotton,Harvest,Clay,5.48,25.22,0.8,2.87,117.0,46.0,19.0,22.75,56.43,196.37,7.38,7.77,Kharif,Rainfed,River,9.86,No,108.2,North,Low,56.2
Maize,Vegetative,Loamy,5.07,48.7,1.25,0.75,76.0,48.5,20.0,24.04,84.16,884.59,4.99,6.84,Rabi,Canal,Rainwater,8.3,Yes,62.96,East,Low,28.74
Rice,Vegetative,Loamy,6.41,42.89,0.83,2.06,80.0,47.0,40.0,20.63,76.2,745.49,10.79,18.46,Zaid,Sprinkler,Reservoir,5.57,Yes,33.52,West,Low,15.62
Rice,Flowering,Clay,4.83,32.35,0.95,0.33,80.0,47.0,40.0,15.64,47.18,344.06,8.02,17.83,Rabi,Drip,Groundwater,7.86,Yes,62.8,South,Low,43.35
Maize,Flowering,Clay,7.55,29.03,0.41,0.69,76.0,48.5,20.0,12.51,73.7,367.99,8.99,7.47,Zaid,Drip,Reservoir,10.54,Yes,102.72,North,Low,70.89
Cotton,Harvest,Silt,7.71,20.25,0.74,1.8,117.0,46.0,19.0,40.82,70.41,360.96,6.27,11.51,Kharif,Drip,Rainwater,3.0,No,92.69,South,Medium,73.52
Maize,Harvest,Clay,7.46,33.1,1.07,1.34,76.0,48.5,20.0,26.82,87.13,618.22,9.67,18.64,Rabi,Sprinkler,Rainwater,11.87,No,76.63,East,Low,29.05
Cotton,Sowing,Sandy,7.52,35.95,1.17,0.9,117.0,46.0,19.0,15.5,35.43,200.1,4.4,7.41,Zaid,Canal,Rainwater,6.19,No,68.12,North,Low,42.65
Maize,Sowing,Loamy,5.59,39.18,1.26,1.42,76.0,48.5,20.0,29.42,55.75,847.62,8.02,16.02,Rabi,Drip,Rainwater,5.4,Yes,83.86,South,Low,44.15
Cotton,Harvest,Clay,7.27,60.7,1.56,1.43,117.0,46.0,19.0,41.93,69.18,1082.23,7.51,18.39,Kharif,Drip,River,5.0,No,16.01,East,Low,5.24
Maize,Vegetative,Sandy,5.33,14.36,0.67,0.51,76.0,48.5,20.0,18.64,79.24,1365.02,7.18,5.57,Zaid,Rainfed,Groundwater,11.66,No,65.49,North,Medium,51.82
Maize,Vegetative,Sandy,7.49,55.64,1.08,3.38,76.0,48.5,20.0,25.52,26.8,1876.77,10.73,8.25,Rabi,Canal,River,4.88,No,118.74,East,Low,51.24
Cotton,Flowering,Clay,8.2,44.02,1.06,2.2,117.0,46.0,19.0,32.45,66.12,2288.07,4.61,7.3,Rabi,Sprinkler,Reservoir,2.58,No,87.95,Central,Medium,78.12
Cotton,Sowing,Clay,4.88,33.03,1.49,0.55,117.0,46.0,19.0,12.35,68.19,1586.15,10.95,1.71,Zaid,Sprinkler,Reservoir,6.81,No,11.83,South,Low,5.67
Cotton,Vegetative,Loamy,6.69,50.76,0.36,1.86,117.0,46.0,19.0,20.76,27.73,317.53,9.63,18.57,Rabi,Canal,Reservoir,1.53,No,44.03,Central,Medium,32.99
Rice,Sowing,Loamy,7.95,26.03,1.28,0.31,80.0,47.0,40.0,13.53,44.48,2345.26,7.11,14.04,Kharif,Canal,Reservoir,7.73,No,57.18,Central,Low,29.03
Rice,Flowering,Loamy,5.65,45.71,0.42,2.7,80.0,47.0,40.0,39.71,94.7,91.08,6.59,15.23,Rabi,Rainfed,River,7.37,No,20.37,South,High,35.71
Cotton,Harvest,Sandy,7.08,44.12,0.8,1.8,117.0,46.0,19.0,37.27,39.85,1391.25,10.66,19.53,Kharif,Sprinkler,Groundwater,14.06,Yes,112.93,South,Low,42.76
Cotton,Flowering,Clay,7.54,33.69,1.25,2.72,117.0,46.0,19.0,12.94,51.22,1788.03,4.24,6.28,Kharif,Sprinkler,Groundwater,3.28,Yes,97.41,West,Low,55.67
Cotton,Flowering,Silt,8.09,51.24,1.49,2.68,117.0,46.0,19.0,25.56,69.77,27.97,8.74,18.37,Rabi,Rainfed,Rainwater,3.93,Yes,8.37,North,Medium,9.79
Rice,Flowering,Silt,5.09,37.45,0.91,2.43,80.0,47.0,40.0,36.3,26.29,1727.13,4.61,15.6,Rabi,Sprinkler,Rainwater,6.76,No,85.66,Central,Medium,83.7
Cotton,Flowering,Clay,6.51,11.11,1.3,2.66,117.0,46.0,19.0,37.69,58.51,1569.64,8.59,6.84,Kharif,Drip,Reservoir,12.44,Yes,0.16,East,Medium,0.18
Cotton,Vegetative,Sandy,5.29,35.99,1.38,0.79,117.0,46.0,19.0,27.45,61.32,1972.72,9.31,2.43,Zaid,Sprinkler,Reservoir,11.97,No,12.24,South,Low,6.51
Maize,Vegetative,Sandy,5.94,17.11,1.33,2.68,76.0,48.5,20.0,32.53,94.26,1354.61,6.84,2.39,Zaid,Rainfed,River,12.13,Yes,5.13,South,Medium,4.66
Rice,Sowing,Sandy,6.57,29.83,0.86,0.97,80.0,47.0,40.0,39.62,81.11,160.63,6.46,9.83,Kharif,Drip,Rainwater,14.17,Yes,47.96,West,Low,41.29
Maize,Flowering,Silt,4.83,62.93,0.38,1.17,76.0,48.5,20.0,19.54,79.81,1081.58,8.04,18.59,Rabi,Drip,Reservoir,7.85,No,89.06,South,Medium,57.18
Cotton,Sowing,Silt,7.39,61.97,1.18,0.87,117.0,46.0,19.0,19.96,55.59,1528.8,8.68,2.59,Rabi,Canal,Reservoir,4.9,Yes,90.99,South,Low,34.61
Maize,Flowering,Sandy,7.22,27.16,0.78,3.4,76.0,48.5,20.0,14.97,85.9,944.74,5.94,2.78,Zaid,Canal,Rainwater,5.99,No,5.7,East,Low,3.44
Cotton,Sowing,Loamy,6.05,44.47,1.43,3.2,117.0,46.0,19.0,18.76,27.16,596.14,8.81,14.18,Kharif,Canal,River,13.85,No,75.74,West,Low,34.1
Rice,Harvest,Clay,7.37,54.49,0.33,0.57,80.0,47.0,40.0,40.2,55.09,334.68,9.01,3.08,Kharif,Sprinkler,River,0.78,Yes,117.86,West,Low,49.28
Cotton,Sowing,Clay,8.05,43.76,1.19,2.57,117.0,46.0,19.0,37.81,77.1,1752.56,7.2,3.78,Zaid,Sprinkler,Rainwater,6.91,Yes,24.8,East,Low,13.52
Cotton,Vegetative,Clay,5.62,8.01,0.55,0.97,117.0,46.0,19.0,40.38,37.76,1556.42,10.1,12.12,Kharif,Canal,Rainwater,3.9,No,26.1,East,High,32.97
Cotton,Sowing,Silt,5.9,51.5,0.85,0.67,117.0,46.0,19.0,15.62,45.04,1448.12,7.81,4.84,Rabi,Rainfed,Reservoir,8.86,Yes,14.5,West,Low,5.89
Maize,Sowing,Silt,5.42,50.57,1.11,1.4,76.0,48.5,20.0,12.84,75.67,1327.55,5.29,7.86,Kharif,Drip,River,5.0,No,72.5,West,Low,29.52
Cotton,Sowing,Loamy,6.76,37.05,1.43,1.9,117.0,46.0,19.0,15.3,30.38,918.84,9.75,17.07,Zaid,Rainfed,Rainwater,7.41,No,61.22,West,Low,28.41
Cotton,Vegetative,Loamy,6.23,25.03,1.21,2.59,117.0,46.0,19.0,14.54,31.93,1676.77,6.24,9.71,Kharif,Rainfed,River,12.07,Yes,74.55,South,Low,38.15
Maize,Flowering,Silt,4.82,18.42,1.46,0.97,76.0,48.5,20.0,17.47,33.68,2469.99,8.22,1.23,Rabi,Canal,Groundwater,12.25,Yes,18.38,South,Medium,17.23
Rice,Sowing,Loamy,5.07,59.06,1.3,2.63,80.0,47.0,40.0,18.87,51.96,1460.81,9.2,13.44,Kharif,Canal,Rainwater,12.45,Yes,2.55,East,Low,0.99
Maize,Flowering,Loamy,7.8,50.44,0.62,3.27,76.0,48.5,20.0,23.32,28.53,721.53,9.81,2.84,Kharif,Canal,Rainwater,8.02,Yes,102.24,Central,Low,54.64
Cotton,Flowering,Clay,7.2,63.96,0.53,1.68,117.0,46.0,19.0,26.08,60.24,2461.74,6.91,16.29,Zaid,Drip,Groundwater,12.33,No,29.36,West,Medium,19.92
Rice,Flowering,Loamy,5.72,56.48,0.72,1.31,80.0,47.0,40.0,25.03,34.71,321.44,8.25,12.63,Kharif,Drip,River,14.35,No,81.47,Central,Medium,71.86
Cotton,Sowing,Loamy,6.06,10.74,1.29,1.48,117.0,46.0,19.0,17.97,82.34,857.91,7.85,4.92,Zaid,Rainfed,Reservoir,5.22,No,95.79,West,Low,52.68
Maize,Vegetative,Silt,7.8,47.82,1.26,0.98,76.0,48.5,20.0,25.53,50.63,2142.06,7.12,3.07,Rabi,Drip,River,11.23,Yes,45.26,North,Low,21.15
Maize,Vegetative,Silt,5.09,54.62,0.43,1.72,76.0,48.5,20.0,37.09,55.82,440.62,7.37,16.62,Kharif,Drip,Rainwater,0.89,No,69.58,South,Medium,52.54
Rice,Flowering,Loamy,6.2,56.37,0.69,0.3,80.0,47.0,40.0,18.48,89.11,145.78,8.68,3.85,Zaid,Drip,River,3.55,Yes,79.59,West,Medium,75.47
Maize,Harvest,Sandy,4.97,23.44,1.37,0.74,76.0,48.5,20.0,23.58,94.88,35.37,7.21,17.55,Rabi,Rainfed,Reservoir,1.43,Yes,69.86,Central,Medium,59.57
Rice,Sowing,Clay,5.45,10.47,1.47,3.43,80.0,47.0,40.0,35.11,78.71,460.7,5.67,15.4,Rabi,Rainfed,Rainwater,3.82,No,72.2,Central,Medium,71.61
Cotton,Harvest,Silt,7.49,28.77,0.44,0.7,117.0,46.0,19.0,41.69,73.15,2405.56,5.22,3.51,Kharif,Drip,Reservoir,2.91,No,107.6,North,Low,47.78
Cotton,Sowing,Clay,5.83,53.9,0.56,1.15,117.0,46.0,19.0,26.4,56.4,363.52,10.36,16.3,Zaid,Canal,Reservoir,7.37,Yes,84.86,South,Low,43.86
Maize,Flowering,Silt,5.73,11.01,0.59,1.14,76.0,48.5,20.0,21.37,50.72,171.91,7.21,9.14,Zaid,Canal,River,6.41,Yes,62.09,West,Medium,82.65
Maize,Flowering,Silt,5.2,18.28,0.94,2.32,76.0,48.5,20.0,16.93,30.25,1962.6,7.71,0.76,Rabi,Drip,Groundwater,1.24,Yes,108.64,North,Medium,101.27
Rice,Flowering,Sandy,5.66,43.74,0.85,0.57,80.0,47.0,40.0,30.3,45.36,1231.82,5.19,19.08,Rabi,Canal,River,3.39,No,79.29,East,Medium,69.2
Maize,Flowering,Sandy,6.78,52.13,0.77,1.94,76.0,48.5,20.0,34.84,77.67,901.88,6.95,6.28,Rabi,Rainfed,River,14.67,Yes,16.18,West,Low,9.5
Rice,Sowing,Silt,6.58,20.26,1.38,2.61,80.0,47.0,40.0,30.86,66.13,1917.65,4.06,0.94,Kharif,Canal,Reservoir,14.45,Yes,52.02,North,Low,32.51
Maize,Vegetative,Clay,5.2,39.45,0.44,2.34,76.0,48.5,20.0,37.51,70.23,1823.24,9.77,13.01,Kharif,Sprinkler,Groundwater,6.32,Yes,65.37,Central,Medium,52.85
Maize,Flowering,Loamy,5.24,42.3,1.06,2.75,76.0,48.5,20.0,19.69,63.32,1894.47,8.34,12.26,Zaid,Drip,Reservoir,12.53,Yes,49.6,North,Low,27.62
Rice,Vegetative,Loamy,7.98,19.47,0.69,2.07,80.0,47.0,40.0,26.41,27.94,2170.06,6.13,12.56,Kharif,Drip,Rainwater,3.16,Yes,17.44,North,Medium,14.94
Rice,Harvest,Clay,5.85,37.82,1.11,3.27,80.0,47.0,40.0,35.72,30.63,1393.64,9.06,9.12,Zaid,Drip,River,4.99,Yes,13.99,East,Low,5.53
Rice,Sowing,Silt,5.64,21.23,0.99,2.54,80.0,47.0,40.0,20.64,66.38,415.01,7.53,2.13,Zaid,Canal,Rainwater,6.87,No,36.91,North,Low,23.02
Maize,Harvest,Sandy,4.92,10.71,1.03,1.17,76.0,48.5,20.0,33.13,70.19,1942.38,9.48,17.29,Zaid,Sprinkler,River,10.42,Yes,10.76,West,Medium,6.88
Maize,Flowering,Loamy,5.15,40.64,0.4,2.34,76.0,48.5,20.0,30.17,74.88,2340.39,9.99,13.98,Kharif,Rainfed,Rainwater,3.8,No,63.68,West,Medium,57.13
Rice,Flowering,Sandy,7.27,62.18,1.05,0.99,80.0,47.0,40.0,17.09,73.63,1399.17,7.56,15.93,Kharif,Drip,Reservoir,5.3,No,94.07,South,Medium,59.34
Cotton,Flowering,Sandy,5.18,41.13,1.38,0.99,117.0,46.0,19.0,13.77,75.09,1684.14,10.76,11.61,Rabi,Canal,Rainwater,0.78,Yes,8.93,North,Low,4.78
Rice,Vegetative,Loamy,6.45,32.12,1.38,2.09,80.0,47.0,40.0,37.8,43.12,2023.64,10.06,12.72,Kharif,Sprinkler,Groundwater,13.19,No,26.09,South,Medium,22.55
Maize,Vegetative,Silt,6.64,59.49,0.42,2.78,76.0,48.5,20.0,37.39,89.92,639.84,10.94,14.14,Rabi,Rainfed,Rainwater,13.26,No,58.46,West,Medium,38.65
Rice,Harvest,Sandy,7.16,49.8,1.22,0.65,80.0,47.0,40.0,39.24,45.9,125.59,5.25,4.54,Rabi,Rainfed,River,0.75,No,35.56,West,Medium,26.11
Maize,Harvest,Clay,6.69,40.3,0.33,2.76,76.0,48.5,20.0,34.79,59.38,1854.63,8.26,4.29,Rabi,Sprinkler,Groundwater,10.91,Yes,62.39,West,Low,23.93
Rice,Harvest,Loamy,7.18,23.48,0.31,2.48,80.0,47.0,40.0,12.05,89.95,1988.12,8.27,16.32,Zaid,Sprinkler,Reservoir,13.69,No,56.45,North,Medium,29.25
Maize,Sowing,Clay,6.2,16.3,0.68,0.4,76.0,48.5,20.0,25.78,57.35,1187.04,6.22,11.49,Kharif,Drip,River,8.89,No,96.2,West,Medium,81.92
Maize,Flowering,Silt,7.06,35.88,1.12,3.07,76.0,48.5,20.0,20.42,30.56,856.36,4.82,10.71,Rabi,Drip,Groundwater,9.88,No,69.69,Central,Medium,59.19
Cotton,Sowing,Sandy,6.97,30.55,1.52,1.84,117.0,46.0,19.0,38.79,36.05,1887.67,10.28,17.94,Kharif,Sprinkler,River,7.71,Yes,100.55,North,Low,62.18
Rice,Sowing,Sandy,5.09,27.86,0.77,3.01,80.0,47.0,40.0,36.52,60.7,1575.35,4.02,15.92,Rabi,Drip,Reservoir,1.06,No,25.66,South,Low,15.9
Rice,Sowing,Loamy,6.33,54.89,0.97,2.76,80.0,47.0,40.0,20.99,71.85,1715.14,4.85,17.54,Kharif,Sprinkler,Rainwater,3.39,Yes,78.02,East,Low,32.41
Rice,Vegetative,Silt,7.37,44.96,0.95,2.88,80.0,47.0,40.0,30.45,76.56,2490.57,9.42,3.36,Rabi,Drip,River,1.15,No,19.13,East,Medium,13.77
Maize,Flowering,Sandy,6.48,56.18,1.55,2.65,76.0,48.5,20.0,26.4,58.74,1000.45,10.69,4.93,Kharif,Drip,Groundwater,6.32,Yes,37.18,South,Low,19.31
Cotton,Sowing,Loamy,7.84,36.12,1.45,0.22,117.0,46.0,19.0,12.74,52.34,211.22,10.26,12.62,Rabi,Drip,River,7.37,Yes,28.7,North,Low,17.69
Rice,Flowering,Silt,7.85,28.44,1.37,0.31,80.0,47.0,40.0,22.01,53.4,182.33,8.28,17.39,Zaid,Canal,Groundwater,13.6,No,7.34,North,Medium,9.12
Rice,Flowering,Clay,5.1,9.74,1.17,1.71,80.0,47.0,40.0,14.41,33.91,813.19,8.46,3.33,Kharif,Canal,River,6.75,No,70.12,East,Medium,63.99
Maize,Vegetative,Loamy,5.89,30.54,0.56,2.65,76.0,48.5,20.0,35.97,46.57,2181.37,5.34,9.92,Kharif,Drip,Groundwater,0.34,Yes,41.06,Central,Low,24.77
Rice,Vegetative,Clay,5.41,61.64,1.46,3.31,80.0,47.0,40.0,33.36,92.21,1161.87,8.91,15.88,Zaid,Drip,Rainwater,13.58,Yes,45.06,Central,Medium,28.04
Maize,Vegetative,Loamy,5.61,57.67,1.18,0.87,76.0,48.5,20.0,36.95,91.05,559.24,10.09,0.79,Zaid,Sprinkler,Reservoir,9.48,No,9.06,West,Medium,6.09
Maize,Vegetative,Sandy,5.26,20.28,1.45,1.99,76.0,48.5,20.0,29.71,49.21,961.04,6.59,19.62,Kharif,Drip,River,0.67,Yes,18.93,East,Medium,16.71
Rice,Flowering,Silt,5.81,9.41,0.59,0.22,80.0,47.0,40.0,36.16,67.27,1733.77,5.89,17.71,Rabi,Drip,Reservoir,14.06,No,21.77,North,High,31.9
Rice,Vegetative,Clay,7.34,44.67,1.15,2.04,80.0,47.0,40.0,27.98,83.19,833.62,4.88,15.0,Kharif,Rainfed,Rainwater,11.17,Yes,16.09,North,Low,7.94
Cotton,Vegetative,Clay,7.84,21.08,0.84,1.02,117.0,46.0,19.0,32.45,65.83,2100.43,7.87,14.24,Kharif,Canal,River,8.92,No,54.11,East,High,63.34
Rice,Sowing,Clay,5.32,48.95,0.95,3.05,80.0,47.0,40.0,40.28,84.7,1889.75,8.78,5.39,Kharif,Canal,Reservoir,4.51,No,60.95,Central,Low,32.23
Rice,Flowering,Silt,5.24,27.87,0.47,0.32,80.0,47.0,40.0,40.34,79.2,839.33,4.92,2.38,Kharif,Drip,River,14.95,No,79.36,South,Medium,86.94
Rice,Vegetative,Sandy,7.55,25.71,0.46,2.08,80.0,47.0,40.0,16.42,52.78,1406.69,4.36,7.16,Rabi,Sprinkler,Reservoir,11.79,Yes,29.11,Central,Low,15.05
Cotton,Harvest,Silt,5.64,64.95,1.54,0.89,117.0,46.0,19.0,12.54,34.54,1630.17,4.5,15.62,Kharif,Drip,Reservoir,4.14,No,38.82,Central,Low,9.46
Maize,Sowing,Sandy,5.02,50.68,1.29,3.28,76.0,48.5,20.0,18.94,45.21,134.24,4.53,18.66,Kharif,Drip,River,13.34,Yes,25.75,Central,Low,15.31
Maize,Vegetative,Clay,6.95,43.23,1.18,0.12,76.0,48.5,20.0,35.92,64.58,20.08,10.81,2.21,Rabi,Canal,River,7.24,Yes,27.31,Central,Medium,31.91
Maize,Vegetative,Clay,5.66,27.47,0.36,2.82,76.0,48.5,20.0,34.48,39.59,565.38,4.47,6.25,Kharif,Canal,Groundwater,5.9,Yes,100.68,North,Low,61.45
Rice,Sowing,Loamy,6.69,9.65,1.32,1.54,80.0,47.0,40.0,14.43,38.28,2483.74,8.84,11.15,Kharif,Sprinkler,Groundwater,1.94,No,35.49,South,Medium,26.99
Rice,Sowing,Loamy,6.59,30.52,0.8,2.28,80.0,47.0,40.0,32.92,75.19,181.33,7.73,4.01,Zaid,Rainfed,Reservoir,5.36,Yes,111.94,Central,Low,88.82
Rice,Flowering,Silt,7.03,61.04,0.42,1.08,80.0,47.0,40.0,27.62,25.53,2186.25,8.47,10.97,Zaid,Rainfed,Reservoir,3.88,Yes,103.63,West,Low,51.65
Maize,Flowering,Sandy,7.74,12.79,0.66,2.4,76.0,48.5,20.0,34.19,55.45,272.76,8.73,19.81,Zaid,Rainfed,Reservoir,10.05,No,84.16,South,High,152.47
Maize,Vegetative,Sandy,4.85,21.89,1.22,0.57,76.0,48.5,20.0,16.48,71.91,1980.46,10.27,9.72,Kharif,Rainfed,River,7.62,No,58.58,West,Medium,44.62
Cotton,Flowering,Silt,5.05,36.01,1.35,2.6,117.0,46.0,19.0,36.67,70.54,854.94,7.63,17.68,Rabi,Canal,Reservoir,14.92,Yes,17.23,East,Medium,17.11
Cotton,Sowing,Silt,7.1,52.58,1.4,2.63,117.0,46.0,19.0,32.91,73.47,1449.61,5.69,15.95,Zaid,Drip,Reservoir,4.56,No,30.19,Central,Low,14.44
Maize,Vegetative,Sandy,6.71,52.61,0.52,1.02,76.0,48.5,20.0,35.84,68.65,2480.46,7.63,3.33,Rabi,Canal,Reservoir,9.51,No,71.11,East,Medium,49.89
Rice,Harvest,Silt,7.32,45.84,0.43,0.52,80.0,47.0,40.0,31.34,41.73,1554.16,8.43,19.97,Rabi,Drip,River,5.19,No,72.92,Central,Low,25.72
Maize,Sowing,Sandy,7.05,46.94,0.4,0.24,76.0,48.5,20.0,38.61,38.87,993.86,8.63,1.03,Rabi,Drip,Rainwater,13.35,No,23.85,Central,Low,12.71
Rice,Vegetative,Clay,6.01,35.45,0.33,2.95,80.0,47.0,40.0,36.87,60.65,1975.46,8.69,14.33,Kharif,Drip,Reservoir,4.14,No,49.39,West,Medium,41.14
Cotton,Flowering,Sandy,7.55,46.02,0.37,0.36,117.0,46.0,19.0,17.93,39.82,837.42,8.58,17.03,Zaid,Drip,Reservoir,4.4,Yes,97.56,East,Low,51.47
Cotton,Flowering,Clay,6.09,16.48,1.16,2.79,117.0,46.0,19.0,22.3,47.57,1320.27,7.22,9.91,Kharif,Drip,River,9.79,No,58.04,South,Medium,57.26
Cotton,Sowing,Clay,5.83,40.88,0.59,0.94,117.0,46.0,19.0,12.86,37.31,1755.78,4.44,19.99,Zaid,Drip,Rainwater,14.3,No,92.61,South,Low,41.38
Cotton,Sowing,Clay,6.36,50.15,0.32,1.95,117.0,46.0,19.0,21.45,52.33,247.58,8.48,0.88,Kharif,Sprinkler,River,9.49,Yes,50.34,North,Low,28.33
Maize,Sowing,Silt,7.58,12.35,0.84,0.41,76.0,48.5,20.0,35.15,64.17,1992.97,5.47,13.29,Rabi,Drip,Groundwater,4.48,No,92.19,South,Medium,85.81
Cotton,Vegetative,Clay,7.96,60.48,0.7,1.68,117.0,46.0,19.0,37.21,51.11,2250.4,10.02,16.19,Rabi,Canal,Reservoir,14.84,Yes,33.21,Central,Medium,21.68
Cotton,Harvest,Sandy,5.14,50.26,1.1,2.69,117.0,46.0,19.0,38.18,73.84,1308.54,8.43,11.52,Kharif,Rainfed,Rainwater,2.5,Yes,100.33,West,Low,36.07
Rice,Vegetative,Sandy,5.59,26.72,1.52,2.63,80.0,47.0,40.0,26.08,88.02,1994.09,7.7,17.69,Zaid,Rainfed,Rainwater,7.39,Yes,29.52,East,Low,16.74
Cotton,Harvest,Loamy,5.58,24.97,0.85,2.27,117.0,46.0,19.0,16.47,62.79,2022.6,6.19,8.22,Zaid,Sprinkler,Groundwater,6.69,Yes,34.02,South,Low,12.39
Cotton,Vegetative,Loamy,7.43,25.91,1.49,2.46,117.0,46.0,19.0,22.33,75.35,910.86,6.6,4.42,Rabi,Sprinkler,Reservoir,10.43,No,94.16,South,Low,51.74
Cotton,Flowering,Loamy,6.25,51.46,0.64,0.93,117.0,46.0,19.0,29.64,90.15,1536.36,5.47,11.76,Kharif,Sprinkler,Groundwater,1.06,No,84.49,West,Medium,67.95
Maize,Sowing,Silt,5.95,9.83,0.89,1.53,76.0,48.5,20.0,27.87,62.4,1131.84,5.58,10.52,Rabi,Canal,Reservoir,14.49,No,47.04,Central,Medium,40.89
Cotton,Vegetative,Sandy,5.1,10.72,1.22,2.2,117.0,46.0,19.0,35.75,28.11,970.49,6.93,19.0,Kharif,Rainfed,Rainwater,9.53,No,102.76,Central,High,125.02
Cotton,Sowing,Loamy,7.54,38.39,1.56,2.86,117.0,46.0,19.0,41.0,41.8,2155.22,5.86,12.98,Rabi,Sprinkler,Rainwater,14.04,No,42.22,South,Low,24.66
Maize,Vegetative,Clay,7.97,22.55,1.01,1.78,76.0,48.5,20.0,16.89,58.82,248.88,6.86,14.64,Rabi,Sprinkler,Rainwater,6.65,Yes,85.98,East,High,109.18
Maize,Vegetative,Clay,5.61,55.48,0.79,3.45,76.0,48.5,20.0,14.51,54.07,181.52,7.0,16.07,Rabi,Rainfed,Rainwater,6.23,No,46.14,East,Medium,34.5
Maize,Flowering,Silt,5.38,37.46,1.16,1.44,76.0,48.5,20.0,15.79,36.21,404.94,10.76,3.42,Zaid,Sprinkler,Groundwater,8.64,Yes,64.47,North,Low,40.4
Cotton,Flowering,Loamy,6.74,53.03,0.91,0.21,117.0,46.0,19.0,21.98,51.67,814.89,5.46,19.37,Zaid,Drip,Reservoir,4.97,No,6.09,East,Medium,4.47
Rice,Flowering,Clay,7.73,59.82,1.27,1.17,80.0,47.0,40.0,32.16,73.46,369.09,10.4,10.65,Kharif,Rainfed,Groundwater,3.34,Yes,1.65,South,Medium,1.44
Cotton,Sowing,Loamy,6.42,20.44,0.95,2.57,117.0,46.0,19.0,38.48,46.0,1580.28,5.01,3.49,Kharif,Drip,River,14.58,No,113.68,Central,Medium,108.64
Cotton,Sowing,Loamy,8.18,37.89,1.31,0.85,117.0,46.0,19.0,14.58,80.72,2409.18,6.08,6.76,Kharif,Sprinkler,Rainwater,4.34,Yes,12.92,North,Low,5.93
Maize,Flowering,Clay,8.18,53.3,0.68,2.19,76.0,48.5,20.0,13.6,81.53,1779.49,6.86,1.63,Kharif,Sprinkler,Reservoir,7.92,Yes,75.73,North,Low,35.99
Maize,Flowering,Clay,6.19,18.43,0.42,3.46,76.0,48.5,20.0,21.42,71.22,358.12,6.01,6.51,Zaid,Sprinkler,Reservoir,9.81,Yes,61.33,East,Medium,70.23
Cotton,Flowering,Silt,6.7,42.88,1.0,1.31,117.0,46.0,19.0,29.89,61.82,1173.64,8.65,6.85,Rabi,Rainfed,Rainwater,0.86,Yes,26.1,East,Low,16.01
Cotton,Flowering,Loamy,5.83,19.01,0.75,1.16,117.0,46.0,19.0,20.62,64.13,899.96,10.97,8.93,Zaid,Sprinkler,Groundwater,5.89,Yes,76.03,Central,Medium,73.72
Cotton,Vegetative,Clay,5.09,34.98,0.61,3.09,117.0,46.0,19.0,40.21,29.61,1848.92,6.18,18.15,Rabi,Drip,River,6.73,No,105.27,West,Medium,90.51
Rice,Flowering,Sandy,6.75,59.26,1.31,2.74,80.0,47.0,40.0,35.09,62.92,504.28,5.06,5.24,Kharif,Drip,River,8.18,Yes,54.72,Central,Low,30.48
Rice,Harvest,Clay,5.78,36.83,0.79,0.33,80.0,47.0,40.0,29.52,72.85,1651.68,9.67,3.63,Rabi,Drip,Rainwater,5.89,No,109.37,South,Low,41.2
Maize,Harvest,Clay,5.77,38.12,1.44,0.55,76.0,48.5,20.0,16.77,33.06,1849.78,4.24,12.44,Kharif,Drip,Reservoir,13.22,Yes,115.59,South,Low,37.8
Maize,Vegetative,Sandy,7.5,53.8,0.75,3.15,76.0,48.5,20.0,17.83,50.39,713.31,4.74,7.15,Kharif,Sprinkler,Groundwater,5.86,Yes,56.41,South,Low,22.92
Rice,Flowering,Silt,7.88,20.28,0.42,0.33,80.0,47.0,40.0,15.1,42.55,1665.62,4.53,4.34,Kharif,Drip,Reservoir,1.81,No,73.61,West,Medium,67.11
Maize,Vegetative,Loamy,8.12,38.06,0.52,0.44,76.0,48.5,20.0,37.13,84.76,397.09,8.75,12.67,Zaid,Canal,River,3.17,No,27.46,West,Medium,25.34
Cotton,Harvest,Sandy,5.59,21.72,0.78,0.93,117.0,46.0,19.0,36.55,56.23,1028.28,7.93,3.05,Rabi,Rainfed,Groundwater,12.88,Yes,83.82,West,Low,38.2
Cotton,Harvest,Clay,7.8,51.3,1.03,3.34,117.0,46.0,19.0,16.54,62.47,1721.69,6.51,3.35,Kharif,Drip,River,2.77,No,67.7,North,Low,19.48
Maize,Harvest,Clay,7.76,58.99,1.17,3.13,76.0,48.5,20.0,20.29,80.29,1015.95,8.78,14.7,Kharif,Sprinkler,Groundwater,10.69,No,1.4,North,Low,0.39
Cotton,Flowering,Silt,5.36,49.35,1.15,1.1,117.0,46.0,19.0,19.52,26.59,253.21,10.0,7.88,Kharif,Rainfed,River,13.39,No,101.42,North,Medium,96.24
Maize,Harvest,Silt,5.78,29.91,1.05,2.49,76.0,48.5,20.0,21.58,76.82,113.79,8.26,4.62,Rabi,Sprinkler,Rainwater,6.24,No,96.12,South,Low,50.48
Maize,Flowering,Loamy,7.31,44.94,1.0,2.75,76.0,48.5,20.0,20.34,53.75,2373.12,5.32,10.13,Kharif,Rainfed,Reservoir,0.38,No,73.01,West,Medium,57.04
Maize,Harvest,Silt,8.16,31.75,0.76,1.01,76.0,48.5,20.0,39.25,76.73,2349.35,6.48,15.02,Rabi,Sprinkler,Groundwater,5.21,No,73.24,South,Low,31.51
Maize,Vegetative,Silt,4.99,25.92,0.85,2.44,76.0,48.5,20.0,34.58,38.62,286.96,8.67,2.05,Rabi,Canal,Reservoir,4.27,Yes,25.51,East,Medium,28.05
Rice,Vegetative,Silt,6.44,32.82,0.98,1.84,80.0,47.0,40.0,40.29,76.91,208.22,7.33,1.94,Rabi,Rainfed,Rainwater,3.67,Yes,77.93,North,Medium,90.44
Maize,Flowering,Silt,6.51,12.19,1.23,2.18,76.0,48.5,20.0,20.81,67.56,67.02,6.84,11.16,Zaid,Drip,River,9.82,Yes,63.02,South,High,116.98
Cotton,Flowering,Silt,7.99,28.68,0.71,1.53,117.0,46.0,19.0,37.34,39.08,912.65,10.94,15.38,Zaid,Drip,Groundwater,6.33,Yes,19.37,North,Medium,20.59
Maize,Harvest,Loamy,6.67,62.46,0.7,2.64,76.0,48.5,20.0,14.44,91.28,1179.49,6.44,17.07,Rabi,Rainfed,Reservoir,13.23,Yes,92.19,North,Low,23.13
Maize,Flowering,Clay,6.15,63.25,0.42,0.91,76.0,48.5,20.0,15.02,67.37,1461.48,8.02,14.97,Zaid,Sprinkler,Rainwater,3.11,No,57.23,East,Medium,34.86
Cotton,Vegetative,Loamy,5.77,16.39,0.63,3.1,117.0,46.0,19.0,17.38,35.66,1102.66,8.82,13.84,Zaid,Rainfed,Rainwater,11.71,Yes,102.3,South,Medium,79.86
Cotton,Sowing,Loamy,5.86,17.56,0.44,1.86,117.0,46.0,19.0,13.54,55.56,1901.62,8.57,1.64,Zaid,Rainfed,River,12.12,Yes,43.78,East,Low,23.31
Rice,Vegetative,Sandy,6.59,59.42,0.51,0.21,80.0,47.0,40.0,35.73,87.07,2142.59,4.49,10.1,Zaid,Canal,River,2.43,Yes,89.88,East,Medium,58.6
Cotton,Sowing,Sandy,5.18,47.9,1.38,2.48,117.0,46.0,19.0,18.11,68.29,1809.9,5.73,15.72,Zaid,Drip,River,11.16,No,22.77,West,Low,9.85
Maize,Harvest,Clay,5.55,55.2,1.59,1.75,76.0,48.5,20.0,39.74,28.32,2209.44,5.5,6.09,Kharif,Rainfed,Reservoir,9.51,Yes,16.29,South,Low,5.64
Cotton,Flowering,Clay,7.52,63.13,1.54,1.95,117.0,46.0,19.0,23.19,55.74,641.51,7.74,5.78,Kharif,Drip,Rainwater,9.47,No,95.71,East,Low,44.57
Cotton,Vegetative,Sandy,6.25,62.17,0.92,2.28,117.0,46.0,19.0,28.1,85.05,459.91,10.46,1.67,Kharif,Drip,Rainwater,10.5,Yes,93.35,East,Low,41.03
Maize,Flowering,Silt,5.93,49.23,0.38,2.71,76.0,48.5,20.0,28.04,78.06,1976.49,5.9,3.04,Rabi,Sprinkler,Rainwater,5.69,No,7.2,North,Low,4.08
Rice,Vegetative,Loamy,5.88,12.03,1.11,1.07,80.0,47.0,40.0,18.11,58.14,1778.36,4.46,12.4,Zaid,Rainfed,Rainwater,7.56,Yes,68.65,East,Medium,54.01
Maize,Flowering,Sandy,4.98,47.14,0.57,0.78,76.0,48.5,20.0,12.57,58.45,1083.14,7.33,3.79,Zaid,Canal,Reservoir,5.06,No,36.26,South,Low,18.33
Maize,Sowing,Clay,4.84,59.63,1.34,2.67,76.0,48.5,20.0,12.64,91.22,1393.57,10.85,0.64,Zaid,Drip,Reservoir,2.18,No,72.88,Central,Low,26.97
Rice,Flowering,Clay,7.97,11.55,0.4,0.95,80.0,47.0,40.0,27.48,64.98,2117.48,7.75,5.16,Zaid,Canal,Groundwater,8.41,No,37.79,South,Medium,39.27
Cotton,Harvest,Loamy,7.72,37.75,0.63,0.1,117.0,46.0,19.0,22.48,81.46,1930.8,5.54,11.21,Zaid,Rainfed,Rainwater,3.85,Yes,93.98,North,Low,32.75
Cotton,Harvest,Clay,6.44,19.77,0.66,0.24,117.0,46.0,19.0,40.74,53.27,887.77,4.38,19.67,Kharif,Canal,River,0.37,Yes,9.89,South,Medium,6.73
Maize,Harvest,Clay,6.57,38.06,0.96,0.82,76.0,48.5,20.0,26.72,47.49,1116.09,6.54,15.57,Rabi,Sprinkler,Groundwater,3.27,Yes,16.6,East,Low,6.02
Maize,Flowering,Silt,8.12,19.63,1.49,2.56,76.0,48.5,20.0,35.58,46.36,876.91,10.09,18.8,Rabi,Sprinkler,River,7.45,Yes,45.56,North,Medium,51.09
Cotton,Flowering,Sandy,7.56,12.51,0.38,2.34,117.0,46.0,19.0,31.47,82.64,1728.79,5.45,17.95,Rabi,Drip,Rainwater,4.89,No,8.88,North,High,12.46
Rice,Harvest,Silt,5.53,9.79,0.46,0.35,80.0,47.0,40.0,38.79,80.92,1139.26,5.94,18.35,Rabi,Drip,River,12.97,No,43.1,South,Medium,29.01
Maize,Sowing,Sandy,6.18,39.35,0.53,2.58,76.0,48.5,20.0,23.05,39.45,467.75,8.98,14.25,Zaid,Drip,Reservoir,8.47,Yes,75.13,North,Low,39.26
Maize,Vegetative,Loamy,6.05,41.77,0.51,3.37,76.0,48.5,20.0,14.27,26.12,2347.78,10.29,11.54,Kharif,Rainfed,Reservoir,6.81,No,50.78,North,Medium,32.15
Cotton,Harvest,Silt,6.91,46.32,0.86,2.16,117.0,46.0,19.0,20.82,55.16,1134.82,10.28,7.21,Rabi,Drip,Rainwater,1.96,No,42.2,Central,Low,13.35
Cotton,Sowing,Silt,5.34,10.12,1.3,3.26,117.0,46.0,19.0,22.99,46.47,1930.93,6.89,18.65,Zaid,Sprinkler,Rainwater,14.07,Yes,27.98,East,Low,16.22
Cotton,Harvest,Sandy,8.09,56.75,1.31,2.45,117.0,46.0,19.0,27.56,65.36,2334.22,6.75,8.43,Kharif,Rainfed,River,4.86,No,15.56,South,Low,4.74
Rice,Harvest,Loamy,7.91,59.66,0.6,3.19,80.0,47.0,40.0,26.3,90.09,705.3,7.63,14.03,Rabi,Canal,Reservoir,7.13,Yes,12.17,Central,Low,3.55
Rice,Sowing,Loamy,5.37,56.48,0.53,0.65,80.0,47.0,40.0,18.26,46.55,1232.9,7.32,12.92,Kharif,Drip,Groundwater,5.67,Yes,43.13,North,Low,17.12
Cotton,Sowing,Silt,5.21,55.0,1.5,2.87,117.0,46.0,19.0,28.22,94.8,2488.54,4.43,5.78,Kharif,Drip,Groundwater,11.13,No,59.07,West,Low,26.36
Maize,Vegetative,Clay,5.09,50.46,0.36,0.77,76.0,48.5,20.0,39.78,31.02,883.7,8.05,10.94,Kharif,Drip,Rainwater,9.52,Yes,84.62,North,Medium,62.84
Cotton,Sowing,Silt,6.22,53.96,1.39,1.18,117.0,46.0,19.0,30.74,77.4,385.37,6.9,17.35,Rabi,Rainfed,River,14.65,Yes,7.07,South,Low,3.73
Maize,Harvest,Sandy,6.84,26.68,0.69,3.43,76.0,48.5,20.0,31.36,45.02,1032.25,8.21,8.5,Kharif,Rainfed,Rainwater,2.39,No,96.03,Central,Low,40.12
Maize,Vegetative,Sandy,7.97,8.98,0.69,3.5,76.0,48.5,20.0,20.03,94.29,1026.21,9.67,12.62,Rabi,Canal,River,14.56,Yes,18.38,West,Medium,14.76
Maize,Sowing,Loamy,7.89,47.83,0.84,1.43,76.0,48.5,20.0,29.87,69.41,812.71,10.6,2.21,Rabi,Rainfed,Reservoir,4.46,Yes,25.31,South,Low,12.34
Rice,Flowering,Sandy,7.46,62.42,1.16,0.97,80.0,47.0,40.0,27.58,76.81,1366.08,9.32,5.79,Kharif,Canal,Rainwater,4.15,No,47.27,South,Low,23.19
Rice,Sowing,Silt,4.87,48.26,0.57,0.73,80.0,47.0,40.0,25.15,82.56,866.96,5.19,17.66,Kharif,Drip,Reservoir,14.22,No,115.93,East,Low,53.75
Rice,Harvest,Sandy,6.94,47.19,1.32,2.16,80.0,47.0,40.0,20.78,94.54,271.02,5.36,1.87,Kharif,Drip,Reservoir,8.35,Yes,62.04,West,Low,24.53
Maize,Harvest,Loamy,5.04,33.43,1.29,1.6,76.0,48.5,20.0,18.92,66.86,1975.06,6.53,18.48,Zaid,Drip,River,8.5,Yes,75.13,South,Low,26.2
Rice,Vegetative,Sandy,5.41,24.93,0.4,1.16,80.0,47.0,40.0,36.4,38.1,2483.32,5.07,11.68,Rabi,Canal,Rainwater,11.11,Yes,30.23,Central,Medium,27.38
Cotton,Harvest,Clay,6.91,8.91,1.06,0.95,117.0,46.0,19.0,41.26,92.62,1144.18,5.17,16.49,Zaid,Canal,Groundwater,13.15,No,114.27,South,Medium,77.73
Rice,Vegetative,Loamy,5.96,56.62,1.37,2.55,80.0,47.0,40.0,22.89,68.25,678.35,8.08,1.11,Zaid,Drip,Groundwater,5.47,Yes,64.91,South,Low,27.0
Maize,Flowering,Silt,6.28,43.41,1.08,0.55,76.0,48.5,20.0,36.15,84.75,1959.63,5.38,1.85,Kharif,Drip,Reservoir,3.52,Yes,40.27,Central,Low,26.05
Maize,Flowering,Loamy,5.45,32.66,1.08,0.88,76.0,48.5,20.0,32.48,64.08,514.9,8.65,16.38,Zaid,Rainfed,River,7.61,Yes,34.05,South,Medium,33.84
Cotton,Harvest,Silt,7.41,20.96,1.15,2.81,117.0,46.0,19.0,15.23,65.33,158.51,6.42,10.54,Zaid,Drip,Groundwater,6.35,No,115.26,West,Medium,84.01
Rice,Vegetative,Sandy,5.7,22.49,1.12,3.27,80.0,47.0,40.0,23.91,92.71,296.56,9.34,10.93,Zaid,Drip,Rainwater,10.5,Yes,115.42,Central,High,151.82
Cotton,Vegetative,Loamy,5.5,54.31,0.61,0.89,117.0,46.0,19.0,17.06,78.12,748.37,10.41,9.46,Kharif,Drip,Groundwater,14.98,Yes,7.4,Central,Low,2.97
Rice,Harvest,Sandy,6.38,41.69,0.32,2.01,80.0,47.0,40.0,35.72,84.18,1137.17,5.54,5.84,Zaid,Canal,River,5.77,Yes,92.08,North,Low,35.17
Rice,Vegetative,Sandy,8.01,38.75,1.13,3.21,80.0,47.0,40.0,31.96,83.24,509.8,9.24,8.13,Rabi,Drip,Rainwater,13.41,Yes,46.07,North,Low,25.33
Cotton,Sowing,Loamy,5.5,63.44,0.61,2.27,117.0,46.0,19.0,37.6,42.95,1644.82,5.27,19.12,Kharif,Canal,Groundwater,1.42,Yes,44.66,Central,Low,19.81
Maize,Harvest,Clay,5.31,22.48,0.99,2.76,76.0,48.5,20.0,35.13,57.32,2065.99,10.38,16.03,Kharif,Drip,Groundwater,14.85,No,75.36,North,Medium,48.15
Maize,Harvest,Loamy,7.86,37.8,1.48,0.12,76.0,48.5,20.0,28.77,59.17,900.4,8.4,19.5,Zaid,Canal,Reservoir,7.46,No,57.69,East,Low,21.39
Rice,Flowering,Sandy,7.96,8.44,0.85,2.04,80.0,47.0,40.0,22.46,86.94,1946.77,10.57,6.03,Zaid,Canal,Reservoir,10.81,No,0.42,East,Medium,0.42
Cotton,Flowering,Loamy,7.54,11.92,0.41,2.44,117.0,46.0,19.0,39.57,47.68,2466.29,7.63,16.58,Kharif,Canal,River,12.15,No,112.62,West,High,170.09
Cotton,Flowering,Sandy,5.48,16.95,0.52,2.86,117.0,46.0,19.0,41.11,51.03,1459.83,8.36,1.27,Kharif,Sprinkler,Groundwater,6.14,No,33.55,West,Medium,39.12
Rice,Sowing,Sandy,4.93,33.6,0.62,0.64,80.0,47.0,40.0,38.62,32.93,1873.92,7.88,5.26,Rabi,Sprinkler,Rainwater,14.63,Yes,97.83,Central,Low,58.87
Maize,Vegetative,Clay,5.69,46.89,0.73,3.41,76.0,48.5,20.0,30.63,39.26,796.19,7.54,0.63,Kharif,Sprinkler,Rainwater,4.15,Yes,110.59,East,Low,54.8
Rice,Vegetative,Loamy,4.98,63.09,1.06,2.27,80.0,47.0,40.0,22.88,91.08,2284.25,5.56,15.67,Rabi,Rainfed,Groundwater,8.81,Yes,94.58,East,Low,36.61
Rice,Vegetative,Sandy,5.59,28.69,0.74,1.06,80.0,47.0,40.0,26.06,92.65,2246.4,8.86,11.09,Zaid,Sprinkler,Rainwater,8.6,No,114.61,West,Medium,91.33
Rice,Vegetative,Sandy,7.53,11.55,0.81,2.16,80.0,47.0,40.0,37.83,25.24,1367.83,6.69,13.54,Zaid,Rainfed,River,3.09,No,96.75,South,High,119.92
Maize,Vegetative,Loamy,7.7,59.16,1.42,1.26,76.0,48.5,20.0,34.07,36.94,1711.43,4.89,3.68,Kharif,Rainfed,Groundwater,6.86,Yes,106.76,South,Low,48.13
Rice,Harvest,Silt,6.21,62.31,1.38,1.95,80.0,47.0,40.0,21.48,27.68,1637.76,5.27,1.67,Rabi,Rainfed,Rainwater,11.93,Yes,78.5,South,Low,21.15
Maize,Sowing,Loamy,5.48,61.68,1.04,2.2,76.0,48.5,20.0,35.42,51.6,807.05,9.05,2.51,Rabi,Sprinkler,Rainwater,2.74,No,37.67,West,Low,16.72
Cotton,Harvest,Silt,5.79,10.32,1.02,2.57,117.0,46.0,19.0,40.52,78.47,1629.17,5.13,12.48,Kharif,Canal,Reservoir,12.57,No,54.83,Central,Medium,37.3
Maize,Vegetative,Clay,6.89,62.59,1.35,0.14,76.0,48.5,20.0,27.18,93.92,2014.27,5.98,17.43,Zaid,Drip,Groundwater,6.75,No,46.24,North,Medium,26.84
Maize,Harvest,Sandy,6.2,54.89,1.29,3.4,76.0,48.5,20.0,19.61,71.11,307.53,7.67,14.84,Zaid,Rainfed,Rainwater,13.82,Yes,36.1,North,Low,12.65
Cotton,Harvest,Sandy,4.96,17.28,0.55,2.73,117.0,46.0,19.0,41.16,90.89,1695.35,10.8,1.74,Kharif,Drip,Rainwater,5.27,Yes,85.1,Central,Low,40.52
Maize,Vegetative,Silt,5.51,49.86,0.65,0.98,76.0,48.5,20.0,26.52,41.0,2277.0,8.89,1.76,Rabi,Drip,River,8.63,No,50.91,West,Low,23.55
Maize,Harvest,Sandy,4.93,60.71,0.47,1.54,76.0,48.5,20.0,23.15,29.32,82.25,7.05,19.63,Kharif,Drip,Rainwater,0.98,No,52.33,South,Medium,30.34
Cotton,Harvest,Sandy,6.17,17.52,0.8,3.4,117.0,46.0,19.0,35.89,76.26,1016.24,7.29,13.05,Zaid,Sprinkler,River,13.62,No,30.77,Central,Medium,20.18
Maize,Vegetative,Silt,7.17,11.6,0.64,2.34,76.0,48.5,20.0,14.16,31.49,2178.33,9.05,2.25,Rabi,Rainfed,Reservoir,0.65,Yes,11.03,Central,Medium,8.39
Rice,Sowing,Clay,6.97,53.34,1.22,0.15,80.0,47.0,40.0,20.37,50.03,1700.72,8.12,7.63,Zaid,Sprinkler,Groundwater,7.7,Yes,49.98,South,Low,20.96
Rice,Harvest,Silt,5.89,43.44,1.41,1.12,80.0,47.0,40.0,27.24,29.24,267.68,10.65,4.39,Rabi,Canal,River,13.14,No,93.84,South,Low,41.16
Cotton,Sowing,Silt,5.12,25.95,0.33,3.12,117.0,46.0,19.0,21.49,37.57,898.99,8.64,12.75,Rabi,Drip,Groundwater,3.28,Yes,19.94,North,Low,10.86
Rice,Vegetative,Sandy,6.25,17.34,1.04,2.68,80.0,47.0,40.0,35.51,29.9,173.27,6.79,2.37,Rabi,Canal,Groundwater,13.22,No,61.66,Central,High,101.86
Rice,Vegetative,Clay,5.24,10.29,0.35,1.92,80.0,47.0,40.0,15.44,86.41,1849.99,4.33,15.56,Zaid,Sprinkler,River,8.56,Yes,93.99,West,Medium,71.83
Rice,Vegetative,Loamy,4.96,35.31,1.34,0.46,80.0,47.0,40.0,27.42,47.89,1257.35,7.84,19.16,Rabi,Drip,Reservoir,9.35,No,61.12,North,Medium,46.67
Rice,Flowering,Sandy,5.26,57.61,1.11,1.45,80.0,47.0,40.0,34.69,54.66,301.95,10.03,6.29,Kharif,Rainfed,Rainwater,11.11,Yes,102.74,Central,Low,69.85
Cotton,Harvest,Silt,7.8,12.49,0.36,1.97,117.0,46.0,19.0,31.44,46.77,483.49,8.29,13.53,Rabi,Canal,Rainwater,1.35,No,116.07,Central,Medium,76.19
Rice,Sowing,Clay,4.87,27.89,0.44,2.08,80.0,47.0,40.0,17.97,78.63,1207.07,6.45,5.93,Kharif,Canal,River,3.19,No,98.72,North,Low,50.99
Maize,Flowering,Clay,6.41,12.74,1.21,3.42,76.0,48.5,20.0,22.81,52.56,1085.01,7.96,17.91,Rabi,Drip,Groundwater,12.59,No,18.98,West,Medium,18.82
Cotton,Harvest,Clay,6.32,44.69,1.03,2.21,117.0,46.0,19.0,23.68,33.92,73.26,10.23,1.46,Zaid,Rainfed,River,8.62,No,60.17,West,Low,29.14
Rice,Harvest,Silt,4.82,63.42,0.57,0.48,80.0,47.0,40.0,34.83,85.45,1568.88,5.78,5.79,Zaid,Drip,River,5.3,No,41.09,West,Low,12.44
Rice,Vegetative,Clay,7.59,63.76,0.6,0.4,80.0,47.0,40.0,25.8,92.76,2195.4,8.58,5.19,Kharif,Drip,River,5.32,Yes,95.56,West,Low,37.8
Maize,Vegetative,Sandy,6.02,34.86,1.35,2.74,76.0,48.5,20.0,14.44,47.79,118.97,10.55,0.96,Zaid,Canal,Groundwater,5.55,Yes,39.72,Central,Medium,37.9
Maize,Sowing,Clay,7.1,19.52,1.21,0.65,76.0,48.5,20.0,26.08,77.66,794.43,10.66,16.39,Rabi,Canal,Groundwater,11.41,No,53.84,North,Medium,45.99
Rice,Vegetative,Loamy,6.61,42.65,1.56,2.02,80.0,47.0,40.0,16.63,83.39,266.45,9.65,12.86,Rabi,Canal,Reservoir,4.18,No,36.75,West,Medium,29.73
Maize,Harvest,Loamy,8.04,50.18,0.47,0.81,76.0,48.5,20.0,22.02,63.5,1778.4,8.94,7.75,Rabi,Sprinkler,Rainwater,3.39,No,68.74,West,Low,21.2
Cotton,Sowing,Sandy,5.81,55.15,0.73,2.72,117.0,46.0,19.0,39.88,52.65,1101.16,8.16,7.57,Rabi,Canal,River,3.87,Yes,94.19,North,Low,46.7
Rice,Sowing,Sandy,5.23,47.07,0.58,3.11,80.0,47.0,40.0,34.84,26.92,2197.58,9.43,6.7,Zaid,Sprinkler,Groundwater,2.69,Yes,33.45,Central,Low,17.21
Cotton,Flowering,Sandy,7.66,38.44,1.51,2.6,117.0,46.0,19.0,14.23,68.52,2041.35,4.18,12.45,Rabi,Rainfed,Rainwater,12.53,Yes,72.58,North,Low,39.79
Maize,Flowering,Silt,6.03,21.51,1.45,2.06,76.0,48.5,20.0,29.35,78.67,2187.35,4.62,10.23,Kharif,Rainfed,River,12.35,No,64.87,North,Medium,67.84
Cotton,Sowing,Sandy,6.4,34.99,0.76,1.75,117.0,46.0,19.0,27.25,68.72,1631.29,9.71,18.75,Zaid,Rainfed,River,9.54,No,87.63,Central,Low,46.89
Maize,Sowing,Silt,6.21,61.43,1.21,2.12,76.0,48.5,20.0,27.9,55.03,1989.94,10.99,19.81,Zaid,Drip,Rainwater,6.19,No,115.73,West,Low,47.99
Rice,Harvest,Clay,7.35,21.92,1.22,2.09,80.0,47.0,40.0,26.34,34.94,2175.99,4.55,8.37,Zaid,Rainfed,Groundwater,3.54,Yes,70.28,East,Low,29.05
Maize,Sowing,Clay,7.42,13.67,0.75,1.45,76.0,48.5,20.0,27.19,80.91,1726.52,6.33,19.11,Kharif,Sprinkler,River,8.29,No,21.74,South,Medium,18.77
Cotton,Sowing,Sandy,5.46,53.09,0.33,1.08,117.0,46.0,19.0,39.97,68.48,900.72,4.8,3.51,Zaid,Rainfed,Rainwater,5.89,No,42.75,West,Low,21.67
Maize,Vegetative,Silt,7.98,62.39,0.36,0.39,76.0,48.5,20.0,21.51,36.11,2263.03,4.54,8.4,Zaid,Drip,River,14.96,No,6.47,West,Low,2.49
Cotton,Vegetative,Clay,7.64,56.49,1.15,2.03,117.0,46.0,19.0,40.98,36.92,1705.55,7.17,7.63,Rabi,Rainfed,Rainwater,6.86,No,37.99,Central,Medium,26.55
Rice,Sowing,Loamy,5.83,8.43,1.4,0.97,80.0,47.0,40.0,16.3,54.64,900.91,6.31,17.08,Kharif,Canal,Groundwater,10.33,No,58.47,Central,Medium,45.11
Maize,Vegetative,Silt,6.4,24.03,0.34,2.21,76.0,48.5,20.0,28.8,86.7,2052.54,4.58,12.06,Zaid,Canal,Rainwater,3.49,Yes,59.43,North,Medium,50.51
Rice,Flowering,Clay,5.34,58.73,1.23,0.88,80.0,47.0,40.0,17.78,66.34,995.13,9.77,9.85,Kharif,Drip,Groundwater,8.86,No,109.43,West,Low,50.6
Cotton,Flowering,Silt,8.02,12.02,1.16,2.55,117.0,46.0,19.0,28.91,87.84,883.25,5.4,12.76,Kharif,Sprinkler,Groundwater,12.67,Yes,25.28,West,Medium,26.64
Maize,Vegetative,Clay,5.62,34.86,0.34,1.11,76.0,48.5,20.0,21.64,68.7,995.58,5.91,6.98,Zaid,Sprinkler,Groundwater,6.81,Yes,101.26,West,Low,51.27
Rice,Flowering,Clay,5.98,48.1,0.63,3.5,80.0,47.0,40.0,33.45,57.94,379.62,10.43,11.1,Kharif,Sprinkler,Rainwater,5.49,No,96.73,Central,Medium,95.81
Cotton,Harvest,Silt,5.44,46.68,0.33,1.02,117.0,46.0,19.0,21.38,36.28,1806.42,5.35,16.31,Zaid,Rainfed,River,5.53,Yes,114.05,West,Low,36.17
Cotton,Sowing,Loamy,7.63,58.68,1.48,2.21,117.0,46.0,19.0,37.08,59.96,1610.06,5.05,2.51,Zaid,Drip,Reservoir,1.73,No,35.6,East,Low,16.58
Cotton,Harvest,Silt,5.99,58.95,0.96,2.66,117.0,46.0,19.0,32.74,91.4,2086.73,6.83,5.44,Rabi,Rainfed,Groundwater,3.95,No,86.13,North,Low,26.91
Cotton,Harvest,Clay,6.08,57.35,0.47,0.13,117.0,46.0,19.0,36.86,42.24,1430.44,6.91,0.63,Kharif,Drip,Rainwater,9.02,Yes,110.33,Central,Low,36.42
Rice,Vegetative,Silt,6.61,32.99,1.47,2.32,80.0,47.0,40.0,31.39,57.69,1960.49,8.79,16.68,Rabi,Sprinkler,Rainwater,0.5,No,81.16,Central,Medium,65.67
Maize,Vegetative,Sandy,5.51,48.76,1.19,1.39,76.0,48.5,20.0,27.45,73.53,729.71,10.71,17.4,Rabi,Drip,River,10.96,Yes,17.46,East,Low,8.24
Rice,Harvest,Sandy,7.54,53.43,0.7,1.27,80.0,47.0,40.0,12.15,68.97,2373.76,5.46,11.57,Kharif,Canal,Groundwater,11.48,No,41.89,East,Low,11.6
Maize,Harvest,Loamy,5.75,42.73,0.93,0.88,76.0,48.5,20.0,13.22,25.14,139.57,4.53,6.55,Rabi,Canal,River,14.63,Yes,17.8,North,Low,7.64
Maize,Harvest,Loamy,6.51,24.61,1.5,1.59,76.0,48.5,20.0,14.51,75.49,257.44,4.98,1.6,Zaid,Drip,Reservoir,12.71,Yes,11.44,South,Medium,7.49
Cotton,Flowering,Silt,7.74,63.22,0.8,0.83,117.0,46.0,19.0,39.84,89.84,2143.77,4.2,14.68,Rabi,Drip,Rainwater,9.09,No,5.78,Central,Medium,4.49
Rice,Sowing,Clay,6.67,24.27,0.85,2.81,80.0,47.0,40.0,13.01,86.23,731.34,5.09,17.97,Rabi,Drip,Groundwater,0.59,Yes,25.14,East,Low,12.94
Cotton,Harvest,Clay,7.58,24.97,1.25,2.64,117.0,46.0,19.0,13.26,69.82,1490.21,8.89,9.39,Zaid,Rainfed,Groundwater,9.6,No,105.7,East,Low,37.88
Maize,Vegetative,Loamy,8.06,34.73,0.68,1.35,76.0,48.5,20.0,13.64,32.29,1429.86,7.88,2.12,Zaid,Sprinkler,Reservoir,14.37,Yes,9.35,South,Low,4.41
Rice,Flowering,Sandy,6.85,52.99,0.34,2.58,80.0,47.0,40.0,26.6,37.37,1348.72,9.05,9.22,Rabi,Drip,Groundwater,2.27,No,95.55,Central,Low,51.42
Rice,Harvest,Clay,4.94,56.66,1.36,1.35,80.0,47.0,40.0,20.55,57.65,2190.44,6.18,4.17,Kharif,Drip,River,1.5,No,75.4,North,Low,21.42
Cotton,Harvest,Silt,8.15,53.75,0.42,0.46,117.0,46.0,19.0,34.37,68.77,517.69,6.69,2.84,Rabi,Sprinkler,Groundwater,5.31,Yes,71.33,South,Low,24.09
Rice,Sowing,Loamy,6.1,45.7,1.6,3.46,80.0,47.0,40.0,35.22,71.55,2200.57,5.28,4.35,Rabi,Canal,Rainwater,10.53,No,108.39,East,Low,56.7
Rice,Vegetative,Clay,7.07,37.43,1.41,0.67,80.0,47.0,40.0,16.48,49.67,1534.84,4.92,18.5,Zaid,Canal,River,8.87,No,38.44,East,Medium,25.73
Cotton,Vegetative,Sandy,5.77,33.36,0.39,1.73,117.0,46.0,19.0,16.07,35.12,643.24,6.23,4.58,Kharif,Canal,Reservoir,10.86,No,61.52,West,Low,29.73
Rice,Harvest,Loamy,6.8,56.34,1.17,1.31,80.0,47.0,40.0,22.78,82.75,1226.76,4.25,14.73,Zaid,Rainfed,Reservoir,3.17,Yes,90.37,West,Low,26.36
Rice,Harvest,Clay,6.33,16.04,0.58,2.97,80.0,47.0,40.0,30.66,56.49,677.29,10.95,11.63,Kharif,Sprinkler,River,1.12,No,60.07,South,Medium,37.54
Cotton,Flowering,Loamy,6.63,63.71,0.69,0.15,117.0,46.0,19.0,22.15,45.61,729.32,5.92,15.17,Rabi,Drip,River,3.44,Yes,116.12,West,Low,53.15
Maize,Harvest,Clay,7.06,41.5,1.56,3.26,76.0,48.5,20.0,22.98,79.45,2432.27,4.16,8.03,Zaid,Drip,Groundwater,11.44,No,10.36,West,Low,3.51
Cotton,Flowering,Clay,6.14,37.82,0.58,3.29,117.0,46.0,19.0,29.77,56.6,2079.69,8.67,2.54,Zaid,Drip,Rainwater,9.07,No,69.04,East,Low,44.3
Maize,Vegetative,Sandy,7.0,20.27,1.0,2.8,76.0,48.5,20.0,31.66,66.4,114.36,8.69,13.63,Rabi,Drip,Rainwater,14.84,Yes,70.79,South,High,117.63
Rice,Sowing,Silt,7.97,12.83,1.24,0.79,80.0,47.0,40.0,39.12,31.27,1297.76,4.64,2.06,Kharif,Drip,River,3.81,Yes,34.3,West,Low,23.15
Rice,Flowering,Loamy,7.28,40.53,0.35,1.17,80.0,47.0,40.0,19.07,94.16,1527.3,10.22,14.59,Zaid,Canal,River,0.98,Yes,21.69,North,Low,12.2
Rice,Sowing,Sandy,6.46,15.81,1.48,0.56,80.0,47.0,40.0,35.7,79.84,2446.42,10.23,18.17,Zaid,Rainfed,Rainwater,9.93,Yes,65.3,South,Medium,61.08
Maize,Flowering,Loamy,7.96,19.62,0.82,3.18,76.0,48.5,20.0,20.02,44.33,1035.49,4.31,8.86,Kharif,Sprinkler,Reservoir,9.96,Yes,48.17,Central,Medium,46.41
Maize,Sowing,Silt,6.44,9.77,0.4,2.7,76.0,48.5,20.0,37.42,78.51,179.93,7.48,15.56,Kharif,Canal,Rainwater,13.49,Yes,44.78,Central,Medium,57.59
Maize,Sowing,Clay,6.47,37.26,1.27,2.91,76.0,48.5,20.0,16.29,83.83,1045.35,8.99,6.48,Rabi,Rainfed,Reservoir,0.94,No,2.36,North,Low,1.11
Rice,Vegetative,Clay,5.21,12.82,0.38,2.13,80.0,47.0,40.0,22.5,73.97,1778.9,5.88,18.66,Rabi,Drip,Reservoir,0.99,No,76.02,Central,Medium,62.63
Cotton,Harvest,Loamy,7.53,34.76,0.54,3.12,117.0,46.0,19.0,22.39,55.89,808.82,5.18,19.75,Zaid,Rainfed,River,0.84,No,79.96,East,Low,28.58
Cotton,Harvest,Clay,7.9,12.41,0.83,0.45,117.0,46.0,19.0,25.79,89.02,1246.21,4.38,13.86,Kharif,Canal,Reservoir,4.58,No,83.36,South,Medium,49.7
Maize,Vegetative,Loamy,6.57,46.4,1.23,2.28,76.0,48.5,20.0,24.46,47.64,1292.11,9.34,19.83,Zaid,Drip,River,13.55,No,30.6,Central,Medium,20.49
Maize,Sowing,Clay,7.1,59.0,0.78,2.07,76.0,48.5,20.0,19.5,47.96,119.9,9.46,16.33,Rabi,Rainfed,Rainwater,1.96,Yes,62.71,West,Low,34.73
Rice,Harvest,Silt,4.92,39.13,1.1,0.7,80.0,47.0,40.0,31.48,54.56,718.92,6.92,18.75,Kharif,Canal,Reservoir,12.34,No,36.98,East,Low,13.9
Rice,Flowering,Sandy,6.49,62.6,0.94,0.77,80.0,47.0,40.0,28.06,41.96,1694.28,4.96,9.58,Kharif,Drip,Reservoir,11.43,No,44.99,North,Low,22.13
Maize,Flowering,Clay,5.42,56.46,1.03,0.55,76.0,48.5,20.0,24.69,34.77,478.79,4.5,4.29,Rabi,Sprinkler,Reservoir,14.39,No,86.5,North,Low,46.13
Rice,Flowering,Loamy,5.05,26.33,1.17,2.68,80.0,47.0,40.0,15.8,43.06,951.02,7.56,12.31,Zaid,Drip,Reservoir,4.52,No,81.4,East,Medium,71.3
Cotton,Flowering,Clay,5.42,21.49,0.8,1.99,117.0,46.0,19.0,38.95,48.91,648.99,8.53,19.36,Kharif,Sprinkler,Groundwater,1.99,No,66.65,West,High,98.97
Rice,Flowering,Silt,6.75,16.17,1.11,0.48,80.0,47.0,40.0,22.21,61.4,1631.84,4.89,14.02,Rabi,Canal,River,8.79,Yes,31.35,South,Medium,30.9
Rice,Harvest,Clay,6.97,29.32,0.34,2.74,80.0,47.0,40.0,41.47,91.12,531.33,7.8,5.23,Kharif,Drip,River,4.37,Yes,42.83,West,Low,18.93
Maize,Flowering,Silt,7.31,60.22,1.08,1.15,76.0,48.5,20.0,35.56,27.17,2036.51,5.45,10.56,Rabi,Sprinkler,River,11.43,Yes,7.57,Central,Medium,5.86
Cotton,Flowering,Sandy,6.27,13.87,0.66,2.87,117.0,46.0,19.0,24.08,48.81,90.74,9.37,5.36,Zaid,Drip,River,11.45,Yes,68.57,East,Medium,99.57
Maize,Flowering,Loamy,6.45,59.55,0.96,2.64,76.0,48.5,20.0,40.63,45.42,1902.3,8.11,6.34,Zaid,Sprinkler,Rainwater,9.93,Yes,16.47,North,Low,9.35
Rice,Sowing,Sandy,4.86,52.48,0.61,0.91,80.0,47.0,40.0,14.91,45.81,779.25,6.45,7.51,Zaid,Sprinkler,Groundwater,2.81,Yes,62.09,North,Low,24.8
Maize,Flowering,Sandy,6.9,22.62,0.46,0.27,76.0,48.5,20.0,33.31,83.28,1019.79,5.05,14.54,Rabi,Canal,River,4.19,No,90.91,Central,High,127.18
Cotton,Vegetative,Loamy,5.11,13.11,1.37,0.44,117.0,46.0,19.0,36.41,40.73,1044.67,8.29,13.49,Zaid,Sprinkler,Rainwater,12.05,No,38.88,Central,High,47.58
Rice,Vegetative,Loamy,7.14,62.85,1.42,1.32,80.0,47.0,40.0,29.03,49.3,325.96,7.8,4.2,Zaid,Rainfed,Groundwater,1.73,Yes,111.91,West,Low,55.59
Cotton,Sowing,Clay,6.01,57.1,0.46,2.12,117.0,46.0,19.0,17.78,32.28,210.51,9.53,16.79,Zaid,Rainfed,Rainwater,12.92,Yes,18.68,East,Low,9.69
Cotton,Harvest,Clay,6.81,61.22,0.97,2.34,117.0,46.0,19.0,15.78,45.73,152.96,7.05,14.78,Kharif,Drip,Reservoir,5.8,Yes,80.57,North,Low,28.57
Cotton,Sowing,Loamy,7.64,50.58,0.88,2.3,117.0,46.0,19.0,27.44,62.04,1703.95,7.95,17.53,Kharif,Canal,Groundwater,10.91,Yes,82.67,South,Low,38.31
Maize,Vegetative,Loamy,4.95,21.19,0.7,0.99,76.0,48.5,20.0,35.27,57.76,1735.72,10.31,17.09,Rabi,Rainfed,River,5.19,Yes,42.99,South,Medium,39.69
Maize,Vegetative,Clay,4.83,55.39,0.38,1.17,76.0,48.5,20.0,37.55,77.14,1969.54,9.09,18.46,Rabi,Drip,River,3.76,No,5.45,North,Medium,3.77
Maize,Vegetative,Silt,5.69,12.38,1.14,0.27,76.0,48.5,20.0,19.33,83.91,1139.11,8.06,7.65,Kharif,Rainfed,Rainwater,13.43,No,5.01,Central,Medium,3.99
Rice,Flowering,Silt,5.03,50.92,1.03,0.12,80.0,47.0,40.0,33.24,61.88,2175.54,5.08,10.16,Kharif,Rainfed,Groundwater,7.45,Yes,88.23,North,Medium,73.8
Maize,Flowering,Clay,5.63,60.02,1.15,1.12,76.0,48.5,20.0,14.81,49.74,2006.05,6.96,4.16,Kharif,Sprinkler,Groundwater,11.18,No,60.56,East,Low,26.78
Rice,Sowing,Clay,7.8,49.64,1.28,3.21,80.0,47.0,40.0,30.28,42.68,1118.92,6.09,12.1,Zaid,Canal,Reservoir,2.32,Yes,93.45,North,Low,44.93
Rice,Flowering,Sandy,7.92,43.95,1.57,0.33,80.0,47.0,40.0,26.01,88.0,1517.68,7.89,4.77,Kharif,Canal,Reservoir,1.05,No,91.72,South,Low,53.65
Rice,Flowering,Sandy,6.56,45.11,1.51,0.89,80.0,47.0,40.0,36.56,64.91,1414.29,5.51,14.15,Zaid,Rainfed,Groundwater,5.55,Yes,110.46,West,Medium,100.82
Cotton,Vegetative,Loamy,7.89,30.71,0.83,0.55,117.0,46.0,19.0,30.43,28.81,1162.28,5.43,13.66,Zaid,Drip,Groundwater,12.78,No,117.69,South,Medium,96.21
Maize,Sowing,Sandy,7.53,12.76,1.42,3.01,76.0,48.5,20.0,20.79,74.64,1954.77,4.82,15.75,Kharif,Drip,Reservoir,9.76,Yes,8.26,South,Low,4.68
Rice,Sowing,Silt,7.89,20.61,0.83,2.26,80.0,47.0,40.0,21.97,60.21,1226.42,10.23,8.18,Zaid,Canal,Rainwater,11.77,Yes,85.22,North,Low,48.65
Cotton,Vegetative,Sandy,7.79,53.62,1.3,1.94,117.0,46.0,19.0,30.74,38.24,93.37,6.12,3.25,Zaid,Rainfed,Reservoir,12.19,Yes,78.61,South,Medium,75.13
Rice,Vegetative,Sandy,5.04,16.4,1.04,2.98,80.0,47.0,40.0,15.01,43.93,2274.92,7.5,17.58,Kharif,Canal,River,3.6,No,118.44,Central,Medium,90.08
Maize,Vegetative,Clay,5.9,31.38,1.52,3.18,76.0,48.5,20.0,15.2,56.48,1306.61,5.87,9.34,Kharif,Sprinkler,Reservoir,11.14,Yes,7.56,East,Low,3.68
Cotton,Harvest,Sandy,5.35,21.88,0.64,0.66,117.0,46.0,19.0,12.31,40.57,2084.65,5.76,18.07,Zaid,Sprinkler,River,2.65,No,58.18,Central,Medium,30.52
Cotton,Vegetative,Clay,6.45,64.33,0.57,0.28,117.0,46.0,19.0,19.97,47.69,1368.51,5.39,11.93,Zaid,Drip,Reservoir,8.8,Yes,23.46,East,Low,8.68
Rice,Sowing,Sandy,7.31,62.27,1.5,3.05,80.0,47.0,40.0,39.25,77.34,1584.9,9.57,17.32,Rabi,Drip,Reservoir,9.0,No,5.32,East,Low,2.43
Maize,Vegetative,Loamy,7.75,40.11,1.2,1.92,76.0,48.5,20.0,23.65,49.01,1378.91,8.95,20.0,Zaid,Sprinkler,Reservoir,13.53,No,38.15,North,Medium,26.88
Rice,Sowing,Loamy,5.23,49.1,0.79,2.67,80.0,47.0,40.0,32.35,84.5,523.18,5.08,8.63,Kharif,Rainfed,Rainwater,2.64,No,14.86,Central,Low,7.34
Maize,Harvest,Silt,8.02,47.89,1.02,0.59,76.0,48.5,20.0,14.19,76.63,1096.91,4.37,4.57,Kharif,Drip,Reservoir,12.52,Yes,115.64,South,Low,33.85
Cotton,Sowing,Loamy,5.25,62.64,0.46,2.19,117.0,46.0,19.0,33.52,78.25,1525.16,8.1,5.2,Zaid,Canal,Rainwater,5.57,No,92.44,West,Low,39.87
Rice,Harvest,Sandy,5.7,44.27,0.89,3.15,80.0,47.0,40.0,25.98,59.66,1904.72,5.45,14.73,Zaid,Rainfed,Reservoir,4.93,No,80.41,West,Low,27.34
Cotton,Vegetative,Sandy,5.54,21.35,1.15,3.39,117.0,46.0,19.0,23.5,88.96,893.8,10.35,1.17,Kharif,Drip,Reservoir,1.95,No,73.29,North,Medium,60.37
Maize,Harvest,Clay,6.9,16.4,1.02,2.09,76.0,48.5,20.0,17.37,68.24,499.49,5.71,19.23,Rabi,Rainfed,Rainwater,10.42,Yes,108.19,West,Low,42.46
Cotton,Harvest,Sandy,7.42,36.83,1.12,1.3,117.0,46.0,19.0,37.56,61.17,2423.88,9.96,12.7,Zaid,Sprinkler,Groundwater,2.88,No,36.6,Central,Low,14.85
Rice,Vegetative,Clay,5.15,33.98,0.39,1.38,80.0,47.0,40.0,34.18,55.81,774.37,8.01,11.19,Zaid,Canal,River,14.99,No,10.37,West,Medium,8.54
Cotton,Harvest,Sandy,7.83,42.84,1.05,2.07,117.0,46.0,19.0,15.85,81.01,1816.62,7.85,10.31,Rabi,Canal,River,7.59,No,50.85,South,Low,15.77
Rice,Flowering,Silt,5.72,52.83,0.81,1.47,80.0,47.0,40.0,32.61,72.03,1616.46,6.16,7.55,Zaid,Sprinkler,Reservoir,3.69,No,12.45,West,Medium,10.15
Cotton,Flowering,Silt,7.6,27.04,1.34,2.26,117.0,46.0,19.0,12.54,70.45,943.92,9.16,15.67,Rabi,Drip,River,1.53,No,50.8,North,Medium,43.85
Rice,Vegetative,Silt,6.56,55.4,1.01,2.59,80.0,47.0,40.0,36.13,81.63,1076.04,4.54,16.33,Zaid,Canal,River,6.92,No,55.86,West,Medium,38.17
Rice,Flowering,Clay,6.37,43.06,1.45,0.18,80.0,47.0,40.0,21.11,89.96,2094.96,10.43,3.77,Rabi,Canal,Reservoir,14.97,Yes,80.13,East,Low,44.97
Maize,Flowering,Clay,4.98,63.35,1.57,1.74,76.0,48.5,20.0,34.01,52.41,2062.53,7.64,4.06,Rabi,Rainfed,Reservoir,5.77,Yes,62.91,Central,Low,32.44
Maize,Vegetative,Silt,8.17,32.26,1.53,2.42,76.0,48.5,20.0,21.08,51.7,423.61,9.82,1.15,Zaid,Canal,River,12.32,Yes,73.07,East,Low,41.52
Maize,Harvest,Silt,6.5,55.45,1.37,1.56,76.0,48.5,20.0,33.87,30.63,2012.19,5.76,19.49,Rabi,Canal,Groundwater,2.82,Yes,49.67,Central,Low,16.28
Cotton,Sowing,Silt,5.59,63.59,1.6,0.28,117.0,46.0,19.0,36.57,62.8,1254.76,7.72,2.32,Rabi,Sprinkler,Reservoir,12.81,No,119.58,West,Low,52.45
Maize,Flowering,Sandy,6.19,44.59,1.05,2.05,76.0,48.5,20.0,34.87,73.86,81.87,8.41,12.63,Kharif,Drip,Groundwater,11.96,Yes,68.71,South,Medium,90.28
Cotton,Vegetative,Loamy,7.42,25.4,1.31,0.15,117.0,46.0,19.0,19.55,71.34,2340.66,5.12,1.67,Rabi,Rainfed,Rainwater,3.91,Yes,57.42,South,Low,30.78
Rice,Vegetative,Sandy,5.58,20.67,0.4,0.92,80.0,47.0,40.0,15.05,91.23,185.54,7.25,1.17,Kharif,Canal,Reservoir,3.05,No,105.44,South,High,139.89
Maize,Harvest,Sandy,6.81,31.32,0.66,2.7,76.0,48.5,20.0,14.96,48.93,1788.88,6.99,13.85,Zaid,Rainfed,Rainwater,6.83,No,68.56,South,Low,23.32
Cotton,Flowering,Loamy,6.09,64.53,1.49,1.2,117.0,46.0,19.0,41.46,83.75,2492.94,5.28,19.27,Rabi,Drip,River,10.99,Yes,102.38,North,Medium,78.49
Maize,Harvest,Clay,6.86,19.24,1.47,2.31,76.0,48.5,20.0,28.0,71.54,247.37,9.39,1.39,Kharif,Drip,River,6.57,No,25.23,West,Medium,19.75
Maize,Vegetative,Sandy,6.45,48.88,0.8,0.68,76.0,48.5,20.0,27.81,26.24,1663.01,7.6,18.88,Rabi,Drip,Rainwater,6.12,Yes,79.14,South,Low,37.44
Rice,Flowering,Sandy,5.4,34.06,0.56,1.31,80.0,47.0,40.0,34.69,36.08,1420.15,5.68,12.24,Rabi,Canal,Reservoir,6.0,Yes,74.14,West,Medium,73.54
Maize,Harvest,Sandy,7.56,16.47,1.05,1.28,76.0,48.5,20.0,14.21,28.58,730.51,6.3,3.99,Kharif,Sprinkler,Rainwater,1.37,No,90.0,East,Low,33.54
Cotton,Vegetative,Clay,5.25,13.88,1.31,1.33,117.0,46.0,19.0,31.24,34.19,1821.13,8.61,5.46,Kharif,Sprinkler,Rainwater,0.95,No,52.9,North,Medium,47.49
Rice,Sowing,Silt,7.4,38.38,0.47,2.81,80.0,47.0,40.0,13.22,50.02,1439.42,7.94,18.77,Zaid,Sprinkler,Rainwater,5.28,Yes,65.69,South,Low,30.03
Rice,Sowing,Loamy,7.97,13.58,0.87,1.51,80.0,47.0,40.0,21.39,93.42,1242.89,7.3,15.35,Kharif,Canal,Rainwater,2.2,Yes,4.39,North,Low,2.5
Rice,Sowing,Sandy,6.05,40.3,0.83,0.66,80.0,47.0,40.0,17.65,34.91,1361.81,7.39,1.78,Rabi,Canal,Groundwater,2.39,No,17.5,Central,Low,8.09
Rice,Harvest,Loamy,5.26,49.27,0.38,0.34,80.0,47.0,40.0,16.66,73.28,320.63,9.71,10.12,Zaid,Rainfed,Groundwater,9.89,No,87.9,North,Low,31.27
Rice,Vegetative,Clay,6.56,31.86,1.22,3.09,80.0,47.0,40.0,12.43,81.7,181.79,6.87,1.53,Zaid,Rainfed,Rainwater,9.35,No,103.82,West,Medium,97.01
Rice,Vegetative,Sandy,5.42,37.86,1.1,3.08,80.0,47.0,40.0,22.98,44.01,1622.58,4.66,10.26,Kharif,Canal,Groundwater,13.35,Yes,8.71,East,Low,4.35
Maize,Flowering,Loamy,6.1,50.21,1.07,2.42,76.0,48.5,20.0,33.22,54.95,999.33,7.19,11.33,Zaid,Canal,Reservoir,11.0,Yes,25.01,South,Medium,21.07
Rice,Sowing,Sandy,7.5,55.45,1.25,0.46,80.0,47.0,40.0,36.19,61.43,1034.37,8.87,15.91,Kharif,Rainfed,River,3.62,No,94.29,Central,Low,45.1
Rice,Sowing,Clay,5.38,16.2,0.33,3.19,80.0,47.0,40.0,29.75,70.5,1282.11,4.31,4.43,Zaid,Drip,Rainwater,10.81,Yes,111.24,Central,Low,68.92
Maize,Flowering,Loamy,5.71,43.46,0.9,0.9,76.0,48.5,20.0,24.21,84.73,1945.04,7.07,14.16,Kharif,Canal,Rainwater,8.4,No,85.58,West,Medium,70.56
Maize,Vegetative,Loamy,6.72,15.55,1.15,0.66,76.0,48.5,20.0,15.12,58.47,422.79,5.46,17.41,Rabi,Rainfed,Rainwater,3.66,No,89.82,Central,Medium,75.57
Cotton,Sowing,Silt,7.99,43.0,0.97,0.53,117.0,46.0,19.0,27.17,26.91,140.68,7.36,13.17,Rabi,Drip,Groundwater,7.12,No,106.56,North,Medium,105.57
Maize,Sowing,Clay,7.9,28.22,1.56,1.92,76.0,48.5,20.0,27.91,29.92,1464.78,5.65,19.03,Kharif,Rainfed,River,0.64,No,111.24,South,Low,63.43
Rice,Harvest,Clay,5.63,38.63,0.95,1.64,80.0,47.0,40.0,35.28,45.08,21.17,6.45,4.43,Kharif,Drip,River,2.93,No,15.0,East,Medium,12.71
Rice,Sowing,Sandy,5.83,41.99,0.48,3.08,80.0,47.0,40.0,24.83,69.83,1072.85,5.17,12.66,Zaid,Rainfed,Reservoir,4.79,Yes,25.85,Central,Low,12.68
Cotton,Sowing,Sandy,8.1,15.78,0.32,3.14,117.0,46.0,19.0,15.84,38.5,1019.61,8.54,6.61,Kharif,Rainfed,River,2.1,Yes,110.56,East,Low,59.41
Maize,Vegetative,Sandy,5.17,53.49,0.4,2.97,76.0,48.5,20.0,12.02,29.13,2106.35,7.86,7.22,Rabi,Drip,River,13.98,No,49.41,East,Low,19.53
Cotton,Vegetative,Loamy,4.96,49.54,0.33,1.16,117.0,46.0,19.0,26.76,57.94,1458.7,5.14,13.9,Rabi,Rainfed,River,11.31,No,4.27,East,Medium,2.84
Cotton,Vegetative,Sandy,5.95,51.93,0.72,2.82,117.0,46.0,19.0,35.28,52.85,1330.1,8.7,5.13,Rabi,Drip,Rainwater,0.41,No,27.5,South,Medium,19.33
Cotton,Sowing,Clay,7.75,31.04,0.81,2.75,117.0,46.0,19.0,14.88,44.3,1375.23,9.78,17.0,Rabi,Sprinkler,Rainwater,10.01,Yes,105.18,North,Low,51.24
Cotton,Harvest,Sandy,6.28,62.35,0.62,1.05,117.0,46.0,19.0,40.02,25.95,1603.98,9.87,19.46,Zaid,Rainfed,Reservoir,12.84,No,47.53,West,Low,15.26
Rice,Sowing,Sandy,7.59,12.5,0.3,3.21,80.0,47.0,40.0,12.35,61.72,2311.38,4.82,7.8,Zaid,Canal,River,12.3,Yes,40.04,West,Low,21.32
Rice,Harvest,Loamy,6.61,20.85,1.55,2.63,80.0,47.0,40.0,27.96,60.08,524.21,8.33,14.31,Zaid,Rainfed,River,10.89,No,80.6,West,Medium,48.8
Cotton,Sowing,Silt,5.77,36.83,0.47,1.28,117.0,46.0,19.0,20.36,32.0,26.3,5.73,0.83,Rabi,Drip,Reservoir,11.63,Yes,56.13,East,Low,41.66
Cotton,Vegetative,Loamy,4.96,42.55,1.09,1.14,117.0,46.0,19.0,38.1,48.87,226.01,10.5,13.55,Zaid,Drip,River,11.78,No,96.99,Central,High,130.14
Cotton,Sowing,Sandy,7.07,8.56,1.6,2.29,117.0,46.0,19.0,40.11,28.22,474.19,4.12,4.03,Rabi,Sprinkler,Reservoir,2.95,Yes,100.01,East,Low,71.57
Cotton,Sowing,Clay,7.73,52.47,0.48,2.12,117.0,46.0,19.0,37.47,62.16,541.1,4.58,19.2,Zaid,Rainfed,Groundwater,3.38,Yes,113.6,Central,Low,56.7
Cotton,Flowering,Silt,5.35,54.73,0.85,3.22,117.0,46.0,19.0,23.96,33.56,1855.11,5.08,11.73,Zaid,Rainfed,Rainwater,8.3,Yes,10.72,North,Low,5.52
Rice,Vegetative,Sandy,7.56,63.03,1.31,2.71,80.0,47.0,40.0,41.7,58.12,965.14,8.86,2.97,Zaid,Sprinkler,Groundwater,4.99,No,85.25,West,Medium,55.42
Maize,Flowering,Sandy,7.7,18.3,0.34,1.94,76.0,48.5,20.0,34.05,46.39,811.35,8.36,1.53,Zaid,Canal,River,9.05,Yes,42.33,Central,Medium,46.81
Rice,Harvest,Clay,5.7,32.32,0.4,2.12,80.0,47.0,40.0,14.81,58.76,1346.65,6.44,17.09,Zaid,Canal,Groundwater,4.35,Yes,60.74,South,Low,20.49
Cotton,Harvest,Loamy,7.87,27.09,0.61,2.99,117.0,46.0,19.0,32.01,84.37,1532.27,6.43,8.96,Rabi,Rainfed,Groundwater,10.34,No,117.26,West,Low,49.12
Maize,Flowering,Silt,5.89,40.24,0.51,2.96,76.0,48.5,20.0,33.86,90.89,2194.64,8.69,2.21,Rabi,Sprinkler,Reservoir,7.03,No,63.89,East,Medium,59.54
Maize,Harvest,Silt,6.68,52.6,1.48,3.23,76.0,48.5,20.0,15.67,92.87,1257.11,5.22,8.1,Zaid,Canal,Rainwater,12.44,No,35.59,South,Low,10.01
Rice,Sowing,Sandy,5.07,18.1,0.52,0.96,80.0,47.0,40.0,14.51,85.52,2422.7,9.78,6.89,Kharif,Sprinkler,Reservoir,9.34,No,26.49,Central,Low,14.1
Rice,Flowering,Silt,5.45,24.66,1.07,2.35,80.0,47.0,40.0,12.58,47.0,2157.97,10.79,10.03,Zaid,Drip,Groundwater,8.83,Yes,70.58,North,Medium,62.1
Cotton,Sowing,Silt,6.11,39.43,1.31,0.5,117.0,46.0,19.0,23.27,70.98,1861.35,10.89,1.34,Kharif,Drip,Groundwater,0.36,Yes,96.1,South,Low,47.51
Maize,Vegetative,Sandy,6.45,26.2,0.71,0.74,76.0,48.5,20.0,33.16,89.97,857.84,4.75,2.8,Rabi,Canal,Reservoir,14.09,No,112.54,East,Medium,97.95
Rice,Harvest,Silt,6.01,32.18,0.33,1.9,80.0,47.0,40.0,26.63,75.38,141.95,7.87,3.07,Kharif,Rainfed,Reservoir,5.3,No,107.72,West,Low,57.22
Rice,Flowering,Sandy,8.08,56.81,1.19,0.53,80.0,47.0,40.0,32.12,29.87,941.82,8.61,2.77,Rabi,Canal,River,8.94,Yes,15.94,North,Low,8.69
Rice,Harvest,Loamy,4.88,28.66,0.32,2.98,80.0,47.0,40.0,41.02,64.54,301.6,7.09,5.75,Zaid,Sprinkler,Groundwater,4.67,No,92.79,West,Low,50.69
Rice,Flowering,Sandy,7.78,31.29,0.38,1.28,80.0,47.0,40.0,39.44,33.18,581.01,4.18,9.19,Kharif,Canal,River,11.16,No,110.79,South,Medium,117.4
Rice,Sowing,Clay,6.86,20.63,0.4,2.13,80.0,47.0,40.0,39.73,57.85,1992.92,8.62,19.81,Kharif,Canal,Rainwater,9.89,No,49.91,West,Medium,48.15
Cotton,Flowering,Loamy,6.74,29.64,1.31,2.78,117.0,46.0,19.0,27.31,67.03,378.43,5.67,0.72,Zaid,Drip,Reservoir,14.93,Yes,84.85,South,Low,65.62
Cotton,Sowing,Clay,4.98,28.54,0.81,3.34,117.0,46.0,19.0,20.39,92.07,1525.4,10.04,14.0,Rabi,Drip,Groundwater,3.82,No,5.22,Central,Low,2.75
Maize,Vegetative,Loamy,5.51,26.48,0.35,2.38,76.0,48.5,20.0,18.6,40.02,1602.39,5.94,4.92,Rabi,Rainfed,Groundwater,6.9,No,23.13,North,Low,12.17
Rice,Harvest,Clay,6.65,43.56,0.41,3.13,80.0,47.0,40.0,38.78,67.51,646.12,8.38,19.59,Zaid,Sprinkler,Rainwater,11.31,No,56.41,East,Low,21.76
Rice,Sowing,Sandy,8.02,48.97,1.44,3.01,80.0,47.0,40.0,20.64,74.46,2279.86,8.05,1.42,Zaid,Canal,Rainwater,11.61,No,36.95,West,Low,16.24
Rice,Harvest,Sandy,7.66,39.19,0.4,0.39,80.0,47.0,40.0,37.59,33.01,2228.82,9.88,1.41,Kharif,Canal,Rainwater,8.37,Yes,47.07,South,Low,18.7
Rice,Vegetative,Silt,5.07,54.16,1.37,0.14,80.0,47.0,40.0,40.87,79.12,2076.68,8.72,1.87,Zaid,Rainfed,Rainwater,9.04,Yes,38.6,South,Low,19.36
Maize,Flowering,Silt,5.35,39.98,0.66,3.11,76.0,48.5,20.0,14.87,39.47,877.22,9.17,0.96,Kharif,Sprinkler,Reservoir,2.01,No,110.29,South,Low,59.63
Cotton,Sowing,Silt,8.13,42.72,1.21,2.25,117.0,46.0,19.0,41.77,92.07,1695.51,6.77,4.79,Rabi,Drip,Reservoir,3.32,Yes,117.7,East,Low,66.07
Maize,Vegetative,Clay,6.46,54.6,1.21,0.45,76.0,48.5,20.0,36.53,81.49,936.66,10.04,1.92,Kharif,Drip,Groundwater,10.59,Yes,37.34,East,Low,18.08
Rice,Sowing,Clay,5.73,11.54,1.54,2.08,80.0,47.0,40.0,32.45,40.47,292.19,10.53,4.53,Kharif,Rainfed,Reservoir,1.93,Yes,49.11,West,Medium,55.24
Cotton,Vegetative,Sandy,4.94,55.28,1.55,2.0,117.0,46.0,19.0,24.29,94.8,1641.85,4.93,11.86,Rabi,Sprinkler,Groundwater,4.94,No,101.92,Central,Medium,62.3
Maize,Harvest,Sandy,7.91,11.4,1.52,0.6,76.0,48.5,20.0,15.39,54.55,2028.06,9.51,17.19,Zaid,Rainfed,Reservoir,5.65,No,84.18,North,Medium,45.01
Rice,Flowering,Loamy,7.63,17.66,1.47,1.45,80.0,47.0,40.0,38.03,73.85,1171.16,7.25,8.39,Rabi,Drip,River,12.1,Yes,117.59,South,Medium,134.77
Cotton,Harvest,Clay,7.48,8.07,1.47,2.6,117.0,46.0,19.0,41.61,42.22,841.24,10.94,1.52,Zaid,Sprinkler,River,12.69,No,78.77,North,Medium,53.58
Rice,Sowing,Clay,4.91,24.1,1.37,2.5,80.0,47.0,40.0,28.53,35.13,1494.12,6.52,16.67,Rabi,Canal,Reservoir,9.81,Yes,89.24,East,Low,52.93
Cotton,Harvest,Clay,5.83,52.3,0.47,1.17,117.0,46.0,19.0,33.54,71.6,1928.68,4.89,18.43,Kharif,Sprinkler,Rainwater,1.28,No,37.31,Central,Low,12.6
Rice,Flowering,Sandy,6.03,36.84,0.47,2.76,80.0,47.0,40.0,12.78,56.59,355.79,5.18,14.16,Kharif,Rainfed,Reservoir,11.32,Yes,66.85,South,Low,43.62
Rice,Vegetative,Sandy,8.16,49.34,0.45,0.76,80.0,47.0,40.0,16.67,41.57,860.53,10.37,9.41,Zaid,Rainfed,Rainwater,9.69,No,90.68,East,Low,38.07
Maize,Harvest,Loamy,4.93,36.42,1.5,2.64,76.0,48.5,20.0,31.29,41.74,1445.01,9.67,11.26,Zaid,Drip,River,1.7,Yes,9.48,Central,Low,3.65
Maize,Flowering,Clay,5.64,29.95,0.93,2.72,76.0,48.5,20.0,23.9,39.7,95.77,7.78,0.75,Rabi,Drip,Groundwater,5.49,No,91.01,Central,Medium,121.39
Maize,Harvest,Loamy,6.44,42.97,1.45,1.1,76.0,48.5,20.0,28.32,34.39,503.97,10.36,7.59,Kharif,Sprinkler,Rainwater,5.65,No,115.42,North,Low,41.53
Maize,Flowering,Clay,5.03,36.74,1.21,2.56,76.0,48.5,20.0,37.71,65.41,168.05,10.12,4.98,Zaid,Rainfed,Rainwater,4.38,No,75.89,North,Medium,103.23
Cotton,Sowing,Sandy,5.46,53.84,0.68,2.94,117.0,46.0,19.0,31.89,60.88,817.62,8.1,6.79,Rabi,Canal,River,10.51,Yes,46.44,West,Low,21.72
Maize,Vegetative,Clay,7.31,23.37,1.36,2.07,76.0,48.5,20.0,36.85,76.28,1647.06,9.42,12.0,Zaid,Canal,Groundwater,6.43,Yes,114.05,Central,Medium,105.0
Cotton,Harvest,Loamy,6.75,23.37,1.57,2.52,117.0,46.0,19.0,27.22,54.43,877.15,8.73,16.19,Kharif,Rainfed,River,12.19,No,94.85,West,Medium,55.86
Maize,Flowering,Loamy,7.73,42.78,0.99,1.16,76.0,48.5,20.0,40.32,81.14,1071.25,10.66,15.48,Rabi,Canal,Reservoir,10.0,Yes,4.65,Central,Medium,4.47
Rice,Flowering,Loamy,8.0,17.69,1.49,2.6,80.0,47.0,40.0,23.41,75.33,1414.8,10.11,16.74,Kharif,Drip,Groundwater,10.98,No,4.75,North,Medium,4.74
Rice,Sowing,Sandy,6.56,59.59,1.53,1.97,80.0,47.0,40.0,33.77,58.04,1368.07,4.52,10.69,Rabi,Canal,Rainwater,13.5,Yes,113.58,West,Low,50.82
Maize,Flowering,Sandy,6.0,19.44,0.6,2.0,76.0,48.5,20.0,24.32,82.66,420.35,9.95,6.27,Rabi,Drip,Rainwater,4.4,No,103.68,West,Medium,115.62
Rice,Sowing,Silt,5.6,64.41,0.49,1.35,80.0,47.0,40.0,15.71,53.7,2116.5,9.47,18.89,Kharif,Drip,Rainwater,1.0,Yes,26.15,South,Low,9.24
Cotton,Vegetative,Loamy,8.01,49.74,1.03,0.11,117.0,46.0,19.0,36.48,33.01,1372.31,10.84,0.55,Zaid,Canal,Groundwater,7.37,Yes,40.43,South,Low,20.56
Maize,Vegetative,Sandy,7.16,53.16,0.93,0.82,76.0,48.5,20.0,14.25,75.65,1897.04,10.05,9.52,Kharif,Drip,Groundwater,2.98,Yes,90.85,West,Low,36.03
Maize,Vegetative,Silt,5.71,45.57,1.24,2.14,76.0,48.5,20.0,32.59,60.81,2241.57,10.4,3.01,Kharif,Canal,Reservoir,10.61,No,6.66,North,Medium,4.86
Maize,Sowing,Clay,6.35,33.07,0.74,2.82,76.0,48.5,20.0,20.98,87.79,2127.28,9.8,7.22,Rabi,Sprinkler,Groundwater,12.95,No,36.58,Central,Low,18.68
Rice,Flowering,Silt,7.2,44.14,0.63,3.03,80.0,47.0,40.0,39.53,60.55,686.83,5.24,7.05,Rabi,Sprinkler,Rainwater,2.05,No,66.15,West,Medium,62.56
Rice,Harvest,Silt,8.0,14.53,0.99,2.0,80.0,47.0,40.0,40.7,60.66,518.72,9.44,12.05,Zaid,Drip,Reservoir,3.82,Yes,115.89,North,Medium,79.34
Cotton,Harvest,Silt,6.65,16.84,1.25,3.0,117.0,46.0,19.0,16.52,41.98,2004.09,7.31,2.95,Kharif,Sprinkler,River,9.97,No,34.77,South,Low,13.18
Rice,Sowing,Clay,7.39,30.41,1.28,2.13,80.0,47.0,40.0,22.1,91.76,1990.7,8.98,5.58,Zaid,Rainfed,River,12.92,Yes,99.09,Central,Low,52.35
Cotton,Flowering,Loamy,8.15,23.96,1.17,1.72,117.0,46.0,19.0,40.48,34.08,2272.61,4.97,7.11,Zaid,Rainfed,Rainwater,14.23,Yes,34.32,South,Medium,38.8
Rice,Sowing,Loamy,6.34,20.88,0.49,1.22,80.0,47.0,40.0,26.09,35.06,1534.97,10.26,17.55,Zaid,Drip,Groundwater,2.24,Yes,45.27,Central,Low,26.89
Maize,Flowering,Clay,6.64,60.33,0.36,2.97,76.0,48.5,20.0,27.9,57.75,838.06,8.16,15.95,Rabi,Canal,Rainwater,0.77,No,74.12,South,Medium,53.34
Maize,Harvest,Silt,7.69,18.9,0.51,0.28,76.0,48.5,20.0,31.03,26.93,415.36,9.26,10.74,Zaid,Canal,Rainwater,0.58,Yes,3.31,North,Medium,2.31
Rice,Harvest,Clay,6.07,63.1,1.25,0.1,80.0,47.0,40.0,14.91,74.02,2462.49,7.66,11.13,Zaid,Rainfed,River,9.31,No,52.51,South,Low,13.08
Maize,Sowing,Sandy,6.77,64.59,1.52,1.65,76.0,48.5,20.0,40.89,81.7,223.56,8.91,19.32,Zaid,Sprinkler,Groundwater,4.55,Yes,99.93,Central,Medium,83.52
Maize,Vegetative,Sandy,5.44,45.11,1.1,0.45,76.0,48.5,20.0,22.05,28.72,1248.35,7.63,14.32,Rabi,Canal,River,2.02,No,54.08,South,Medium,35.78
Rice,Vegetative,Loamy,7.86,20.4,1.24,2.39,80.0,47.0,40.0,20.05,27.42,844.17,6.34,12.13,Zaid,Sprinkler,Reservoir,7.07,Yes,85.28,West,Medium,68.28
Maize,Sowing,Silt,6.95,26.5,1.07,1.59,76.0,48.5,20.0,20.73,44.6,1635.76,5.78,10.88,Rabi,Sprinkler,River,10.12,Yes,113.2,South,Low,60.89
Rice,Vegetative,Silt,5.14,8.41,0.49,2.45,80.0,47.0,40.0,14.74,57.7,171.28,10.87,1.68,Zaid,Rainfed,Groundwater,8.34,No,111.82,West,High,150.66
Rice,Harvest,Silt,6.85,46.86,0.83,3.43,80.0,47.0,40.0,18.24,32.52,1362.21,6.5,5.55,Rabi,Rainfed,Groundwater,4.25,No,76.01,North,Low,23.28
Cotton,Sowing,Loamy,5.21,23.31,0.34,0.92,117.0,46.0,19.0,31.2,94.77,841.33,9.65,19.64,Zaid,Sprinkler,Rainwater,13.22,No,103.19,South,Medium,90.24
Rice,Flowering,Clay,6.59,28.47,0.4,1.1,80.0,47.0,40.0,31.43,61.39,1188.2,4.63,18.59,Kharif,Canal,Groundwater,10.6,Yes,100.17,North,Medium,101.06
Maize,Flowering,Silt,6.17,35.36,0.8,1.55,76.0,48.5,20.0,15.0,64.76,2319.16,8.8,2.41,Rabi,Rainfed,Groundwater,10.78,Yes,25.35,North,Low,14.28
Rice,Harvest,Loamy,6.27,49.11,1.38,0.12,80.0,47.0,40.0,34.8,36.76,965.67,10.04,16.53,Rabi,Sprinkler,Rainwater,6.42,Yes,109.88,Central,Low,38.77
Maize,Sowing,Sandy,5.39,51.04,1.15,1.13,76.0,48.5,20.0,31.98,80.47,2217.39,9.29,3.89,Rabi,Rainfed,Groundwater,13.23,Yes,81.4,North,Low,39.21
Cotton,Vegetative,Sandy,7.14,27.96,1.5,2.27,117.0,46.0,19.0,36.37,62.28,708.82,9.49,18.64,Zaid,Drip,Groundwater,13.22,No,61.81,West,Medium,54.61
Rice,Sowing,Loamy,6.24,21.4,0.61,0.84,80.0,47.0,40.0,31.34,82.88,1137.5,5.71,7.97,Kharif,Sprinkler,Groundwater,2.59,Yes,81.09,North,Low,50.46
Maize,Flowering,Clay,6.62,52.67,1.52,1.04,76.0,48.5,20.0,36.21,58.36,1425.72,6.62,13.98,Kharif,Rainfed,Reservoir,2.32,Yes,51.55,South,Medium,43.52
Maize,Flowering,Clay,7.84,44.4,1.53,3.27,76.0,48.5,20.0,28.78,83.65,1353.14,9.9,5.7,Zaid,Drip,Groundwater,2.62,No,78.6,Central,Low,47.03
Cotton,Sowing,Clay,6.04,52.16,0.95,0.2,117.0,46.0,19.0,15.97,77.62,2125.41,6.5,6.35,Zaid,Drip,River,5.41,No,21.46,West,Low,8.69
Cotton,Sowing,Loamy,7.08,24.64,1.03,3.35,117.0,46.0,19.0,28.08,67.44,1737.22,6.97,13.61,Rabi,Sprinkler,River,6.78,No,119.98,East,Medium,100.78
Cotton,Sowing,Clay,8.1,35.91,0.63,2.8,117.0,46.0,19.0,12.59,64.87,1741.26,9.94,19.35,Kharif,Canal,Groundwater,13.53,No,70.74,West,Low,33.05
Maize,Vegetative,Clay,6.24,21.9,1.04,1.68,76.0,48.5,20.0,21.03,69.13,330.27,10.94,6.46,Rabi,Drip,Rainwater,3.11,Yes,84.71,East,Medium,81.26
Cotton,Sowing,Clay,7.61,21.11,0.98,3.47,117.0,46.0,19.0,15.31,38.59,1508.63,5.4,2.99,Rabi,Rainfed,Reservoir,6.3,Yes,102.15,South,Low,54.1
Maize,Vegetative,Sandy,5.09,38.5,0.78,1.84,76.0,48.5,20.0,24.0,74.34,786.51,5.29,16.05,Rabi,Drip,Groundwater,10.61,No,115.97,South,Medium,83.21
Maize,Sowing,Silt,7.23,43.81,1.55,1.34,76.0,48.5,20.0,31.93,31.66,2131.17,4.64,7.34,Rabi,Sprinkler,Groundwater,3.5,Yes,3.43,Central,Low,1.77
Rice,Sowing,Sandy,5.47,60.55,0.51,1.62,80.0,47.0,40.0,23.83,52.08,777.28,7.72,13.37,Kharif,Sprinkler,Groundwater,1.61,Yes,100.24,South,Low,40.32
Rice,Vegetative,Sandy,6.21,63.62,0.99,2.84,80.0,47.0,40.0,28.07,70.28,2383.12,10.31,13.68,Rabi,Canal,Reservoir,12.65,No,20.46,Central,Medium,11.84
Rice,Flowering,Clay,6.4,29.16,1.02,0.16,80.0,47.0,40.0,41.66,38.5,459.0,5.33,7.99,Zaid,Drip,Reservoir,1.96,No,19.37,South,Medium,22.42
Rice,Vegetative,Clay,6.05,9.29,0.42,3.23,80.0,47.0,40.0,34.42,60.15,28.5,6.68,11.21,Kharif,Sprinkler,River,13.18,Yes,21.15,Central,High,38.37
Maize,Flowering,Clay,5.14,16.42,1.16,1.8,76.0,48.5,20.0,15.62,86.94,490.33,10.41,2.75,Kharif,Sprinkler,Reservoir,10.03,Yes,18.77,South,Medium,17.86
Cotton,Vegetative,Silt,5.77,60.64,0.69,0.93,117.0,46.0,19.0,30.4,52.95,1598.69,9.29,3.37,Kharif,Rainfed,Reservoir,7.67,No,8.68,East,Medium,5.31
Cotton,Vegetative,Loamy,5.46,42.19,0.48,1.06,117.0,46.0,19.0,18.31,29.11,1720.61,5.09,9.98,Rabi,Sprinkler,Groundwater,5.15,No,45.98,North,Low,21.05
Maize,Sowing,Clay,5.52,9.89,1.18,0.4,76.0,48.5,20.0,38.28,28.95,2081.52,4.44,18.14,Kharif,Rainfed,Rainwater,11.42,Yes,104.58,Central,Medium,100.11
Rice,Sowing,Loamy,4.88,12.65,0.38,1.82,80.0,47.0,40.0,40.03,48.23,372.41,8.77,5.52,Zaid,Sprinkler,Rainwater,5.16,Yes,37.67,Central,Low,29.63
Rice,Sowing,Silt,7.85,35.45,0.74,2.02,80.0,47.0,40.0,14.68,38.78,126.16,8.26,3.73,Rabi,Sprinkler,Groundwater,13.22,Yes,57.85,North,Low,38.24
Cotton,Flowering,Loamy,5.52,31.15,1.4,1.64,117.0,46.0,19.0,38.56,61.3,74.26,4.42,3.26,Kharif,Canal,Groundwater,11.54,No,22.21,North,Medium,34.19
Maize,Sowing,Clay,5.57,42.55,1.31,1.66,76.0,48.5,20.0,19.78,37.82,259.48,10.82,3.52,Kharif,Canal,Rainwater,7.38,No,39.36,East,Low,23.21
Rice,Flowering,Loamy,5.06,47.54,0.98,0.77,80.0,47.0,40.0,30.69,81.54,1132.31,9.8,17.4,Kharif,Drip,Groundwater,11.68,No,11.21,East,Medium,9.47
Rice,Vegetative,Silt,5.26,59.1,1.57,0.58,80.0,47.0,40.0,28.59,91.58,2035.99,10.74,6.31,Zaid,Canal,Groundwater,3.03,Yes,118.79,Central,Low,50.89
Cotton,Sowing,Silt,5.95,21.09,1.08,1.9,117.0,46.0,19.0,32.09,59.85,2428.6,5.98,15.3,Kharif,Sprinkler,Reservoir,2.21,No,3.85,West,Medium,3.45
Rice,Flowering,Sandy,7.21,14.12,0.83,1.56,80.0,47.0,40.0,13.38,41.79,2066.13,8.95,0.9,Rabi,Canal,Groundwater,5.96,No,36.02,North,Medium,32.87
Maize,Harvest,Sandy,6.7,15.96,1.47,2.81,76.0,48.5,20.0,18.09,69.51,1256.29,7.7,9.52,Kharif,Drip,Groundwater,13.98,Yes,24.59,South,Low,9.48
Maize,Flowering,Clay,6.85,13.64,1.15,3.11,76.0,48.5,20.0,14.11,56.61,1270.6,7.68,2.6,Kharif,Rainfed,River,9.56,Yes,61.43,Central,Medium,56.06
Cotton,Flowering,Sandy,8.2,38.07,1.33,2.97,117.0,46.0,19.0,38.87,89.63,1128.52,7.93,13.4,Zaid,Canal,Rainwater,4.11,Yes,51.28,West,Medium,50.98
Maize,Vegetative,Clay,6.18,30.3,0.97,1.27,76.0,48.5,20.0,14.5,94.73,2287.86,5.02,17.15,Rabi,Rainfed,Groundwater,2.86,Yes,24.15,South,Low,11.84
Cotton,Flowering,Clay,7.91,43.23,0.69,3.04,117.0,46.0,19.0,38.82,92.93,1427.73,6.83,1.2,Kharif,Rainfed,Rainwater,12.28,No,82.6,Central,Medium,78.3
Rice,Sowing,Loamy,6.05,11.84,1.23,1.2,80.0,47.0,40.0,37.36,56.94,1915.4,10.85,2.26,Kharif,Rainfed,River,6.98,Yes,23.61,North,Low,15.69
Maize,Vegetative,Clay,6.1,42.74,0.54,2.27,76.0,48.5,20.0,29.43,51.96,1771.37,9.5,10.02,Rabi,Rainfed,Reservoir,7.78,No,118.34,Central,Medium,86.16
Rice,Flowering,Silt,7.64,32.05,0.45,0.24,80.0,47.0,40.0,19.33,80.17,2200.54,4.88,12.41,Zaid,Canal,Reservoir,5.16,Yes,109.7,North,Low,66.64
Rice,Sowing,Sandy,6.89,64.17,1.18,2.85,80.0,47.0,40.0,20.38,50.39,607.12,8.71,7.9,Rabi,Canal,Reservoir,10.46,No,87.21,West,Low,32.48
Maize,Harvest,Silt,6.54,30.14,1.05,3.46,76.0,48.5,20.0,15.23,89.28,185.21,6.63,0.91,Kharif,Rainfed,Groundwater,9.3,No,87.98,West,Low,40.87
Cotton,Sowing,Silt,6.15,27.52,0.31,1.9,117.0,46.0,19.0,41.08,76.8,1928.2,6.85,0.84,Kharif,Drip,Groundwater,4.95,Yes,6.96,West,Low,4.46
Cotton,Vegetative,Sandy,5.97,41.7,0.44,2.34,117.0,46.0,19.0,18.89,66.88,1075.52,4.5,5.21,Zaid,Drip,River,11.2,Yes,106.88,East,Low,49.45
Maize,Sowing,Sandy,6.29,47.9,0.73,2.37,76.0,48.5,20.0,20.49,69.59,380.26,8.03,16.56,Kharif,Canal,Reservoir,4.76,Yes,92.11,South,Low,46.93
Cotton,Flowering,Clay,6.17,57.47,1.33,2.39,117.0,46.0,19.0,15.74,87.49,1208.68,5.52,14.51,Rabi,Canal,Groundwater,9.26,No,51.68,West,Medium,33.85
Cotton,Flowering,Loamy,6.23,33.88,1.05,0.56,117.0,46.0,19.0,34.01,63.3,756.01,10.11,6.89,Kharif,Drip,Groundwater,11.94,Yes,113.69,North,Low,78.58
Cotton,Harvest,Loamy,8.07,37.99,1.34,2.77,117.0,46.0,19.0,13.05,37.25,1123.79,9.33,13.81,Zaid,Drip,Rainwater,3.63,No,64.02,South,Low,20.56
Maize,Harvest,Clay,7.55,61.1,1.09,3.47,76.0,48.5,20.0,18.45,35.5,1580.58,6.34,12.5,Kharif,Rainfed,Reservoir,0.47,No,76.55,Central,Low,20.26
Cotton,Sowing,Silt,6.74,11.1,0.64,2.18,117.0,46.0,19.0,14.79,49.05,1594.57,5.96,13.23,Kharif,Canal,River,9.68,No,105.42,North,Medium,80.17
Cotton,Harvest,Sandy,7.73,23.15,0.47,0.29,117.0,46.0,19.0,37.98,45.08,805.61,8.12,6.88,Kharif,Drip,River,11.55,No,24.12,North,Medium,15.73
Cotton,Vegetative,Silt,5.07,37.35,1.37,2.0,117.0,46.0,19.0,13.98,59.39,360.25,10.92,9.66,Kharif,Drip,Reservoir,2.06,Yes,47.66,East,Low,25.7
Cotton,Harvest,Silt,5.05,35.36,0.84,1.04,117.0,46.0,19.0,37.83,37.27,799.29,5.1,15.3,Rabi,Sprinkler,Rainwater,5.56,No,56.88,South,Low,23.43
Rice,Vegetative,Clay,5.52,35.33,1.58,1.66,80.0,47.0,40.0,15.02,79.82,1098.16,6.32,14.47,Rabi,Drip,Rainwater,1.86,Yes,42.8,South,Low,20.1
Rice,Sowing,Silt,7.07,61.26,1.5,2.73,80.0,47.0,40.0,12.76,59.81,1844.0,10.94,15.35,Kharif,Sprinkler,Rainwater,5.29,Yes,60.31,North,Low,21.92
Rice,Sowing,Clay,7.63,23.62,0.48,1.71,80.0,47.0,40.0,29.71,27.21,972.4,7.16,0.97,Kharif,Drip,Reservoir,3.2,Yes,95.12,South,Low,57.27
Cotton,Vegetative,Sandy,6.21,36.82,0.96,2.67,117.0,46.0,19.0,37.23,52.75,2489.08,8.91,3.76,Kharif,Rainfed,Reservoir,2.24,Yes,64.32,South,Low,37.17
Rice,Vegetative,Sandy,8.18,30.85,0.76,2.87,80.0,47.0,40.0,38.83,81.75,1486.09,9.46,5.14,Kharif,Sprinkler,Groundwater,5.16,Yes,109.84,South,Low,67.78
Maize,Harvest,Silt,5.18,39.08,1.5,2.64,76.0,48.5,20.0,33.66,64.07,2145.22,7.99,13.85,Rabi,Canal,Reservoir,10.15,Yes,85.5,North,Low,32.82
Cotton,Harvest,Sandy,6.87,46.18,0.36,1.56,117.0,46.0,19.0,24.25,83.54,1766.05,9.22,11.93,Rabi,Canal,Groundwater,13.22,No,115.75,West,Low,37.99
Maize,Vegetative,Silt,7.59,61.65,0.88,1.12,76.0,48.5,20.0,38.61,40.09,204.41,5.71,16.78,Kharif,Sprinkler,Rainwater,1.46,Yes,102.22,North,Medium,88.62
Rice,Sowing,Loamy,5.61,38.84,1.46,2.23,80.0,47.0,40.0,25.1,65.44,2418.36,6.88,4.16,Rabi,Rainfed,Reservoir,8.9,Yes,10.69,Central,Low,5.41
Rice,Vegetative,Loamy,7.48,61.16,0.42,1.83,80.0,47.0,40.0,19.22,61.17,481.89,8.72,2.03,Zaid,Sprinkler,Rainwater,9.93,Yes,10.45,North,Low,4.16
Maize,Sowing,Sandy,4.99,35.27,0.83,2.4,76.0,48.5,20.0,31.43,92.46,1134.82,5.92,15.08,Zaid,Rainfed,River,5.68,Yes,77.11,South,Low,42.84
Maize,Vegetative,Loamy,6.52,41.98,1.45,1.2,76.0,48.5,20.0,30.67,76.81,513.85,4.2,17.08,Rabi,Rainfed,Rainwater,7.15,Yes,19.48,East,Medium,14.62
Cotton,Sowing,Silt,7.28,55.79,1.14,2.81,117.0,46.0,19.0,22.31,59.2,473.8,5.38,4.85,Kharif,Drip,Rainwater,9.69,Yes,115.7,West,Low,50.8
Maize,Flowering,Silt,6.88,39.63,1.54,2.17,76.0,48.5,20.0,15.38,61.7,436.11,9.38,3.53,Zaid,Drip,River,3.55,No,76.72,South,Low,45.59
Cotton,Sowing,Sandy,6.66,59.53,1.11,1.97,117.0,46.0,19.0,26.83,64.38,2355.79,5.52,16.34,Zaid,Drip,Rainwater,3.89,Yes,81.48,North,Low,34.15
Cotton,Sowing,Silt,6.98,58.38,0.86,0.32,117.0,46.0,19.0,31.59,76.7,2381.61,5.36,7.02,Kharif,Canal,Reservoir,10.73,Yes,18.22,South,Low,8.1
Maize,Sowing,Sandy,5.68,37.0,0.74,0.7,76.0,48.5,20.0,20.82,62.18,1501.06,6.86,0.72,Kharif,Sprinkler,Reservoir,1.07,No,85.9,West,Low,42.32
Rice,Harvest,Loamy,7.66,61.05,1.45,0.87,80.0,47.0,40.0,14.35,28.45,193.99,6.81,11.77,Kharif,Rainfed,Rainwater,14.17,No,46.86,East,Medium,22.86
Rice,Sowing,Clay,7.48,15.89,1.52,2.15,80.0,47.0,40.0,34.96,90.64,307.46,10.24,2.38,Kharif,Drip,Groundwater,14.14,Yes,116.79,South,Low,92.91
Rice,Harvest,Sandy,6.81,40.04,0.92,1.89,80.0,47.0,40.0,32.8,69.67,547.78,5.75,14.31,Rabi,Rainfed,River,4.9,Yes,87.5,East,Low,33.03
Maize,Flowering,Loamy,5.37,33.98,0.34,0.18,76.0,48.5,20.0,18.44,65.21,60.02,10.06,1.16,Zaid,Rainfed,Groundwater,8.54,No,52.25,Central,Medium,65.25
Cotton,Flowering,Silt,7.45,53.18,0.75,1.12,117.0,46.0,19.0,21.88,50.68,1305.72,4.38,11.69,Kharif,Sprinkler,Reservoir,4.48,Yes,84.29,West,Low,43.17
Rice,Harvest,Loamy,7.62,56.85,1.03,3.41,80.0,47.0,40.0,13.39,42.81,256.97,7.27,1.46,Kharif,Canal,River,0.58,Yes,117.76,South,Low,40.09
Maize,Sowing,Clay,7.19,39.13,1.22,2.58,76.0,48.5,20.0,26.88,60.38,1830.73,4.66,18.59,Kharif,Rainfed,Reservoir,7.48,Yes,34.05,Central,Low,17.5
Rice,Flowering,Silt,8.02,31.46,1.23,2.09,80.0,47.0,40.0,21.75,47.17,752.38,6.32,1.56,Rabi,Canal,Rainwater,14.92,Yes,54.42,East,Low,34.08
Rice,Harvest,Sandy,6.19,14.15,0.61,2.48,80.0,47.0,40.0,41.88,45.25,932.87,6.03,4.74,Zaid,Rainfed,River,5.2,Yes,13.99,West,Low,6.66
Cotton,Flowering,Sandy,7.05,30.42,1.3,2.51,117.0,46.0,19.0,41.7,92.76,871.22,9.08,8.93,Zaid,Drip,Rainwater,3.68,No,33.71,South,Medium,36.16
Maize,Flowering,Silt,6.38,49.83,0.33,2.7,76.0,48.5,20.0,19.06,65.88,895.05,6.97,18.94,Rabi,Rainfed,Reservoir,1.51,Yes,51.35,Central,Low,26.42
Rice,Flowering,Silt,6.6,47.37,0.87,1.5,80.0,47.0,40.0,37.94,72.53,98.89,7.14,14.04,Kharif,Canal,River,8.75,No,28.04,South,High,47.36
Cotton,Flowering,Loamy,7.56,62.73,1.2,2.19,117.0,46.0,19.0,13.9,55.2,1940.01,4.95,13.31,Kharif,Sprinkler,Reservoir,3.43,Yes,0.58,Central,Low,0.25
Maize,Sowing,Loamy,7.3,44.53,0.35,0.71,76.0,48.5,20.0,31.22,78.52,180.68,6.86,5.4,Rabi,Sprinkler,Rainwater,1.8,No,107.15,Central,Medium,105.58
Cotton,Harvest,Silt,7.06,43.17,0.59,1.14,117.0,46.0,19.0,33.01,90.62,2019.53,5.12,4.35,Kharif,Drip,Rainwater,6.2,No,72.95,North,Low,26.81
Cotton,Harvest,Sandy,7.25,13.04,1.4,2.07,117.0,46.0,19.0,35.34,85.32,765.88,10.65,16.94,Kharif,Drip,Groundwater,1.73,Yes,34.94,Central,Medium,22.8
Maize,Sowing,Loamy,6.5,49.58,0.8,3.05,76.0,48.5,20.0,40.33,84.42,1534.71,7.2,7.89,Zaid,Drip,Rainwater,7.03,Yes,33.29,North,Low,17.49
Maize,Flowering,Silt,7.84,42.32,0.64,2.79,76.0,48.5,20.0,38.94,50.66,1266.62,4.19,17.35,Zaid,Sprinkler,Reservoir,2.16,Yes,28.41,Central,Medium,27.19
Maize,Sowing,Loamy,4.99,59.23,1.11,2.13,76.0,48.5,20.0,21.72,64.57,1188.43,10.27,15.24,Kharif,Drip,Reservoir,10.63,Yes,11.28,West,Low,4.51
Cotton,Sowing,Silt,7.59,52.69,0.85,2.47,117.0,46.0,19.0,26.99,44.06,1932.19,6.02,1.86,Rabi,Rainfed,Rainwater,3.82,No,34.95,Central,Low,15.78
Rice,Vegetative,Sandy,4.93,52.51,1.44,3.03,80.0,47.0,40.0,16.75,35.18,113.17,8.35,16.32,Zaid,Sprinkler,Rainwater,11.35,Yes,104.48,South,Medium,86.4
Cotton,Flowering,Sandy,6.64,64.43,0.35,2.54,117.0,46.0,19.0,16.85,59.4,1398.22,9.78,5.67,Rabi,Sprinkler,River,13.01,Yes,31.66,North,Low,13.59
Rice,Sowing,Sandy,5.3,41.13,0.59,1.8,80.0,47.0,40.0,34.84,58.06,1470.61,10.24,3.27,Zaid,Drip,Groundwater,1.33,Yes,35.09,West,Low,19.09
Rice,Vegetative,Sandy,4.83,34.17,1.21,3.08,80.0,47.0,40.0,29.21,60.29,186.32,8.37,17.42,Zaid,Canal,Groundwater,4.58,No,27.62,East,Medium,29.2
Cotton,Harvest,Silt,7.92,11.83,0.99,1.17,117.0,46.0,19.0,32.32,37.52,1419.52,9.22,13.57,Kharif,Rainfed,Groundwater,6.02,No,59.76,North,Medium,37.94
Cotton,Harvest,Loamy,7.08,36.57,1.45,2.95,117.0,46.0,19.0,12.9,85.29,985.17,9.76,15.07,Kharif,Canal,Reservoir,1.47,No,81.33,West,Low,26.44
Cotton,Vegetative,Clay,6.14,29.03,1.33,3.14,117.0,46.0,19.0,16.57,41.59,2108.3,7.62,7.79,Zaid,Sprinkler,Rainwater,0.87,No,60.67,South,Low,30.58
Maize,Vegetative,Loamy,5.21,49.74,1.51,2.43,76.0,48.5,20.0,36.39,62.54,1615.25,8.25,11.97,Kharif,Drip,River,8.28,No,104.68,South,Medium,75.99
Cotton,Harvest,Clay,6.62,26.3,0.71,0.36,117.0,46.0,19.0,19.1,65.56,954.57,4.45,13.32,Kharif,Rainfed,Reservoir,2.42,No,63.45,South,Low,23.52
Cotton,Flowering,Loamy,6.22,45.18,1.36,1.75,117.0,46.0,19.0,14.64,69.91,380.22,9.74,19.63,Rabi,Canal,Reservoir,1.52,Yes,2.64,East,Low,1.56
Maize,Harvest,Loamy,7.28,39.86,1.26,2.7,76.0,48.5,20.0,16.51,27.65,1005.0,4.94,17.16,Kharif,Sprinkler,Reservoir,2.68,No,64.99,Central,Low,20.86
Maize,Sowing,Loamy,6.57,28.66,1.49,3.13,76.0,48.5,20.0,12.24,48.84,117.93,8.76,3.39,Rabi,Rainfed,Reservoir,6.1,No,74.49,South,Low,52.47
Cotton,Harvest,Loamy,5.45,23.46,1.59,1.89,117.0,46.0,19.0,39.12,41.09,203.81,5.76,15.1,Rabi,Drip,River,9.89,Yes,101.82,West,Medium,88.94
Maize,Sowing,Loamy,7.66,53.31,0.54,2.3,76.0,48.5,20.0,16.49,51.78,1103.59,8.1,1.0,Zaid,Canal,Reservoir,9.33,No,62.06,East,Low,24.98
Rice,Vegetative,Sandy,5.2,52.6,1.25,3.08,80.0,47.0,40.0,40.2,32.09,66.53,8.06,4.5,Kharif,Canal,Groundwater,9.8,No,11.41,Central,Medium,12.21
Maize,Flowering,Silt,8.17,48.35,0.99,1.11,76.0,48.5,20.0,35.94,72.18,1768.02,7.0,17.53,Zaid,Rainfed,Groundwater,6.9,No,54.21,West,Medium,47.68
Cotton,Harvest,Clay,5.51,18.41,0.4,1.83,117.0,46.0,19.0,37.58,53.29,518.58,4.2,17.84,Zaid,Sprinkler,Reservoir,9.6,No,58.19,Central,Medium,39.0
Maize,Harvest,Sandy,4.84,14.63,1.39,0.88,76.0,48.5,20.0,31.17,37.36,1806.69,10.61,19.16,Kharif,Rainfed,River,10.35,No,87.26,West,Medium,54.8
Cotton,Vegetative,Clay,8.19,55.79,1.55,1.85,117.0,46.0,19.0,36.34,41.44,18.39,7.48,3.35,Zaid,Sprinkler,Reservoir,5.0,Yes,40.15,West,Medium,41.6
Cotton,Flowering,Loamy,7.07,26.65,0.59,0.39,117.0,46.0,19.0,18.27,28.62,1553.08,6.74,11.34,Zaid,Rainfed,Groundwater,7.05,Yes,71.97,East,Low,45.21
Rice,Harvest,Sandy,7.87,36.9,1.21,3.46,80.0,47.0,40.0,14.72,81.78,1124.05,5.62,5.2,Zaid,Drip,Rainwater,13.81,Yes,96.59,North,Low,31.31
Rice,Harvest,Clay,7.08,30.32,0.42,2.93,80.0,47.0,40.0,22.47,73.24,1343.85,4.62,9.9,Zaid,Rainfed,Reservoir,1.16,Yes,7.14,East,Low,2.65
Cotton,Flowering,Silt,5.44,12.27,1.02,2.79,117.0,46.0,19.0,20.95,51.93,2033.49,7.11,9.85,Kharif,Rainfed,Reservoir,10.24,No,70.33,East,Medium,68.43
Rice,Sowing,Sandy,6.92,35.08,1.2,0.55,80.0,47.0,40.0,30.7,69.19,1930.16,7.4,8.4,Kharif,Rainfed,Groundwater,0.72,Yes,95.57,East,Low,52.82
Rice,Sowing,Silt,5.52,33.33,1.04,3.11,80.0,47.0,40.0,28.15,48.25,262.35,6.99,12.49,Kharif,Sprinkler,Reservoir,9.4,Yes,47.06,North,Low,32.71
Maize,Flowering,Silt,5.41,28.61,1.39,1.46,76.0,48.5,20.0,40.79,93.94,480.94,10.13,14.55,Kharif,Canal,Rainwater,4.61,No,4.19,East,Medium,4.77
Rice,Harvest,Loamy,5.63,48.76,0.69,1.71,80.0,47.0,40.0,22.13,60.06,509.53,6.39,7.99,Rabi,Canal,River,0.63,No,73.78,East,Low,23.47
Rice,Flowering,Silt,6.32,29.06,0.58,2.32,80.0,47.0,40.0,13.37,57.46,1053.88,6.39,6.89,Zaid,Sprinkler,Groundwater,2.84,No,98.12,West,Low,58.31
Rice,Harvest,Loamy,5.89,32.12,0.54,2.17,80.0,47.0,40.0,37.51,52.06,1505.38,6.37,11.07,Rabi,Sprinkler,Rainwater,2.6,Yes,93.81,East,Low,39.63
Rice,Flowering,Clay,8.1,62.19,0.35,2.02,80.0,47.0,40.0,27.55,89.37,256.62,9.49,5.74,Zaid,Canal,Reservoir,12.17,No,73.35,North,Medium,65.7
Maize,Flowering,Clay,6.29,14.21,0.67,2.51,76.0,48.5,20.0,37.19,76.86,2302.68,5.98,2.02,Rabi,Drip,Reservoir,7.67,No,19.88,East,Medium,22.62
Cotton,Sowing,Clay,6.72,42.65,1.14,2.43,117.0,46.0,19.0,26.99,77.61,2432.36,4.33,18.3,Zaid,Drip,River,13.97,Yes,39.16,South,Low,19.51
Rice,Flowering,Silt,5.33,62.1,0.4,0.97,80.0,47.0,40.0,22.91,75.3,790.81,10.76,13.86,Rabi,Drip,Groundwater,1.08,No,93.45,East,Medium,62.73
Maize,Vegetative,Silt,7.15,64.41,0.67,2.93,76.0,48.5,20.0,19.99,43.71,790.86,10.2,11.57,Zaid,Canal,Rainwater,5.62,Yes,79.03,South,Low,29.24
Cotton,Flowering,Loamy,7.01,34.68,0.71,3.46,117.0,46.0,19.0,28.86,83.54,1737.4,7.65,19.35,Kharif,Canal,Reservoir,7.62,No,99.23,West,Medium,92.7
Cotton,Flowering,Loamy,7.86,44.14,0.31,0.71,117.0,46.0,19.0,12.31,26.36,2403.93,7.72,6.08,Zaid,Rainfed,Groundwater,0.61,Yes,28.36,West,Low,14.75
Maize,Vegetative,Clay,7.35,57.82,0.66,1.99,76.0,48.5,20.0,30.4,62.83,2192.11,4.79,0.83,Zaid,Drip,River,7.41,No,72.85,East,Medium,46.01
Maize,Vegetative,Clay,6.46,50.54,0.49,0.93,76.0,48.5,20.0,41.83,74.09,530.98,7.04,7.27,Kharif,Sprinkler,Rainwater,7.99,Yes,30.7,Central,Low,15.98
Cotton,Sowing,Clay,6.85,36.32,0.47,2.61,117.0,46.0,19.0,38.68,65.78,1432.53,4.61,1.9,Kharif,Drip,River,10.0,Yes,61.77,South,Low,36.32
Maize,Harvest,Sandy,5.91,34.33,1.55,3.1,76.0,48.5,20.0,33.17,74.73,509.0,8.12,17.24,Zaid,Sprinkler,River,9.72,No,58.89,South,Low,23.85
Cotton,Vegetative,Loamy,4.95,34.09,1.25,3.08,117.0,46.0,19.0,20.94,31.51,906.06,8.95,6.89,Zaid,Sprinkler,Groundwater,9.69,No,12.34,East,Low,6.24
Rice,Harvest,Clay,5.91,8.93,0.36,1.33,80.0,47.0,40.0,23.06,51.6,1587.67,8.0,11.61,Zaid,Rainfed,River,14.02,No,63.27,Central,Medium,36.7
Rice,Harvest,Loamy,4.99,35.85,1.38,0.85,80.0,47.0,40.0,31.01,86.18,1010.65,4.43,14.51,Kharif,Rainfed,River,8.5,Yes,95.77,Central,Low,36.91
Rice,Vegetative,Silt,4.88,54.89,1.42,1.55,80.0,47.0,40.0,17.25,30.85,2313.15,4.08,1.06,Kharif,Rainfed,Reservoir,5.64,No,102.46,West,Low,40.9
Rice,Harvest,Clay,6.33,23.89,0.78,0.89,80.0,47.0,40.0,34.89,55.99,1888.41,6.4,15.81,Kharif,Sprinkler,Groundwater,14.41,No,34.55,West,Medium,21.79
Rice,Vegetative,Silt,5.93,37.79,0.79,2.36,80.0,47.0,40.0,17.7,92.05,958.21,9.4,17.69,Zaid,Sprinkler,River,4.17,Yes,74.17,Central,Low,35.1
Rice,Flowering,Sandy,5.36,62.62,0.45,1.16,80.0,47.0,40.0,15.16,45.39,2019.22,8.82,5.41,Kharif,Sprinkler,Reservoir,2.71,No,117.46,East,Low,50.53
Maize,Vegetative,Clay,7.14,56.72,0.63,1.82,76.0,48.5,20.0,26.97,68.88,2151.91,8.02,3.89,Zaid,Drip,Reservoir,5.24,No,94.44,West,Low,40.87
Maize,Flowering,Clay,5.48,49.03,0.37,3.28,76.0,48.5,20.0,14.71,92.77,1292.0,9.29,11.28,Zaid,Rainfed,Rainwater,0.99,Yes,6.46,West,Low,3.21
Maize,Sowing,Clay,5.89,27.81,0.92,1.87,76.0,48.5,20.0,31.01,64.69,1799.11,9.81,9.68,Kharif,Sprinkler,River,12.8,No,32.33,Central,Low,19.05
Maize,Flowering,Sandy,5.3,21.61,0.39,0.38,76.0,48.5,20.0,38.17,92.05,184.81,6.65,12.25,Zaid,Sprinkler,River,13.06,No,81.97,North,High,162.91
Maize,Harvest,Silt,5.05,40.37,0.87,0.19,76.0,48.5,20.0,33.07,66.25,1507.54,4.41,8.49,Rabi,Drip,Groundwater,12.94,No,83.33,Central,Low,31.44
Rice,Harvest,Sandy,7.56,55.6,1.22,1.89,80.0,47.0,40.0,21.02,71.34,1474.23,10.03,17.54,Kharif,Rainfed,River,6.02,Yes,115.43,North,Low,33.32
Rice,Harvest,Clay,6.5,64.45,0.47,2.47,80.0,47.0,40.0,34.51,31.97,822.23,4.51,2.7,Zaid,Canal,Reservoir,4.74,No,35.48,West,Low,10.59
Maize,Vegetative,Silt,6.99,36.85,0.37,0.45,76.0,48.5,20.0,12.02,65.03,671.48,9.43,1.59,Rabi,Rainfed,Groundwater,2.36,No,21.31,Central,Low,9.87
Cotton,Harvest,Silt,7.16,38.16,0.65,0.32,117.0,46.0,19.0,13.74,79.04,2389.82,6.47,14.69,Rabi,Drip,Rainwater,2.12,Yes,83.22,East,Low,26.68
Rice,Sowing,Sandy,7.76,37.32,0.57,2.37,80.0,47.0,40.0,28.59,79.4,2176.57,6.84,19.82,Rabi,Sprinkler,Reservoir,5.77,Yes,103.52,West,Low,54.98
Maize,Flowering,Loamy,7.8,48.61,1.23,3.31,76.0,48.5,20.0,38.28,64.87,2008.67,9.76,12.74,Rabi,Drip,Groundwater,8.74,No,103.7,North,Medium,92.9
Cotton,Flowering,Clay,6.59,14.58,1.14,1.97,117.0,46.0,19.0,30.0,75.69,816.77,5.35,2.83,Zaid,Rainfed,Rainwater,2.67,No,70.25,Central,Medium,74.8
Rice,Sowing,Sandy,7.35,46.9,0.52,3.37,80.0,47.0,40.0,34.67,68.89,2167.7,7.89,6.15,Zaid,Rainfed,Groundwater,8.5,No,61.14,Central,Low,31.45
Rice,Flowering,Loamy,8.08,12.87,0.84,2.01,80.0,47.0,40.0,20.68,65.16,638.67,9.43,13.35,Zaid,Rainfed,River,11.37,No,35.83,North,Medium,34.76
Maize,Flowering,Clay,5.05,43.71,0.78,2.02,76.0,48.5,20.0,17.65,84.0,1430.65,4.12,1.31,Kharif,Rainfed,Groundwater,4.17,No,65.4,East,Low,35.16
Rice,Vegetative,Clay,4.98,24.0,0.84,3.31,80.0,47.0,40.0,36.42,51.55,1732.31,8.99,16.77,Rabi,Sprinkler,Rainwater,8.58,Yes,104.16,East,Medium,95.05
Maize,Sowing,Clay,6.6,52.08,0.49,0.85,76.0,48.5,20.0,37.42,60.22,1957.43,7.67,12.37,Rabi,Sprinkler,Groundwater,6.61,Yes,26.44,Central,Low,13.24
Cotton,Vegetative,Silt,6.89,48.22,0.96,3.27,117.0,46.0,19.0,13.31,65.91,2313.39,5.52,10.72,Rabi,Canal,Reservoir,5.75,No,61.25,North,Medium,36.47
Rice,Vegetative,Sandy,7.41,63.24,0.36,0.92,80.0,47.0,40.0,32.16,81.17,1566.29,7.43,11.4,Zaid,Sprinkler,Reservoir,5.02,No,52.34,West,Medium,31.63
Cotton,Vegetative,Clay,7.34,16.94,1.22,1.5,117.0,46.0,19.0,41.92,65.41,1505.47,5.11,12.25,Rabi,Canal,River,4.21,No,62.72,South,High,79.23
Cotton,Sowing,Loamy,5.86,56.62,0.68,2.08,117.0,46.0,19.0,24.38,61.61,853.26,10.82,8.8,Zaid,Sprinkler,Reservoir,9.63,Yes,53.08,Central,Low,22.41
Maize,Vegetative,Silt,7.65,52.12,0.72,0.81,76.0,48.5,20.0,21.53,88.67,2065.36,9.62,4.24,Rabi,Rainfed,Groundwater,6.6,No,10.93,North,Low,4.7
Rice,Harvest,Silt,5.05,24.07,1.24,2.94,80.0,47.0,40.0,38.75,77.81,829.96,5.84,10.5,Kharif,Drip,Rainwater,7.53,Yes,30.23,North,Medium,19.7
Cotton,Sowing,Silt,5.67,59.64,1.06,2.26,117.0,46.0,19.0,18.97,71.14,1605.06,6.95,7.68,Rabi,Sprinkler,Reservoir,14.14,Yes,11.97,North,Low,4.62
Cotton,Harvest,Silt,6.82,28.51,0.72,3.23,117.0,46.0,19.0,40.61,48.58,856.61,9.92,8.52,Rabi,Sprinkler,Rainwater,8.17,Yes,51.35,East,Low,22.85
Maize,Flowering,Loamy,7.11,42.23,0.46,0.85,76.0,48.5,20.0,17.04,39.27,866.01,10.1,12.52,Kharif,Drip,Groundwater,5.85,Yes,82.66,North,Low,44.77
Rice,Flowering,Silt,7.14,53.41,1.13,3.34,80.0,47.0,40.0,25.54,60.57,950.32,10.69,10.27,Rabi,Canal,River,10.6,Yes,92.05,North,Low,48.81
Rice,Harvest,Silt,5.97,44.58,0.34,0.57,80.0,47.0,40.0,36.59,68.54,29.58,4.54,4.6,Rabi,Canal,Reservoir,14.6,Yes,61.15,West,Low,34.55
Rice,Flowering,Clay,7.35,14.39,1.56,1.88,80.0,47.0,40.0,36.36,30.98,2030.42,9.89,7.47,Zaid,Rainfed,River,5.84,No,106.04,East,Medium,119.74
Cotton,Flowering,Silt,6.99,29.72,1.36,2.73,117.0,46.0,19.0,32.24,78.9,1105.16,10.04,17.41,Kharif,Drip,River,6.36,No,6.72,Central,Medium,6.76
Cotton,Harvest,Silt,4.97,31.79,1.24,2.6,117.0,46.0,19.0,41.11,69.41,2359.64,6.82,15.69,Rabi,Canal,Groundwater,8.25,No,4.68,North,Low,2.03
Rice,Sowing,Sandy,6.68,49.94,0.54,2.31,80.0,47.0,40.0,39.23,37.87,2154.55,10.12,6.61,Zaid,Canal,Reservoir,10.08,Yes,88.98,West,Low,46.27
Maize,Vegetative,Loamy,4.91,16.01,1.14,2.98,76.0,48.5,20.0,40.48,50.74,2246.6,8.69,10.06,Zaid,Rainfed,Groundwater,14.71,No,74.92,East,High,94.64
Rice,Harvest,Clay,6.05,49.87,1.13,1.16,80.0,47.0,40.0,18.37,34.97,871.34,8.0,6.36,Kharif,Canal,River,5.01,No,37.0,North,Low,11.02
Rice,Vegetative,Loamy,5.61,57.3,0.49,1.88,80.0,47.0,40.0,24.92,66.62,1903.52,7.42,15.32,Kharif,Sprinkler,River,9.59,Yes,55.46,Central,Low,23.37
Cotton,Harvest,Loamy,5.56,27.54,1.41,1.74,117.0,46.0,19.0,40.55,71.29,1390.15,10.54,5.8,Rabi,Sprinkler,Groundwater,8.72,Yes,15.7,West,Low,7.04
Maize,Flowering,Clay,7.94,26.62,0.34,0.81,76.0,48.5,20.0,32.02,27.11,2344.56,6.61,15.04,Rabi,Drip,River,13.42,No,22.77,East,Medium,23.45
Rice,Harvest,Loamy,8.15,42.71,0.45,1.74,80.0,47.0,40.0,40.64,89.5,855.15,4.11,12.71,Rabi,Rainfed,River,14.89,Yes,16.95,West,Low,6.66
Maize,Vegetative,Loamy,6.68,59.32,0.99,1.54,76.0,48.5,20.0,34.19,66.79,1140.91,7.69,10.73,Kharif,Canal,River,12.43,Yes,49.09,South,Medium,31.59
Rice,Vegetative,Sandy,7.96,25.5,1.11,1.55,80.0,47.0,40.0,39.21,86.72,1980.94,4.92,18.2,Zaid,Sprinkler,Rainwater,13.27,No,67.11,Central,Medium,62.03
Maize,Sowing,Silt,4.82,18.64,0.82,0.81,76.0,48.5,20.0,39.82,30.92,2109.78,9.01,6.49,Kharif,Drip,Rainwater,10.97,No,52.57,East,Medium,51.0
Cotton,Vegetative,Clay,7.34,55.8,0.68,3.32,117.0,46.0,19.0,34.52,40.98,1044.92,9.46,9.2,Rabi,Canal,Groundwater,3.68,No,9.63,Central,Medium,6.46
Rice,Vegetative,Silt,5.1,45.51,1.31,2.83,80.0,47.0,40.0,38.16,37.04,694.43,6.63,19.51,Zaid,Canal,Rainwater,7.41,No,101.01,East,Medium,77.63
Rice,Harvest,Loamy,6.96,32.66,1.18,3.21,80.0,47.0,40.0,16.08,59.57,430.0,7.47,11.39,Kharif,Canal,River,1.11,Yes,7.48,Central,Low,2.79
Maize,Vegetative,Clay,7.91,46.73,0.72,0.38,76.0,48.5,20.0,38.34,54.82,1757.4,5.58,1.94,Rabi,Canal,Reservoir,12.44,No,79.38,West,Medium,60.39
Cotton,Harvest,Loamy,5.51,33.72,1.01,1.17,117.0,46.0,19.0,30.02,61.29,960.32,7.17,11.52,Rabi,Drip,Reservoir,1.51,Yes,31.47,Central,Low,12.24
Rice,Harvest,Loamy,6.85,31.42,1.48,2.0,80.0,47.0,40.0,27.28,33.29,1210.23,9.14,6.42,Zaid,Rainfed,Groundwater,8.64,No,89.14,East,Low,34.43
Rice,Flowering,Loamy,5.36,9.32,1.04,3.09,80.0,47.0,40.0,22.72,30.79,380.98,10.9,18.53,Kharif,Drip,Groundwater,7.77,No,105.12,East,Medium,119.55
Maize,Vegetative,Loamy,6.84,10.62,0.57,3.2,76.0,48.5,20.0,20.82,75.12,487.97,5.56,10.6,Zaid,Drip,Rainwater,3.21,No,116.28,West,Medium,97.73
Cotton,Sowing,Sandy,5.38,64.25,0.49,1.65,117.0,46.0,19.0,30.0,63.93,867.25,5.43,2.44,Rabi,Rainfed,River,4.52,No,21.38,Central,Low,8.76
Maize,Vegetative,Silt,5.34,50.1,0.44,1.48,76.0,48.5,20.0,40.01,81.53,1142.98,6.03,12.94,Rabi,Sprinkler,River,5.68,Yes,57.06,South,Medium,42.61
Rice,Harvest,Sandy,7.14,24.75,0.48,0.21,80.0,47.0,40.0,27.54,43.69,1345.67,5.81,2.42,Zaid,Rainfed,Groundwater,11.35,Yes,102.03,Central,Low,41.74
Maize,Harvest,Clay,5.24,40.76,1.36,1.5,76.0,48.5,20.0,38.62,51.7,1874.53,8.13,19.07,Zaid,Drip,Reservoir,11.14,Yes,69.09,West,Low,27.31
Maize,Vegetative,Loamy,6.25,31.69,1.51,1.97,76.0,48.5,20.0,27.62,25.94,670.75,8.88,1.81,Kharif,Drip,River,12.42,No,89.76,North,Low,49.58
Maize,Harvest,Silt,7.8,42.88,0.34,1.27,76.0,48.5,20.0,39.99,67.97,195.28,4.61,17.77,Zaid,Rainfed,Reservoir,13.29,No,32.56,West,Medium,24.42
Maize,Vegetative,Sandy,5.1,54.36,0.83,0.72,76.0,48.5,20.0,29.31,94.76,1691.42,6.92,19.46,Zaid,Drip,Groundwater,8.81,No,94.63,Central,Medium,61.36
Maize,Flowering,Clay,6.13,27.92,0.75,2.98,76.0,48.5,20.0,20.54,29.54,1635.53,10.88,2.23,Zaid,Drip,Reservoir,13.75,No,39.37,Central,Low,25.07
Cotton,Sowing,Sandy,7.23,41.93,0.59,0.65,117.0,46.0,19.0,24.97,39.73,2190.81,8.38,13.21,Kharif,Rainfed,Reservoir,3.75,No,52.12,North,Low,25.62
Rice,Sowing,Sandy,7.04,17.73,1.3,2.36,80.0,47.0,40.0,27.75,86.97,1249.98,10.21,9.09,Rabi,Drip,Reservoir,3.57,No,49.09,West,Low,29.84
Maize,Sowing,Loamy,5.76,9.16,0.77,3.39,76.0,48.5,20.0,36.63,82.39,455.05,9.75,6.24,Kharif,Canal,Rainwater,9.64,Yes,56.88,North,Low,40.25
Maize,Flowering,Clay,6.09,51.79,0.72,0.32,76.0,48.5,20.0,23.83,48.32,7.17,5.89,1.06,Zaid,Sprinkler,Groundwater,8.88,No,0.43,North,Medium,0.5
Maize,Flowering,Sandy,5.15,30.86,0.3,2.92,76.0,48.5,20.0,32.3,81.84,430.63,7.02,15.1,Zaid,Rainfed,Groundwater,6.48,Yes,101.68,West,Medium,111.2
Maize,Vegetative,Clay,6.51,48.38,1.11,0.12,76.0,48.5,20.0,37.31,57.8,1069.3,7.16,8.97,Rabi,Sprinkler,River,5.95,Yes,84.13,North,Low,43.69
Maize,Harvest,Sandy,7.21,55.24,0.97,1.0,76.0,48.5,20.0,19.63,61.61,1170.76,6.06,6.8,Kharif,Rainfed,Groundwater,7.91,No,8.39,Central,Low,2.4
Cotton,Sowing,Silt,5.65,24.28,0.87,1.49,117.0,46.0,19.0,22.51,37.44,1611.18,4.78,18.04,Zaid,Rainfed,Rainwater,0.9,Yes,108.34,East,Low,60.43
Rice,Flowering,Silt,5.94,63.4,0.96,1.33,80.0,47.0,40.0,38.57,75.19,536.79,8.71,3.26,Zaid,Sprinkler,River,14.54,Yes,79.39,Central,Low,42.63
Cotton,Flowering,Silt,4.89,48.89,0.8,3.22,117.0,46.0,19.0,35.71,84.4,1995.82,10.99,0.79,Kharif,Canal,Rainwater,1.55,Yes,2.82,North,Low,1.72
Cotton,Vegetative,Clay,7.53,8.75,1.37,1.52,117.0,46.0,19.0,41.51,88.9,73.41,6.31,17.22,Kharif,Sprinkler,Groundwater,0.5,Yes,86.96,Central,High,160.74
Rice,Vegetative,Clay,7.85,28.2,1.05,2.69,80.0,47.0,40.0,25.17,87.31,2121.01,5.85,15.98,Rabi,Sprinkler,River,14.38,No,113.6,South,Medium,90.09
Rice,Vegetative,Clay,6.56,50.34,0.42,2.8,80.0,47.0,40.0,37.27,79.47,1574.51,7.05,2.5,Kharif,Drip,River,7.46,No,99.37,East,Medium,72.27
Rice,Harvest,Clay,7.79,32.46,1.35,1.74,80.0,47.0,40.0,41.63,76.2,1383.87,5.28,8.06,Rabi,Rainfed,Reservoir,12.18,Yes,99.68,Central,Low,42.91
Rice,Vegetative,Loamy,8.01,21.45,1.08,1.0,80.0,47.0,40.0,17.87,35.78,2012.97,4.91,12.25,Kharif,Sprinkler,Reservoir,12.98,Yes,115.78,East,Medium,89.85
Cotton,Vegetative,Loamy,4.88,21.82,1.28,1.4,117.0,46.0,19.0,22.08,26.5,1396.69,6.24,16.62,Zaid,Rainfed,Rainwater,2.01,Yes,56.69,South,Medium,45.85
Rice,Flowering,Silt,6.78,23.82,0.95,2.07,80.0,47.0,40.0,13.42,61.64,182.26,8.36,4.61,Rabi,Canal,Groundwater,4.77,Yes,92.23,South,Medium,110.41
Cotton,Vegetative,Loamy,6.67,59.2,1.07,2.59,117.0,46.0,19.0,27.3,53.85,1028.13,8.96,3.86,Zaid,Rainfed,Rainwater,3.3,No,71.5,West,Low,30.22
Maize,Flowering,Sandy,5.55,34.63,1.47,2.16,76.0,48.5,20.0,26.22,68.61,847.21,6.28,14.06,Kharif,Drip,Rainwater,6.14,Yes,94.01,North,Low,59.94
Cotton,Flowering,Sandy,6.26,30.35,0.56,2.41,117.0,46.0,19.0,14.57,78.65,2481.94,9.07,13.3,Zaid,Rainfed,River,10.26,Yes,62.53,West,Low,36.77
Maize,Sowing,Sandy,7.02,49.26,0.43,3.04,76.0,48.5,20.0,35.85,78.8,1164.22,8.41,18.29,Kharif,Rainfed,River,0.77,No,6.45,Central,Low,3.28
Rice,Sowing,Silt,7.27,59.85,1.2,3.07,80.0,47.0,40.0,20.51,75.56,1088.07,6.07,7.02,Kharif,Rainfed,Reservoir,14.34,No,101.45,West,Low,39.74
Maize,Harvest,Sandy,5.7,52.03,1.21,1.32,76.0,48.5,20.0,23.65,72.67,2281.44,7.55,18.39,Kharif,Rainfed,Rainwater,0.65,No,46.82,North,Low,14.41
Maize,Harvest,Loamy,5.22,61.78,1.29,1.08,76.0,48.5,20.0,17.62,47.75,660.78,7.11,8.54,Rabi,Canal,Groundwater,14.17,Yes,21.36,South,Low,5.56
Rice,Flowering,Clay,7.71,48.3,0.52,1.51,80.0,47.0,40.0,29.56,56.06,961.1,9.8,18.12,Rabi,Sprinkler,River,14.51,Yes,42.56,East,Low,24.71
Maize,Flowering,Sandy,5.56,58.12,0.91,2.74,76.0,48.5,20.0,24.48,92.7,208.27,4.53,15.94,Zaid,Sprinkler,River,7.37,Yes,60.78,West,Medium,57.41
Maize,Sowing,Sandy,4.99,17.26,1.3,2.57,76.0,48.5,20.0,22.16,86.27,13.44,9.03,19.78,Rabi,Sprinkler,Reservoir,1.0,Yes,9.69,East,Medium,12.13
Rice,Harvest,Silt,6.55,15.02,1.25,0.8,80.0,47.0,40.0,15.95,55.83,463.1,7.44,8.02,Kharif,Rainfed,Reservoir,6.61,Yes,50.05,North,Low,20.04
Cotton,Harvest,Silt,6.01,54.59,1.34,0.14,117.0,46.0,19.0,33.64,46.03,1021.67,8.44,13.99,Rabi,Drip,Rainwater,7.89,Yes,72.54,South,Low,23.95
Rice,Harvest,Silt,7.27,32.55,1.41,2.21,80.0,47.0,40.0,34.64,44.25,1488.05,9.68,15.02,Rabi,Drip,Groundwater,6.37,Yes,47.78,North,Low,19.6
Maize,Harvest,Loamy,6.34,14.54,1.12,0.44,76.0,48.5,20.0,32.91,88.75,2054.66,9.39,6.3,Kharif,Canal,Groundwater,13.47,No,1.47,South,Medium,0.94
Maize,Harvest,Loamy,7.71,48.71,1.35,0.72,76.0,48.5,20.0,37.98,54.31,1784.74,5.49,1.11,Kharif,Drip,River,3.81,Yes,65.32,North,Low,23.81
Cotton,Harvest,Sandy,5.94,18.07,0.69,2.34,117.0,46.0,19.0,17.66,32.67,5.26,8.46,13.33,Rabi,Drip,River,11.71,Yes,35.36,Central,Medium,29.71
Maize,Sowing,Clay,6.71,28.42,0.4,0.19,76.0,48.5,20.0,31.44,38.15,2210.9,5.71,15.89,Zaid,Drip,Groundwater,8.44,No,20.13,Central,Low,11.85
Cotton,Vegetative,Silt,5.48,21.34,0.42,2.77,117.0,46.0,19.0,41.46,85.78,6.21,9.26,8.78,Zaid,Drip,River,3.47,Yes,103.45,South,High,198.16
Cotton,Sowing,Sandy,7.78,34.88,1.48,1.21,117.0,46.0,19.0,19.93,54.78,456.37,9.25,4.35,Rabi,Sprinkler,River,6.72,No,94.31,Central,Low,50.2
Rice,Sowing,Clay,7.75,48.77,0.47,1.91,80.0,47.0,40.0,26.39,54.48,227.19,5.01,15.6,Rabi,Sprinkler,Reservoir,1.22,Yes,66.98,East,Low,40.83
Rice,Sowing,Sandy,6.73,57.07,1.34,0.21,80.0,47.0,40.0,41.99,48.43,2159.66,6.89,12.71,Zaid,Sprinkler,River,13.14,No,29.09,North,Low,14.15
Cotton,Sowing,Clay,6.38,27.46,1.22,2.26,117.0,46.0,19.0,30.71,50.1,1417.28,8.05,12.97,Zaid,Canal,Rainwater,4.65,Yes,68.34,West,Low,40.28
Cotton,Vegetative,Loamy,7.59,64.45,0.49,0.31,117.0,46.0,19.0,37.77,94.46,533.6,6.53,4.63,Rabi,Canal,River,6.6,No,54.52,West,Medium,34.19
Cotton,Flowering,Clay,7.17,64.55,0.92,1.06,117.0,46.0,19.0,16.74,69.23,2079.83,5.82,19.62,Rabi,Drip,Rainwater,12.96,No,72.94,East,Medium,44.6
Cotton,Flowering,Clay,7.49,42.97,1.18,2.06,117.0,46.0,19.0,17.87,63.72,1371.41,9.57,19.11,Rabi,Drip,Reservoir,13.95,No,57.57,East,Medium,44.63
Cotton,Vegetative,Sandy,6.23,64.8,1.46,2.92,117.0,46.0,19.0,13.18,34.64,1915.56,9.69,6.25,Rabi,Canal,Reservoir,0.4,No,71.11,West,Low,24.81
Rice,Harvest,Loamy,6.2,39.44,1.33,0.55,80.0,47.0,40.0,24.21,73.68,1426.64,10.37,7.42,Rabi,Canal,Groundwater,4.58,Yes,54.93,South,Low,19.19
Maize,Flowering,Clay,5.47,39.22,0.46,1.23,76.0,48.5,20.0,15.58,50.6,2433.76,7.79,3.79,Rabi,Canal,Rainwater,3.09,Yes,113.54,West,Low,62.21
Rice,Vegetative,Clay,4.99,61.73,0.52,1.35,80.0,47.0,40.0,23.71,26.54,2145.73,9.01,9.61,Kharif,Rainfed,Groundwater,4.25,Yes,27.65,West,Low,10.96
Cotton,Vegetative,Clay,6.93,16.67,1.1,1.98,117.0,46.0,19.0,41.09,65.75,856.1,8.53,11.45,Zaid,Rainfed,River,2.95,No,86.57,South,High,109.36
Rice,Sowing,Loamy,5.88,53.16,0.87,0.24,80.0,47.0,40.0,12.13,86.82,1752.32,10.69,3.88,Kharif,Rainfed,Reservoir,10.67,Yes,3.34,South,Low,1.32
Maize,Harvest,Loamy,5.98,25.01,0.85,3.18,76.0,48.5,20.0,31.92,51.44,620.13,7.17,16.79,Kharif,Canal,Rainwater,2.25,Yes,10.76,West,Low,4.58
Maize,Sowing,Loamy,4.91,62.58,0.97,1.46,76.0,48.5,20.0,16.22,26.86,375.14,6.29,7.78,Kharif,Drip,Rainwater,9.83,No,45.71,South,Low,19.13
Cotton,Flowering,Silt,6.62,49.7,1.42,1.37,117.0,46.0,19.0,29.07,87.47,2274.13,4.35,15.36,Rabi,Sprinkler,River,13.69,No,118.89,North,Medium,96.8
Rice,Sowing,Loamy,6.65,40.98,0.87,0.4,80.0,47.0,40.0,24.84,70.51,1787.67,10.15,2.83,Kharif,Sprinkler,Reservoir,10.47,Yes,27.67,South,Low,13.7
Maize,Flowering,Silt,6.12,22.94,0.97,1.56,76.0,48.5,20.0,35.61,82.89,301.2,5.46,1.88,Rabi,Drip,River,0.57,No,110.35,East,Medium,148.73
Maize,Sowing,Loamy,4.98,24.6,0.59,1.51,76.0,48.5,20.0,23.18,42.77,564.43,5.55,8.17,Kharif,Drip,Reservoir,3.02,No,62.92,Central,Low,35.25
Rice,Harvest,Clay,7.82,45.33,1.32,0.91,80.0,47.0,40.0,36.51,29.11,771.13,5.17,9.34,Zaid,Rainfed,Groundwater,4.05,No,82.02,North,Low,30.49
Maize,Flowering,Silt,5.16,18.79,0.66,0.41,76.0,48.5,20.0,29.27,68.93,2321.85,5.63,11.57,Kharif,Rainfed,Groundwater,3.56,No,32.53,East,Medium,34.39
Cotton,Harvest,Sandy,7.6,38.41,0.69,0.48,117.0,46.0,19.0,41.1,93.73,2099.29,6.03,12.49,Rabi,Sprinkler,River,0.52,No,3.49,East,Low,1.43
Cotton,Harvest,Clay,6.16,51.83,0.95,2.78,117.0,46.0,19.0,36.98,41.87,36.89,9.63,16.65,Zaid,Rainfed,Groundwater,9.13,No,1.45,South,Medium,1.09
Rice,Sowing,Clay,6.51,47.57,1.28,0.48,80.0,47.0,40.0,27.25,88.36,1612.99,6.82,16.49,Zaid,Sprinkler,Rainwater,2.88,No,50.89,West,Low,24.25
Cotton,Flowering,Loamy,7.53,61.65,0.38,3.33,117.0,46.0,19.0,35.91,70.29,262.46,5.21,12.74,Rabi,Sprinkler,Groundwater,6.3,Yes,116.57,East,Medium,113.09
Cotton,Flowering,Clay,6.47,16.46,0.67,0.3,117.0,46.0,19.0,22.02,72.18,1269.56,5.52,15.17,Zaid,Drip,Groundwater,12.02,Yes,34.17,Central,Medium,33.62
Rice,Harvest,Loamy,7.2,13.98,0.77,2.18,80.0,47.0,40.0,31.88,44.18,2393.48,5.2,0.54,Kharif,Drip,Reservoir,1.06,No,83.38,Central,Medium,52.71
Maize,Vegetative,Loamy,6.76,11.25,0.89,3.26,76.0,48.5,20.0,38.84,71.49,481.27,4.1,8.42,Kharif,Drip,Groundwater,2.09,No,14.41,Central,Medium,14.48
Cotton,Harvest,Sandy,5.72,59.48,0.49,1.6,117.0,46.0,19.0,23.65,72.44,3.0,8.95,16.76,Rabi,Drip,Reservoir,2.68,No,19.67,Central,Medium,12.27
Cotton,Sowing,Silt,4.95,35.05,0.5,0.55,117.0,46.0,19.0,33.64,27.46,1564.17,10.99,16.66,Rabi,Sprinkler,Groundwater,3.91,No,38.52,East,Low,21.89
Cotton,Harvest,Clay,8.17,61.08,0.55,1.47,117.0,46.0,19.0,22.59,63.88,853.71,4.34,9.94,Zaid,Canal,Groundwater,11.67,No,92.79,South,Low,25.65
Maize,Flowering,Silt,5.24,30.51,0.44,3.24,76.0,48.5,20.0,14.12,67.98,995.29,4.96,15.94,Rabi,Drip,Reservoir,1.25,Yes,52.61,North,Low,30.89
Maize,Harvest,Sandy,7.51,32.41,0.7,0.27,76.0,48.5,20.0,30.37,55.11,553.59,9.51,16.06,Rabi,Drip,Groundwater,9.86,No,102.34,West,Low,40.39
Maize,Flowering,Clay,6.47,34.39,1.58,0.81,76.0,48.5,20.0,22.15,47.99,2069.96,10.68,0.58,Zaid,Drip,Reservoir,8.56,No,31.04,West,Low,19.03
Maize,Flowering,Silt,7.79,17.61,1.33,1.49,76.0,48.5,20.0,26.38,29.7,1748.12,9.59,17.27,Rabi,Drip,Groundwater,4.68,Yes,107.36,North,Medium,110.37
Maize,Sowing,Sandy,6.2,9.06,0.79,0.25,76.0,48.5,20.0,33.52,72.03,236.63,10.81,4.1,Zaid,Drip,Reservoir,3.28,No,99.05,South,Medium,117.69
Maize,Sowing,Loamy,6.63,42.76,1.05,2.09,76.0,48.5,20.0,20.29,67.37,141.7,9.89,17.44,Rabi,Canal,Groundwater,10.74,No,86.08,South,Medium,79.65
Cotton,Flowering,Clay,7.11,29.1,1.04,1.45,117.0,46.0,19.0,32.92,57.28,2160.29,7.2,8.35,Kharif,Sprinkler,Rainwater,5.86,Yes,45.6,West,Low,32.49
Maize,Sowing,Clay,5.21,54.1,1.17,2.61,76.0,48.5,20.0,40.78,85.31,333.16,4.02,6.59,Rabi,Sprinkler,Reservoir,11.23,Yes,79.73,East,Low,47.88
Rice,Harvest,Silt,5.19,23.35,1.27,0.19,80.0,47.0,40.0,31.76,54.02,1514.38,8.34,4.21,Zaid,Drip,Reservoir,13.85,Yes,37.38,East,Low,16.1
Cotton,Sowing,Sandy,7.0,11.13,0.56,0.49,117.0,46.0,19.0,17.45,35.99,2344.6,9.54,2.37,Kharif,Canal,Groundwater,6.99,Yes,37.77,North,Low,20.65
Cotton,Flowering,Silt,7.22,61.63,1.2,1.58,117.0,46.0,19.0,18.98,53.68,252.21,6.28,10.48,Rabi,Rainfed,Reservoir,8.24,No,35.72,West,Medium,29.61
Cotton,Flowering,Sandy,5.07,45.55,0.83,0.58,117.0,46.0,19.0,21.41,91.48,886.48,7.08,19.13,Zaid,Drip,Reservoir,4.99,Yes,104.53,East,Low,57.47
Cotton,Flowering,Loamy,8.0,28.96,1.57,3.28,117.0,46.0,19.0,14.92,37.44,1351.88,6.54,17.45,Rabi,Sprinkler,Rainwater,2.0,Yes,88.6,Central,Low,52.7
Cotton,Vegetative,Loamy,5.69,52.57,0.58,3.12,117.0,46.0,19.0,38.87,54.34,1021.53,9.27,10.09,Zaid,Rainfed,Rainwater,4.95,Yes,67.68,West,Medium,48.81
Rice,Sowing,Loamy,7.43,30.54,1.51,2.79,80.0,47.0,40.0,13.86,68.67,175.2,7.08,1.04,Kharif,Drip,River,6.28,No,103.12,Central,Low,68.54
Maize,Flowering,Silt,5.37,56.66,0.67,3.1,76.0,48.5,20.0,36.12,92.37,1749.2,8.4,18.48,Rabi,Sprinkler,Reservoir,0.53,Yes,90.06,South,Medium,72.86
Maize,Flowering,Clay,7.42,37.48,0.54,3.22,76.0,48.5,20.0,15.19,37.25,2244.89,4.8,13.6,Zaid,Rainfed,River,5.66,No,71.44,South,Medium,56.55
Cotton,Harvest,Sandy,5.69,55.92,0.7,2.81,117.0,46.0,19.0,22.62,48.07,1069.38,10.77,1.07,Rabi,Sprinkler,Rainwater,8.49,Yes,93.53,South,Low,27.36
Cotton,Vegetative,Sandy,5.21,52.86,1.35,1.61,117.0,46.0,19.0,16.96,74.83,954.84,8.96,5.02,Kharif,Rainfed,Rainwater,12.33,Yes,10.76,West,Low,4.37
Cotton,Harvest,Silt,6.53,45.42,1.48,2.02,117.0,46.0,19.0,15.36,36.56,1465.7,9.44,15.99,Zaid,Canal,Rainwater,1.87,Yes,97.04,South,Low,29.21
Cotton,Harvest,Sandy,6.02,62.97,1.28,0.64,117.0,46.0,19.0,22.9,52.86,586.73,6.62,7.54,Rabi,Drip,Groundwater,5.04,No,103.75,West,Low,28.15
Rice,Harvest,Sandy,6.04,44.73,0.53,0.1,80.0,47.0,40.0,26.61,64.87,1820.91,9.25,16.1,Rabi,Sprinkler,Rainwater,6.82,No,63.29,North,Low,21.56
Maize,Vegetative,Clay,6.98,29.19,1.08,2.07,76.0,48.5,20.0,13.1,29.19,2363.3,5.17,9.43,Rabi,Drip,River,2.2,No,97.08,North,Low,48.03
Rice,Vegetative,Sandy,6.92,31.2,1.25,0.94,80.0,47.0,40.0,36.28,27.28,85.68,9.83,15.85,Rabi,Drip,Rainwater,0.34,Yes,88.22,East,Medium,109.97
Rice,Sowing,Loamy,7.97,32.4,0.95,1.35,80.0,47.0,40.0,25.9,54.84,33.55,5.11,3.76,Rabi,Drip,Reservoir,8.6,No,89.51,South,Low,72.68
Maize,Sowing,Loamy,8.03,51.37,0.74,0.87,76.0,48.5,20.0,33.81,82.07,2162.73,6.34,0.85,Kharif,Rainfed,Reservoir,5.34,Yes,8.9,South,Low,4.35
Cotton,Harvest,Clay,5.02,38.29,0.98,0.24,117.0,46.0,19.0,41.26,37.73,2037.3,9.85,4.36,Kharif,Sprinkler,Groundwater,0.97,No,13.54,West,Low,5.54
Cotton,Vegetative,Loamy,6.85,11.86,0.97,0.69,117.0,46.0,19.0,39.82,37.34,2028.12,5.76,5.19,Kharif,Rainfed,River,4.23,Yes,66.81,North,Medium,64.82
Rice,Sowing,Loamy,4.99,28.99,0.57,0.26,80.0,47.0,40.0,30.32,61.52,879.59,7.33,16.54,Zaid,Canal,Rainwater,4.79,Yes,88.82,South,Low,51.51
Rice,Sowing,Loamy,7.84,58.44,1.31,1.69,80.0,47.0,40.0,19.92,73.1,115.82,8.04,14.35,Zaid,Canal,Rainwater,6.03,No,36.1,North,Medium,28.95
Rice,Harvest,Clay,7.63,61.48,0.65,0.41,80.0,47.0,40.0,29.67,45.91,334.61,7.58,5.11,Zaid,Canal,Rainwater,13.66,No,94.18,East,Low,33.22
Cotton,Vegetative,Clay,7.79,22.01,1.12,2.24,117.0,46.0,19.0,27.58,83.39,236.34,8.81,18.07,Zaid,Sprinkler,River,2.09,Yes,50.52,West,High,72.64
Cotton,Harvest,Silt,5.24,32.73,0.32,3.12,117.0,46.0,19.0,13.34,82.9,2424.23,7.08,15.54,Kharif,Rainfed,Groundwater,5.41,Yes,33.81,South,Low,11.37
Rice,Harvest,Clay,4.91,53.42,0.54,2.19,80.0,47.0,40.0,29.82,81.87,2484.05,4.9,14.85,Kharif,Sprinkler,River,8.84,No,104.49,West,Low,33.69
Cotton,Flowering,Sandy,4.91,30.87,0.83,3.3,117.0,46.0,19.0,12.84,50.77,2357.64,6.38,6.92,Rabi,Drip,River,10.3,Yes,91.0,South,Low,53.27
Maize,Sowing,Clay,6.23,32.5,1.15,1.83,76.0,48.5,20.0,12.04,78.56,652.86,4.98,9.43,Zaid,Rainfed,River,10.64,Yes,49.98,East,Low,24.05
Maize,Harvest,Silt,8.14,10.71,0.99,0.78,76.0,48.5,20.0,22.8,31.26,2153.88,7.3,8.64,Zaid,Rainfed,Rainwater,4.72,No,32.76,Central,Low,13.27
Cotton,Harvest,Clay,7.88,49.83,1.5,2.76,117.0,46.0,19.0,32.99,34.28,2175.16,9.43,8.19,Zaid,Rainfed,River,6.42,No,103.95,West,Low,35.81
Rice,Sowing,Sandy,6.56,38.73,0.58,2.59,80.0,47.0,40.0,40.77,70.25,2354.56,6.28,1.91,Zaid,Rainfed,Groundwater,3.41,No,27.09,West,Low,15.77
Rice,Harvest,Clay,5.32,19.32,1.38,3.02,80.0,47.0,40.0,18.2,87.28,2047.62,5.81,19.4,Kharif,Sprinkler,Reservoir,14.45,Yes,91.77,North,Low,35.41
Maize,Flowering,Sandy,7.38,18.43,0.81,2.26,76.0,48.5,20.0,41.74,63.81,211.94,6.99,1.26,Zaid,Sprinkler,River,4.04,No,110.69,West,High,221.68
Cotton,Vegetative,Sandy,7.29,33.01,0.71,1.66,117.0,46.0,19.0,39.95,31.16,894.01,10.04,10.82,Zaid,Drip,Groundwater,0.41,No,116.84,North,Medium,102.13
Cotton,Harvest,Silt,5.52,16.48,0.79,2.21,117.0,46.0,19.0,19.27,39.71,2376.61,9.7,7.39,Zaid,Rainfed,Groundwater,6.23,Yes,98.05,West,Low,38.27
Cotton,Harvest,Silt,6.29,50.1,0.53,0.46,117.0,46.0,19.0,22.23,51.11,1403.07,5.53,5.16,Kharif,Canal,River,6.77,No,36.95,Central,Low,11.43
Rice,Flowering,Loamy,7.46,35.32,1.01,3.24,80.0,47.0,40.0,34.35,31.62,1789.47,4.0,12.42,Rabi,Sprinkler,Reservoir,0.96,No,43.83,West,Medium,42.87
Cotton,Sowing,Clay,6.34,56.53,1.37,0.46,117.0,46.0,19.0,34.09,27.48,727.81,5.33,12.12,Zaid,Drip,Reservoir,2.42,Yes,28.59,West,Low,13.26
Cotton,Flowering,Clay,7.49,48.39,0.89,1.61,117.0,46.0,19.0,20.64,54.8,1170.44,7.05,15.4,Kharif,Sprinkler,Groundwater,0.62,Yes,31.14,East,Low,16.52
Rice,Sowing,Silt,7.65,9.88,1.36,0.99,80.0,47.0,40.0,29.78,85.32,1674.83,4.64,6.4,Zaid,Drip,River,3.26,Yes,87.65,Central,Low,54.32
Rice,Flowering,Loamy,5.58,57.64,1.05,0.5,80.0,47.0,40.0,32.15,32.35,810.14,4.83,14.67,Kharif,Drip,Rainwater,12.26,Yes,57.14,North,Medium,44.11
Maize,Flowering,Loamy,5.87,39.08,0.8,2.82,76.0,48.5,20.0,20.48,53.35,1217.77,10.58,3.21,Rabi,Sprinkler,Rainwater,1.54,Yes,78.16,North,Low,45.2
Cotton,Vegetative,Sandy,5.73,43.45,0.58,0.45,117.0,46.0,19.0,29.28,75.27,1623.54,6.43,13.43,Zaid,Sprinkler,Groundwater,14.54,No,76.95,South,Medium,55.57
Cotton,Harvest,Clay,5.51,51.35,1.35,2.37,117.0,46.0,19.0,14.27,41.66,1544.27,9.12,10.08,Rabi,Drip,Reservoir,13.74,No,28.75,West,Low,8.13
Maize,Sowing,Sandy,6.73,57.95,0.75,1.49,76.0,48.5,20.0,34.21,44.15,74.19,6.4,19.75,Rabi,Sprinkler,Reservoir,7.18,No,32.24,South,Medium,30.81
Rice,Vegetative,Sandy,6.04,23.52,0.92,2.7,80.0,47.0,40.0,19.64,89.05,2168.79,8.69,12.77,Zaid,Sprinkler,River,1.85,No,51.93,Central,Medium,40.4
Maize,Sowing,Sandy,5.68,61.05,1.53,1.12,76.0,48.5,20.0,31.21,30.92,1643.57,9.54,11.89,Zaid,Sprinkler,Rainwater,3.89,No,80.14,West,Low,34.45
Rice,Harvest,Sandy,4.94,18.2,0.54,3.1,80.0,47.0,40.0,18.42,50.64,315.7,10.63,8.97,Rabi,Canal,Reservoir,5.34,Yes,25.39,West,Low,11.93
Maize,Sowing,Silt,6.32,64.47,1.17,1.37,76.0,48.5,20.0,39.2,49.03,1347.67,10.27,13.41,Kharif,Drip,Reservoir,10.39,Yes,78.8,West,Low,35.02
Rice,Flowering,Clay,5.55,50.51,1.5,0.3,80.0,47.0,40.0,21.51,61.12,2484.3,7.39,1.18,Rabi,Sprinkler,Rainwater,9.68,No,20.8,South,Low,10.9
Cotton,Harvest,Silt,7.43,57.94,0.67,2.76,117.0,46.0,19.0,12.94,54.79,1604.59,5.54,13.97,Rabi,Rainfed,Reservoir,5.13,Yes,26.87,North,Low,7.09
Rice,Harvest,Clay,6.41,37.97,0.89,1.45,80.0,47.0,40.0,22.8,53.88,2300.78,4.72,7.22,Zaid,Drip,Rainwater,3.39,Yes,59.07,Central,Low,20.61
Rice,Vegetative,Clay,6.9,58.69,1.27,0.69,80.0,47.0,40.0,19.74,76.61,2093.45,4.63,13.72,Kharif,Rainfed,Reservoir,9.14,Yes,51.47,East,Low,20.26
Maize,Vegetative,Clay,7.84,11.54,0.74,2.27,76.0,48.5,20.0,17.39,91.28,6.76,10.39,12.75,Rabi,Sprinkler,River,6.01,No,71.96,South,High,111.85
Cotton,Vegetative,Loamy,7.66,23.38,1.47,1.68,117.0,46.0,19.0,40.65,74.51,1956.82,10.33,2.9,Rabi,Drip,Groundwater,8.99,Yes,89.95,North,Medium,85.14
Maize,Flowering,Loamy,7.52,48.77,0.77,1.41,76.0,48.5,20.0,23.54,54.54,453.64,10.89,18.62,Zaid,Sprinkler,Groundwater,13.99,Yes,81.96,South,Low,47.91
Maize,Vegetative,Clay,5.58,47.39,1.48,1.83,76.0,48.5,20.0,33.57,25.02,22.9,5.08,15.73,Kharif,Rainfed,Rainwater,7.3,No,6.55,South,High,9.34
Rice,Sowing,Sandy,5.57,51.98,0.72,0.96,80.0,47.0,40.0,31.44,76.71,1078.37,6.43,10.34,Rabi,Sprinkler,River,7.99,No,95.77,South,Low,45.46
Rice,Sowing,Clay,6.58,56.05,0.76,0.83,80.0,47.0,40.0,39.16,43.99,1848.63,9.09,15.14,Kharif,Canal,River,9.26,Yes,25.54,East,Low,12.46
Rice,Vegetative,Clay,7.54,48.52,1.49,2.87,80.0,47.0,40.0,16.21,66.63,1326.0,4.63,4.73,Rabi,Drip,River,10.34,Yes,0.2,South,Low,0.08
Cotton,Vegetative,Clay,6.0,36.94,1.6,2.49,117.0,46.0,19.0,17.07,62.24,1618.23,4.26,12.5,Rabi,Rainfed,Reservoir,9.68,No,4.2,Central,Medium,2.84
Cotton,Flowering,Clay,5.64,47.93,0.93,0.52,117.0,46.0,19.0,26.74,66.69,1189.59,5.83,15.18,Rabi,Drip,Rainwater,3.66,Yes,106.36,West,Low,60.31
Maize,Flowering,Silt,7.5,54.15,1.21,2.06,76.0,48.5,20.0,39.21,94.11,231.86,6.15,6.54,Rabi,Canal,River,13.97,Yes,59.61,Central,Medium,66.2
Maize,Harvest,Clay,5.14,62.17,0.81,3.01,76.0,48.5,20.0,38.16,93.72,1461.63,8.3,12.91,Zaid,Sprinkler,River,10.25,Yes,109.13,Central,Low,34.55
Cotton,Vegetative,Sandy,5.72,34.52,1.12,3.13,117.0,46.0,19.0,18.68,63.41,287.03,5.08,14.43,Rabi,Rainfed,Reservoir,5.22,No,65.29,Central,Medium,57.12
Cotton,Harvest,Clay,5.98,50.01,0.93,0.25,117.0,46.0,19.0,23.5,64.21,2408.99,10.47,15.23,Kharif,Sprinkler,Groundwater,3.64,Yes,0.73,Central,Low,0.23
Maize,Harvest,Clay,8.11,45.75,1.53,2.89,76.0,48.5,20.0,39.94,68.59,142.74,9.85,5.95,Kharif,Canal,Reservoir,14.99,No,95.83,East,Medium,72.73
Maize,Sowing,Loamy,7.21,56.41,0.67,3.11,76.0,48.5,20.0,38.54,56.55,1716.06,9.23,5.06,Rabi,Canal,Rainwater,4.86,Yes,33.26,Central,Low,16.08
Cotton,Vegetative,Sandy,7.76,9.75,0.52,3.3,117.0,46.0,19.0,31.55,47.13,1616.14,4.77,11.06,Kharif,Sprinkler,River,10.87,No,48.68,West,High,56.98
Rice,Vegetative,Silt,5.27,61.26,1.25,1.75,80.0,47.0,40.0,29.48,29.01,2092.3,8.93,5.36,Zaid,Rainfed,River,0.92,No,38.92,Central,Low,16.42
Rice,Vegetative,Silt,8.06,54.92,0.62,1.52,80.0,47.0,40.0,15.98,89.78,2457.22,10.17,12.93,Rabi,Drip,Groundwater,5.32,Yes,23.93,North,Low,9.42
Rice,Sowing,Clay,7.52,15.48,1.24,2.55,80.0,47.0,40.0,34.44,82.21,1199.12,9.35,8.28,Rabi,Drip,Groundwater,12.71,No,104.06,West,Medium,96.23
Cotton,Flowering,Clay,6.43,31.57,0.42,3.27,117.0,46.0,19.0,20.09,66.7,1554.8,6.86,4.42,Kharif,Drip,Reservoir,2.06,Yes,94.54,West,Low,58.13
Maize,Flowering,Silt,6.95,12.69,0.72,1.62,76.0,48.5,20.0,38.68,37.37,811.78,9.86,1.88,Zaid,Rainfed,River,9.8,No,9.76,Central,Medium,11.25
Cotton,Sowing,Silt,8.03,57.54,1.01,1.69,117.0,46.0,19.0,22.32,49.95,86.98,8.93,14.53,Rabi,Canal,Groundwater,2.06,No,49.41,North,Medium,41.88
Cotton,Sowing,Loamy,8.08,41.36,1.37,1.98,117.0,46.0,19.0,26.28,66.39,1122.47,10.17,2.78,Kharif,Sprinkler,River,5.49,No,75.14,Central,Low,37.62
Maize,Harvest,Loamy,4.85,50.82,0.36,0.4,76.0,48.5,20.0,22.84,83.05,1043.79,6.63,2.13,Rabi,Rainfed,River,12.41,No,29.66,South,Low,9.17
Rice,Sowing,Sandy,6.44,19.55,0.43,0.42,80.0,47.0,40.0,39.38,29.09,476.74,6.37,19.78,Kharif,Canal,Groundwater,11.66,Yes,78.3,Central,Medium,79.42
Rice,Flowering,Silt,6.33,45.03,1.07,1.08,80.0,47.0,40.0,22.78,64.69,1708.73,9.06,8.95,Rabi,Sprinkler,Reservoir,8.51,No,99.27,West,Low,55.63
Cotton,Flowering,Clay,7.29,57.52,1.54,1.86,117.0,46.0,19.0,39.8,65.19,612.61,4.38,5.13,Zaid,Rainfed,Groundwater,3.51,Yes,41.16,West,Low,23.86
Rice,Flowering,Clay,7.63,11.63,1.29,1.28,80.0,47.0,40.0,32.93,39.95,2482.25,7.17,9.04,Kharif,Rainfed,River,1.2,No,97.07,East,Medium,106.23
Cotton,Sowing,Clay,6.79,29.69,0.72,2.34,117.0,46.0,19.0,16.97,51.91,1302.48,6.27,14.22,Zaid,Sprinkler,River,13.36,No,99.98,East,Low,50.34
Cotton,Sowing,Sandy,6.06,11.22,0.41,0.28,117.0,46.0,19.0,28.1,87.14,1171.07,10.98,18.9,Rabi,Rainfed,Reservoir,14.03,No,82.16,North,Medium,71.58
Rice,Harvest,Clay,6.45,46.63,1.59,1.75,80.0,47.0,40.0,14.51,83.06,195.72,8.83,11.6,Rabi,Canal,River,11.76,Yes,51.08,Central,Low,20.25
Maize,Sowing,Clay,5.28,34.66,1.13,1.56,76.0,48.5,20.0,26.59,94.0,1047.34,5.06,10.26,Zaid,Canal,Rainwater,10.49,No,79.13,East,Low,42.19
Cotton,Flowering,Loamy,8.03,30.1,0.44,3.29,117.0,46.0,19.0,25.83,81.38,773.45,6.51,1.72,Kharif,Rainfed,Groundwater,13.23,Yes,88.51,Central,Low,58.42
Maize,Sowing,Silt,7.28,21.67,1.46,2.16,76.0,48.5,20.0,19.06,45.17,1157.95,7.34,14.65,Rabi,Canal,Groundwater,10.01,Yes,109.8,East,Low,60.3
Cotton,Harvest,Silt,4.98,29.23,1.39,2.63,117.0,46.0,19.0,40.51,86.12,18.82,9.64,2.46,Zaid,Drip,Reservoir,12.32,Yes,75.72,West,Low,50.88
Rice,Sowing,Silt,7.81,14.33,1.18,3.17,80.0,47.0,40.0,22.84,83.26,518.3,8.43,8.12,Rabi,Canal,Reservoir,7.26,Yes,115.44,South,Low,67.27
Cotton,Flowering,Silt,7.88,38.37,1.01,0.6,117.0,46.0,19.0,40.15,75.6,1571.04,9.81,3.38,Rabi,Canal,Groundwater,4.07,Yes,6.55,Central,Low,4.59
Rice,Harvest,Sandy,5.45,62.2,0.59,3.42,80.0,47.0,40.0,18.63,92.29,268.8,4.47,5.87,Kharif,Rainfed,Groundwater,9.36,No,77.96,West,Low,25.78
Maize,Flowering,Loamy,6.3,23.7,1.05,2.78,76.0,48.5,20.0,21.98,27.83,2293.15,10.11,10.39,Kharif,Rainfed,Rainwater,6.71,No,96.24,North,Medium,91.95
Cotton,Harvest,Clay,6.79,8.92,0.78,2.64,117.0,46.0,19.0,39.45,53.24,2046.3,10.77,3.76,Kharif,Rainfed,River,12.04,Yes,11.42,South,Low,5.41
Rice,Flowering,Clay,7.58,12.36,0.48,2.29,80.0,47.0,40.0,28.12,74.97,536.43,8.53,15.27,Rabi,Drip,River,0.33,No,91.81,East,Medium,96.0
Rice,Harvest,Sandy,8.16,41.07,1.0,1.28,80.0,47.0,40.0,28.69,55.06,2263.36,6.5,13.04,Kharif,Sprinkler,River,1.67,Yes,92.91,North,Low,33.42
Maize,Harvest,Loamy,4.96,10.38,1.25,0.86,76.0,48.5,20.0,34.86,53.94,278.47,5.79,18.98,Zaid,Rainfed,Rainwater,3.29,No,5.65,East,High,5.98
Rice,Sowing,Loamy,5.48,14.37,0.87,2.86,80.0,47.0,40.0,40.04,48.46,2039.9,4.23,6.19,Kharif,Drip,Groundwater,1.1,No,69.65,South,Medium,67.68
Rice,Sowing,Loamy,7.42,17.09,0.34,1.24,80.0,47.0,40.0,15.53,64.23,1502.85,6.03,6.18,Kharif,Drip,Groundwater,3.3,No,97.69,Central,Low,52.31
Maize,Sowing,Silt,7.06,37.63,1.53,1.26,76.0,48.5,20.0,37.5,54.39,1658.03,4.51,11.34,Kharif,Rainfed,Groundwater,13.94,Yes,42.69,East,Low,24.56
Maize,Sowing,Sandy,7.29,32.16,0.65,2.77,76.0,48.5,20.0,17.83,42.46,2276.91,9.96,5.27,Zaid,Drip,River,14.64,Yes,114.1,East,Low,56.79
Maize,Vegetative,Silt,5.79,57.7,0.85,2.12,76.0,48.5,20.0,40.34,28.21,1099.29,5.06,17.04,Zaid,Canal,Groundwater,2.64,No,49.22,South,Medium,33.96
Cotton,Flowering,Loamy,5.2,51.51,1.23,0.33,117.0,46.0,19.0,35.83,59.12,183.83,8.93,13.86,Kharif,Rainfed,Rainwater,8.38,No,11.86,South,High,17.72
Rice,Vegetative,Silt,4.8,18.35,0.86,1.48,80.0,47.0,40.0,22.47,55.37,2027.23,10.64,6.69,Zaid,Rainfed,Groundwater,7.71,Yes,16.37,Central,Medium,13.48
Cotton,Vegetative,Loamy,5.23,47.14,0.31,0.6,117.0,46.0,19.0,12.9,30.08,77.86,9.31,10.98,Kharif,Sprinkler,River,14.43,Yes,111.23,West,Medium,97.63
Maize,Flowering,Clay,7.75,34.64,0.46,2.81,76.0,48.5,20.0,40.29,85.43,986.85,7.79,8.79,Rabi,Sprinkler,River,4.97,No,85.89,North,Medium,88.88
Rice,Vegetative,Silt,5.59,49.25,0.96,2.92,80.0,47.0,40.0,12.32,71.08,230.45,8.54,10.68,Kharif,Rainfed,River,3.89,No,73.64,North,Medium,56.51
Cotton,Flowering,Silt,7.45,36.22,0.74,2.0,117.0,46.0,19.0,20.11,79.68,941.8,10.81,15.08,Kharif,Canal,Reservoir,7.46,Yes,27.6,East,Low,16.31
Cotton,Sowing,Clay,6.87,32.62,0.74,1.1,117.0,46.0,19.0,33.11,37.73,2022.58,9.02,2.85,Zaid,Sprinkler,Rainwater,3.49,No,34.02,North,Low,19.64
Cotton,Harvest,Loamy,8.1,31.39,0.92,3.27,117.0,46.0,19.0,38.14,47.55,343.69,8.47,7.37,Zaid,Rainfed,Groundwater,4.33,Yes,112.81,South,Low,57.18
Rice,Sowing,Sandy,6.07,36.76,1.6,2.22,80.0,47.0,40.0,17.72,56.07,2458.76,10.36,12.97,Rabi,Sprinkler,River,14.06,No,64.9,South,Low,31.0
Rice,Flowering,Clay,5.02,50.68,0.54,0.11,80.0,47.0,40.0,12.26,62.44,722.76,10.52,15.73,Rabi,Sprinkler,Reservoir,11.77,No,2.63,East,Medium,1.83
Maize,Vegetative,Silt,6.15,57.83,1.1,1.63,76.0,48.5,20.0,18.46,63.6,1937.25,7.45,17.84,Zaid,Rainfed,Rainwater,6.78,Yes,48.46,East,Low,18.99
Rice,Vegetative,Loamy,8.08,58.32,0.61,3.06,80.0,47.0,40.0,14.14,35.99,893.8,9.03,2.33,Kharif,Drip,Groundwater,4.2,No,11.85,South,Low,4.45
Rice,Sowing,Sandy,6.63,20.98,0.44,1.25,80.0,47.0,40.0,22.78,58.24,1200.88,8.42,14.42,Rabi,Rainfed,Rainwater,4.11,No,24.57,West,Medium,20.15
Maize,Flowering,Loamy,5.21,27.47,0.33,2.34,76.0,48.5,20.0,26.4,60.66,1788.74,6.27,9.89,Kharif,Canal,Groundwater,6.7,Yes,7.6,East,Low,5.16
Maize,Sowing,Sandy,7.19,25.63,0.86,0.62,76.0,48.5,20.0,16.27,38.98,448.85,10.33,12.74,Kharif,Rainfed,Groundwater,5.17,No,0.97,West,Low,0.54
Cotton,Flowering,Clay,6.99,49.43,0.85,2.73,117.0,46.0,19.0,25.92,53.94,2121.83,5.89,3.44,Zaid,Canal,Groundwater,7.13,Yes,68.0,North,Low,37.68
Cotton,Harvest,Clay,8.03,11.02,1.32,2.57,117.0,46.0,19.0,19.18,34.45,1370.39,8.98,19.53,Rabi,Rainfed,Reservoir,0.44,No,24.59,Central,Medium,13.7
Maize,Harvest,Silt,4.88,29.3,0.47,3.47,76.0,48.5,20.0,23.07,65.63,2333.78,7.83,3.16,Rabi,Rainfed,River,12.07,No,115.04,West,Low,43.37
Maize,Sowing,Sandy,7.93,26.64,1.06,2.82,76.0,48.5,20.0,36.42,51.62,1857.85,10.09,16.82,Rabi,Canal,River,4.9,No,31.59,South,Low,19.76
Cotton,Sowing,Silt,5.15,32.66,0.67,0.45,117.0,46.0,19.0,31.36,28.39,702.37,6.82,4.64,Kharif,Canal,Groundwater,1.44,No,102.95,East,Low,58.46
Rice,Harvest,Sandy,8.01,17.49,1.25,2.13,80.0,47.0,40.0,13.33,36.95,37.87,5.49,4.31,Zaid,Canal,Reservoir,14.45,Yes,28.6,Central,Medium,22.83
Cotton,Vegetative,Clay,7.5,26.18,0.93,0.12,117.0,46.0,19.0,14.36,84.85,2234.3,7.97,5.32,Kharif,Sprinkler,Rainwater,10.85,No,81.31,South,Low,41.23
Cotton,Flowering,Silt,7.22,48.69,0.44,1.76,117.0,46.0,19.0,24.5,48.93,348.22,11.0,16.37,Kharif,Sprinkler,Groundwater,6.66,Yes,53.25,West,Low,34.62
Cotton,Sowing,Clay,6.11,8.75,1.24,0.98,117.0,46.0,19.0,24.9,87.8,819.81,10.22,10.9,Rabi,Sprinkler,Reservoir,6.78,Yes,56.4,South,Low,33.33
Cotton,Flowering,Silt,6.17,26.0,0.61,1.44,117.0,46.0,19.0,32.31,71.56,1199.83,5.9,6.28,Kharif,Rainfed,River,0.33,Yes,62.59,East,Low,45.47
Rice,Sowing,Sandy,6.08,46.88,1.38,2.09,80.0,47.0,40.0,12.16,45.18,995.18,7.77,12.46,Kharif,Rainfed,Rainwater,1.56,Yes,64.15,North,Low,27.09
Maize,Harvest,Sandy,6.03,33.06,0.49,2.75,76.0,48.5,20.0,41.74,25.54,2191.78,9.29,12.67,Zaid,Rainfed,River,8.9,No,45.81,West,Low,19.62
Cotton,Flowering,Clay,7.57,47.53,0.72,0.46,117.0,46.0,19.0,27.55,68.95,2462.7,8.36,11.64,Zaid,Canal,Groundwater,9.46,No,118.28,Central,Medium,96.95
Rice,Flowering,Sandy,6.45,18.19,1.53,2.19,80.0,47.0,40.0,14.21,69.15,1628.68,6.69,16.3,Kharif,Rainfed,Rainwater,2.46,No,110.84,East,Medium,101.15
Maize,Harvest,Clay,6.97,58.25,0.61,2.04,76.0,48.5,20.0,19.7,43.64,1113.02,9.15,12.66,Zaid,Drip,River,2.62,Yes,28.21,East,Low,7.81
Rice,Sowing,Loamy,5.6,23.75,1.39,3.17,80.0,47.0,40.0,23.7,70.22,1095.25,5.39,2.41,Rabi,Canal,Reservoir,10.78,Yes,100.35,West,Low,56.9
Maize,Sowing,Sandy,4.82,58.0,0.84,2.49,76.0,48.5,20.0,28.63,91.03,2424.68,8.02,1.88,Zaid,Rainfed,Groundwater,8.73,No,9.03,South,Low,3.92
Cotton,Flowering,Clay,5.03,10.16,1.47,2.58,117.0,46.0,19.0,38.95,33.86,362.5,10.84,16.75,Rabi,Sprinkler,Groundwater,2.04,No,79.9,East,High,140.02
Cotton,Flowering,Silt,5.78,24.31,0.57,2.18,117.0,46.0,19.0,20.82,48.06,1980.78,8.65,9.48,Zaid,Canal,Groundwater,7.65,No,65.76,North,Medium,61.78
Maize,Flowering,Loamy,6.57,17.36,0.97,3.18,76.0,48.5,20.0,37.32,54.22,592.66,9.76,17.09,Zaid,Sprinkler,River,12.34,Yes,33.85,North,Medium,38.55
Maize,Sowing,Loamy,7.77,28.98,0.43,3.23,76.0,48.5,20.0,37.77,86.2,2075.39,8.78,17.33,Rabi,Rainfed,Reservoir,14.01,No,2.64,South,Low,1.64
Maize,Harvest,Sandy,5.5,21.7,0.41,3.36,76.0,48.5,20.0,20.83,80.74,1613.98,6.31,13.08,Zaid,Drip,Groundwater,14.2,No,86.09,Central,Medium,48.16
Cotton,Harvest,Silt,5.88,39.96,0.68,1.58,117.0,46.0,19.0,12.58,47.04,537.02,8.25,11.44,Rabi,Drip,Groundwater,8.94,Yes,12.65,East,Low,3.99
Cotton,Vegetative,Sandy,5.78,51.2,1.05,1.42,117.0,46.0,19.0,28.01,56.31,689.29,4.99,12.76,Kharif,Canal,River,11.47,Yes,7.59,North,Low,3.51
Maize,Sowing,Clay,5.45,58.77,0.81,3.39,76.0,48.5,20.0,30.83,82.31,239.21,6.2,11.97,Zaid,Sprinkler,River,10.57,No,29.45,North,Medium,23.9
Cotton,Vegetative,Silt,7.99,64.44,0.31,1.95,117.0,46.0,19.0,39.09,67.0,818.83,6.36,2.36,Zaid,Sprinkler,Rainwater,14.29,No,0.99,Central,Medium,0.63
Rice,Sowing,Loamy,5.67,26.27,1.36,0.14,80.0,47.0,40.0,26.38,67.59,1299.48,8.43,8.91,Kharif,Canal,Groundwater,4.22,Yes,82.07,South,Low,46.84
Cotton,Sowing,Clay,5.0,49.12,0.31,1.73,117.0,46.0,19.0,25.95,88.11,2037.85,7.84,2.31,Kharif,Drip,River,13.33,No,79.99,Central,Low,37.06
Rice,Flowering,Sandy,5.34,52.81,1.58,1.32,80.0,47.0,40.0,22.9,88.15,521.09,7.18,6.26,Zaid,Canal,River,14.33,Yes,23.22,West,Low,12.11
Maize,Flowering,Silt,6.7,40.68,0.7,2.31,76.0,48.5,20.0,17.8,58.36,1696.12,5.4,15.09,Rabi,Canal,Rainwater,14.38,No,70.12,North,Medium,55.49
Maize,Sowing,Silt,5.87,10.97,0.98,1.09,76.0,48.5,20.0,36.34,34.22,1852.24,7.77,1.09,Rabi,Canal,Rainwater,10.15,No,17.72,West,Medium,16.67
Rice,Flowering,Sandy,5.8,13.66,0.48,2.99,80.0,47.0,40.0,36.41,89.05,692.5,10.74,14.76,Kharif,Drip,Reservoir,13.47,No,0.37,Central,High,0.54
Rice,Sowing,Loamy,5.13,55.41,0.82,2.29,80.0,47.0,40.0,20.08,63.65,740.81,7.79,18.73,Kharif,Drip,River,12.88,No,28.4,North,Low,11.62
Maize,Flowering,Clay,7.85,56.6,0.69,2.5,76.0,48.5,20.0,20.82,66.46,1145.94,10.88,14.29,Zaid,Canal,Rainwater,8.33,Yes,31.25,South,Low,15.27
Maize,Flowering,Loamy,5.99,17.81,0.61,2.9,76.0,48.5,20.0,21.16,87.19,1690.1,6.34,13.89,Zaid,Rainfed,Groundwater,8.09,Yes,26.73,West,Medium,26.06
Maize,Flowering,Sandy,6.02,49.83,1.07,3.31,76.0,48.5,20.0,32.91,73.45,2276.87,6.38,3.9,Kharif,Sprinkler,Rainwater,8.32,No,92.71,South,Medium,78.17
Maize,Sowing,Loamy,5.23,52.12,1.12,1.5,76.0,48.5,20.0,20.12,64.4,2168.65,9.26,15.74,Kharif,Canal,River,13.71,No,90.47,North,Low,38.32
Maize,Flowering,Clay,7.51,50.24,0.9,1.2,76.0,48.5,20.0,13.74,95.0,595.55,4.03,18.98,Kharif,Sprinkler,River,12.02,Yes,3.7,South,Low,1.81
Rice,Flowering,Loamy,7.21,41.78,1.42,1.29,80.0,47.0,40.0,40.95,86.12,1271.98,10.17,19.22,Kharif,Canal,Groundwater,11.91,No,36.93,North,Medium,35.85
Maize,Flowering,Silt,4.88,9.18,0.79,0.89,76.0,48.5,20.0,15.46,59.6,1376.99,4.59,18.62,Zaid,Sprinkler,Reservoir,12.99,Yes,66.22,North,Medium,60.74
Maize,Vegetative,Loamy,6.2,13.52,0.74,0.73,76.0,48.5,20.0,23.61,68.87,88.63,6.57,4.23,Rabi,Rainfed,Reservoir,13.26,Yes,93.21,East,Medium,112.43
Cotton,Harvest,Sandy,6.81,39.96,1.12,3.39,117.0,46.0,19.0,13.87,63.33,916.16,4.93,1.19,Rabi,Drip,Rainwater,4.62,No,57.25,North,Low,18.06
Cotton,Harvest,Sandy,7.51,20.06,0.5,1.79,117.0,46.0,19.0,23.2,86.76,754.68,4.46,10.12,Zaid,Drip,Reservoir,14.89,No,94.04,South,Medium,54.6
Rice,Harvest,Sandy,4.84,46.27,0.89,2.18,80.0,47.0,40.0,13.69,38.07,830.54,4.45,16.86,Kharif,Canal,Rainwater,8.35,No,3.41,South,Low,1.01
Cotton,Flowering,Clay,6.92,34.41,0.46,1.1,117.0,46.0,19.0,12.11,25.78,849.18,4.23,0.98,Rabi,Drip,Rainwater,11.42,No,62.18,North,Low,35.32
Maize,Harvest,Loamy,5.66,16.25,0.96,2.99,76.0,48.5,20.0,35.82,78.53,2318.02,5.99,17.53,Rabi,Canal,River,12.25,Yes,113.65,North,Medium,74.5
Cotton,Vegetative,Loamy,8.14,25.47,0.74,1.06,117.0,46.0,19.0,15.96,56.41,1763.64,7.36,3.64,Zaid,Drip,Rainwater,3.42,Yes,65.96,West,Low,34.0
Cotton,Harvest,Clay,7.5,25.43,0.52,3.44,117.0,46.0,19.0,30.36,67.3,305.68,10.97,17.23,Zaid,Sprinkler,Groundwater,2.04,Yes,60.79,South,Low,31.13
Cotton,Sowing,Sandy,7.38,12.57,1.46,3.1,117.0,46.0,19.0,33.35,88.72,1992.21,10.74,13.13,Zaid,Drip,Reservoir,14.83,No,94.53,East,Medium,86.55
Rice,Vegetative,Silt,4.87,61.55,0.56,0.24,80.0,47.0,40.0,17.6,62.57,83.49,8.15,14.26,Kharif,Rainfed,Reservoir,9.77,Yes,2.85,West,Medium,2.2
Rice,Harvest,Silt,7.58,39.27,1.28,2.38,80.0,47.0,40.0,37.53,39.03,684.14,6.03,11.58,Zaid,Drip,Rainwater,13.8,Yes,101.68,South,Low,40.35
Rice,Flowering,Silt,4.85,52.91,0.75,1.14,80.0,47.0,40.0,31.81,71.96,1555.24,6.01,6.98,Kharif,Drip,Rainwater,8.62,Yes,3.34,West,Low,1.89
Maize,Sowing,Silt,6.88,13.11,1.21,1.8,76.0,48.5,20.0,12.58,66.97,502.83,9.07,10.92,Rabi,Drip,Reservoir,6.47,Yes,79.34,South,Low,43.2
Cotton,Sowing,Sandy,5.96,16.86,0.67,3.23,117.0,46.0,19.0,22.01,79.41,1855.85,10.19,14.31,Rabi,Sprinkler,Reservoir,1.83,No,116.79,Central,Medium,95.74
Cotton,Harvest,Sandy,6.53,16.5,1.11,2.69,117.0,46.0,19.0,29.48,90.18,675.22,10.94,15.31,Kharif,Drip,Rainwater,3.18,Yes,17.62,North,Low,7.62
Maize,Flowering,Silt,6.24,27.73,0.97,2.74,76.0,48.5,20.0,20.76,90.47,996.72,6.53,8.82,Kharif,Sprinkler,River,1.95,No,14.28,East,Low,9.13
Cotton,Vegetative,Silt,6.15,10.45,0.45,2.57,117.0,46.0,19.0,41.77,80.16,416.44,7.67,3.89,Kharif,Drip,Reservoir,7.18,Yes,23.47,North,Medium,25.35
Maize,Sowing,Loamy,5.92,35.11,0.94,0.37,76.0,48.5,20.0,37.81,48.46,173.66,4.47,5.02,Kharif,Canal,Reservoir,10.82,Yes,110.58,South,Low,88.71
Maize,Flowering,Sandy,6.8,56.83,0.42,2.94,76.0,48.5,20.0,21.87,80.71,1149.85,10.18,4.68,Kharif,Canal,Groundwater,3.32,Yes,89.07,South,Low,43.89
Rice,Vegetative,Silt,7.68,39.46,1.54,2.28,80.0,47.0,40.0,17.64,72.11,2196.25,7.55,2.42,Kharif,Rainfed,Reservoir,4.75,Yes,87.74,North,Low,40.88
Maize,Harvest,Loamy,6.3,10.67,1.17,1.3,76.0,48.5,20.0,13.38,69.1,2166.92,6.35,19.6,Kharif,Canal,Rainwater,9.89,No,43.62,West,Medium,23.22
Cotton,Harvest,Loamy,4.86,63.53,0.43,0.66,117.0,46.0,19.0,41.53,90.12,2404.51,9.46,1.69,Zaid,Sprinkler,River,10.19,No,71.93,North,Low,22.78
Cotton,Sowing,Clay,8.1,60.54,1.08,0.27,117.0,46.0,19.0,26.75,38.95,8.93,7.84,9.39,Rabi,Drip,Groundwater,12.41,Yes,45.55,Central,Low,28.85
Cotton,Vegetative,Silt,7.16,33.69,0.66,1.98,117.0,46.0,19.0,20.75,90.72,1540.63,9.43,19.04,Kharif,Sprinkler,Rainwater,8.96,No,93.11,East,Medium,67.4
Cotton,Vegetative,Sandy,5.04,29.2,1.25,0.99,117.0,46.0,19.0,18.99,40.9,1756.11,6.59,5.21,Rabi,Drip,River,2.06,Yes,62.61,East,Low,32.34
Cotton,Vegetative,Sandy,5.44,34.28,1.24,2.93,117.0,46.0,19.0,30.49,51.08,328.03,9.98,14.56,Rabi,Canal,Rainwater,6.75,Yes,47.62,North,Medium,45.42
Cotton,Sowing,Silt,7.42,55.57,1.02,1.28,117.0,46.0,19.0,14.25,82.87,417.09,8.88,13.3,Kharif,Rainfed,River,5.86,No,20.27,West,Low,8.71
Cotton,Sowing,Silt,7.66,45.59,0.61,2.53,117.0,46.0,19.0,27.27,39.61,2407.69,9.4,10.59,Rabi,Canal,Rainwater,2.81,Yes,110.44,West,Low,53.66
Cotton,Flowering,Silt,6.99,62.58,0.8,1.94,117.0,46.0,19.0,27.98,57.05,392.43,9.91,3.55,Kharif,Rainfed,Reservoir,8.46,No,40.15,West,Low,22.42
Cotton,Sowing,Sandy,7.62,50.5,0.74,1.7,117.0,46.0,19.0,29.11,92.06,2230.28,8.52,7.25,Zaid,Canal,River,2.8,No,30.82,Central,Low,14.53
Rice,Vegetative,Loamy,7.48,44.26,1.19,2.98,80.0,47.0,40.0,14.45,81.59,1087.48,10.08,3.17,Kharif,Rainfed,Reservoir,9.2,Yes,100.26,East,Low,43.41
Cotton,Flowering,Sandy,7.21,17.73,0.73,0.69,117.0,46.0,19.0,19.12,29.01,989.97,8.78,9.19,Zaid,Drip,River,8.07,No,82.56,North,Medium,78.79
Rice,Harvest,Clay,5.53,57.61,0.6,1.65,80.0,47.0,40.0,25.14,92.69,1840.96,5.21,11.01,Kharif,Drip,Reservoir,4.96,No,60.99,Central,Low,17.97
Cotton,Harvest,Sandy,6.22,35.32,1.2,3.12,117.0,46.0,19.0,17.45,38.13,1304.39,10.14,19.4,Rabi,Canal,Rainwater,5.27,No,63.8,West,Low,21.54
Rice,Flowering,Loamy,6.53,24.38,1.32,1.85,80.0,47.0,40.0,29.46,69.28,1622.18,5.14,9.72,Rabi,Sprinkler,Groundwater,12.62,Yes,96.91,North,Medium,99.19
Cotton,Sowing,Sandy,5.72,56.97,1.07,0.54,117.0,46.0,19.0,17.56,47.76,1606.65,10.67,12.18,Rabi,Canal,Reservoir,6.44,No,96.17,Central,Low,37.68
Rice,Vegetative,Sandy,4.9,34.68,1.06,3.05,80.0,47.0,40.0,14.07,70.88,352.59,9.71,2.45,Rabi,Canal,Rainwater,1.11,No,66.25,West,Low,36.82
Cotton,Sowing,Clay,6.15,61.27,1.27,0.5,117.0,46.0,19.0,24.39,72.5,360.43,10.49,19.09,Kharif,Drip,Groundwater,11.07,Yes,73.29,East,Low,34.37
Rice,Flowering,Silt,7.75,11.17,1.18,1.54,80.0,47.0,40.0,37.04,71.12,1732.87,4.12,8.84,Kharif,Sprinkler,Reservoir,8.6,Yes,82.84,South,Medium,94.11
Maize,Flowering,Clay,7.72,47.61,0.62,0.17,76.0,48.5,20.0,19.38,79.25,818.58,8.78,3.54,Kharif,Drip,Reservoir,7.25,Yes,107.08,East,Low,56.5
Cotton,Sowing,Loamy,6.48,17.14,1.09,1.85,117.0,46.0,19.0,40.51,46.49,2415.11,4.8,1.98,Rabi,Rainfed,Groundwater,9.87,No,19.02,South,Medium,18.48
Rice,Flowering,Loamy,7.17,47.47,1.57,2.73,80.0,47.0,40.0,15.69,72.73,1807.4,9.24,14.06,Zaid,Drip,Reservoir,9.48,No,103.18,East,Medium,74.83
Cotton,Harvest,Loamy,6.3,21.63,0.38,2.43,117.0,46.0,19.0,14.3,57.34,2263.49,5.19,18.33,Rabi,Sprinkler,River,4.17,No,48.19,South,Medium,25.33
Cotton,Harvest,Loamy,7.61,25.51,1.11,0.83,117.0,46.0,19.0,21.38,48.24,2331.76,9.65,6.71,Kharif,Sprinkler,River,7.31,No,68.61,South,Low,26.22
Cotton,Sowing,Clay,5.23,42.09,1.53,2.98,117.0,46.0,19.0,33.9,57.94,2197.77,10.77,9.12,Zaid,Drip,Groundwater,4.27,No,113.48,East,Low,60.68
Cotton,Sowing,Silt,6.38,46.7,0.47,3.21,117.0,46.0,19.0,27.55,37.01,553.65,7.29,10.92,Kharif,Canal,Rainwater,4.92,No,25.93,Central,Low,12.5
Rice,Harvest,Clay,7.47,30.14,0.47,2.49,80.0,47.0,40.0,38.47,38.36,57.79,5.92,6.63,Rabi,Canal,Rainwater,1.3,No,66.61,West,Medium,60.97
Maize,Vegetative,Silt,5.41,54.18,0.85,2.05,76.0,48.5,20.0,27.48,49.01,1746.91,6.09,1.59,Zaid,Drip,Groundwater,1.04,No,82.8,South,Low,36.99
Rice,Harvest,Loamy,6.39,51.75,1.5,0.93,80.0,47.0,40.0,20.35,68.13,1639.54,8.47,19.43,Kharif,Rainfed,Groundwater,8.69,No,28.31,East,Low,8.45
Maize,Flowering,Loamy,7.56,50.81,0.64,2.19,76.0,48.5,20.0,19.02,91.13,2251.19,4.35,18.32,Rabi,Rainfed,River,0.79,Yes,25.62,West,Low,13.05
Cotton,Vegetative,Clay,4.91,52.38,1.48,1.53,117.0,46.0,19.0,21.6,31.16,1350.4,9.57,4.22,Zaid,Sprinkler,River,4.5,Yes,60.68,Central,Low,26.04
Cotton,Harvest,Silt,6.39,62.51,0.32,1.8,117.0,46.0,19.0,35.66,71.11,464.24,5.49,10.81,Zaid,Canal,Groundwater,0.46,Yes,112.1,South,Low,36.72
Maize,Sowing,Clay,7.0,23.19,0.72,0.44,76.0,48.5,20.0,22.73,81.77,555.41,8.44,15.23,Kharif,Canal,River,6.27,No,81.62,West,Medium,65.75
Maize,Vegetative,Loamy,4.97,58.67,1.15,2.12,76.0,48.5,20.0,22.93,81.65,2296.0,9.63,1.07,Rabi,Drip,Groundwater,1.39,Yes,31.19,Central,Low,12.69
Cotton,Sowing,Sandy,7.7,52.02,0.99,1.84,117.0,46.0,19.0,16.85,76.78,1326.08,7.54,4.45,Kharif,Canal,Rainwater,11.44,Yes,99.24,Central,Low,40.64
Cotton,Flowering,Sandy,5.47,11.6,1.38,2.02,117.0,46.0,19.0,36.09,87.74,655.63,7.63,11.29,Rabi,Rainfed,River,6.54,No,92.99,South,High,136.17
Rice,Sowing,Clay,5.88,43.78,0.57,0.35,80.0,47.0,40.0,26.73,88.87,215.87,7.82,13.9,Kharif,Rainfed,Reservoir,2.72,Yes,79.26,West,Low,51.32
Rice,Vegetative,Loamy,5.76,16.24,0.62,3.31,80.0,47.0,40.0,25.75,55.59,1990.73,9.75,8.34,Rabi,Rainfed,Reservoir,8.38,No,97.14,North,Medium,82.7
Cotton,Vegetative,Clay,6.6,36.72,0.55,1.1,117.0,46.0,19.0,16.69,58.93,2198.46,5.44,15.03,Zaid,Sprinkler,Reservoir,3.64,No,90.69,North,Medium,61.23
Cotton,Sowing,Loamy,4.98,16.88,0.51,0.34,117.0,46.0,19.0,17.33,59.0,1120.2,9.93,6.14,Kharif,Drip,Groundwater,3.44,No,56.14,Central,Low,30.66
Rice,Harvest,Loamy,5.25,43.92,1.13,0.71,80.0,47.0,40.0,26.64,43.34,156.39,6.35,3.57,Rabi,Sprinkler,River,8.23,Yes,52.07,Central,Low,24.64
Cotton,Sowing,Loamy,7.4,17.63,1.08,1.58,117.0,46.0,19.0,23.94,77.16,1221.22,8.34,11.85,Kharif,Rainfed,Rainwater,2.72,No,64.6,East,Medium,54.01
Cotton,Sowing,Loamy,7.49,26.24,0.92,1.11,117.0,46.0,19.0,18.32,37.97,1549.81,8.82,12.89,Kharif,Rainfed,River,0.6,Yes,8.18,Central,Low,4.3
Rice,Sowing,Sandy,6.9,27.04,0.38,2.8,80.0,47.0,40.0,19.41,64.71,1698.51,9.09,15.56,Zaid,Drip,Groundwater,9.85,Yes,45.9,Central,Low,24.24
Maize,Sowing,Sandy,6.29,48.48,0.66,1.65,76.0,48.5,20.0,12.52,78.47,921.0,5.5,11.12,Zaid,Sprinkler,Reservoir,10.94,Yes,4.85,West,Low,2.02
Rice,Flowering,Silt,6.15,44.25,0.59,0.9,80.0,47.0,40.0,16.27,78.49,175.45,10.79,11.23,Rabi,Drip,Reservoir,3.03,Yes,77.45,Central,Medium,79.21
Cotton,Sowing,Clay,7.33,61.93,0.73,3.17,117.0,46.0,19.0,18.69,61.94,804.08,9.96,13.23,Zaid,Drip,Reservoir,6.13,Yes,45.51,North,Low,17.09
Rice,Flowering,Sandy,6.12,64.38,0.7,2.13,80.0,47.0,40.0,32.59,44.99,727.1,4.06,14.12,Kharif,Sprinkler,Rainwater,11.68,Yes,31.09,West,Medium,22.34
Cotton,Vegetative,Loamy,5.38,55.36,1.57,2.15,117.0,46.0,19.0,21.36,65.45,1785.99,9.98,3.26,Rabi,Sprinkler,Reservoir,12.82,No,84.82,West,Low,35.2
Rice,Flowering,Silt,5.38,20.43,0.76,2.91,80.0,47.0,40.0,39.94,79.78,2362.34,7.62,6.03,Kharif,Drip,River,1.38,Yes,52.8,Central,Medium,61.33
Cotton,Harvest,Clay,7.7,38.46,1.55,1.75,117.0,46.0,19.0,14.61,42.72,1177.39,10.94,2.07,Kharif,Drip,Rainwater,14.2,No,119.18,West,Low,38.11
Rice,Sowing,Loamy,6.47,51.44,0.58,0.79,80.0,47.0,40.0,20.12,53.22,764.46,4.25,18.83,Rabi,Rainfed,Reservoir,7.96,Yes,87.77,South,Low,37.44
Cotton,Harvest,Sandy,8.12,37.9,1.2,0.1,117.0,46.0,19.0,20.27,72.63,8.27,5.37,19.9,Rabi,Canal,River,3.24,No,42.54,Central,Medium,31.63
Cotton,Harvest,Sandy,5.93,8.75,0.57,3.38,117.0,46.0,19.0,26.51,88.73,884.03,10.14,1.48,Zaid,Rainfed,Groundwater,12.09,Yes,11.28,East,Low,4.74
Cotton,Harvest,Sandy,6.82,49.97,0.74,1.6,117.0,46.0,19.0,18.93,35.92,1012.07,7.27,16.7,Rabi,Drip,Groundwater,8.74,Yes,15.91,West,Low,4.76
Cotton,Vegetative,Loamy,5.11,49.74,0.6,0.14,117.0,46.0,19.0,41.79,86.53,1832.73,9.97,9.87,Zaid,Sprinkler,Reservoir,2.77,No,91.12,Central,Medium,68.29
Cotton,Flowering,Loamy,8.06,20.76,1.44,0.15,117.0,46.0,19.0,28.45,71.52,879.48,8.32,18.53,Zaid,Drip,Groundwater,5.54,No,10.04,Central,Medium,10.47
Maize,Harvest,Silt,7.23,34.09,0.68,1.37,76.0,48.5,20.0,26.01,86.22,2393.49,7.05,9.83,Kharif,Canal,Rainwater,6.27,No,118.49,South,Low,44.19
Cotton,Flowering,Clay,7.19,42.39,0.41,0.23,117.0,46.0,19.0,41.63,78.24,77.11,10.64,15.71,Zaid,Canal,Rainwater,12.07,Yes,1.03,North,Medium,1.45
Cotton,Flowering,Silt,6.81,29.4,1.02,2.38,117.0,46.0,19.0,38.31,36.29,1488.15,7.2,10.52,Kharif,Sprinkler,Reservoir,3.67,No,19.12,South,Medium,20.38
Maize,Vegetative,Silt,7.72,55.14,0.49,1.49,76.0,48.5,20.0,28.54,63.34,85.03,4.41,9.5,Kharif,Canal,Groundwater,1.06,No,15.68,North,Medium,14.53
Cotton,Vegetative,Silt,6.78,64.21,0.68,0.31,117.0,46.0,19.0,33.34,46.18,2349.7,6.12,17.07,Kharif,Sprinkler,Reservoir,8.31,No,0.32,East,Medium,0.19
Cotton,Vegetative,Silt,6.63,41.6,0.69,2.95,117.0,46.0,19.0,18.63,38.35,1526.14,9.18,11.57,Kharif,Drip,Reservoir,11.34,Yes,44.17,South,Low,20.4
Cotton,Flowering,Sandy,6.35,11.16,0.85,3.1,117.0,46.0,19.0,34.47,28.79,439.91,5.29,1.56,Kharif,Sprinkler,River,8.0,No,118.04,Central,Medium,142.46
Maize,Flowering,Clay,5.51,10.89,0.71,2.77,76.0,48.5,20.0,21.39,29.81,1803.14,4.9,11.87,Zaid,Sprinkler,Reservoir,9.03,Yes,23.83,South,Medium,23.29
Rice,Harvest,Loamy,6.53,27.72,0.6,1.0,80.0,47.0,40.0,37.19,84.61,2086.33,9.34,5.71,Kharif,Sprinkler,River,12.94,No,45.89,North,Low,20.05
Maize,Flowering,Silt,6.32,35.91,1.38,1.59,76.0,48.5,20.0,41.32,85.54,1227.47,6.26,11.31,Kharif,Rainfed,Rainwater,1.28,Yes,5.13,Central,Medium,5.25
Cotton,Harvest,Sandy,5.25,57.39,0.65,0.15,117.0,46.0,19.0,27.15,94.07,1968.63,8.92,11.24,Rabi,Sprinkler,Groundwater,8.6,No,63.39,East,Low,19.1
Maize,Vegetative,Clay,4.96,59.84,0.89,2.21,76.0,48.5,20.0,20.7,80.78,2361.68,6.65,18.59,Rabi,Canal,Groundwater,0.63,Yes,39.73,West,Low,15.6
Maize,Sowing,Loamy,7.44,20.38,0.69,2.32,76.0,48.5,20.0,12.58,66.68,1761.67,7.7,9.49,Kharif,Drip,Reservoir,0.6,Yes,31.6,North,Low,16.77
Cotton,Vegetative,Clay,5.58,42.05,0.75,1.29,117.0,46.0,19.0,14.01,69.61,2355.16,10.61,10.7,Kharif,Sprinkler,Groundwater,4.21,Yes,55.7,South,Low,24.62
Rice,Sowing,Sandy,4.84,47.14,0.91,0.52,80.0,47.0,40.0,22.14,61.25,2213.5,5.88,17.97,Rabi,Rainfed,Rainwater,8.57,Yes,44.56,South,Low,20.26
Rice,Sowing,Clay,5.24,20.56,1.14,0.22,80.0,47.0,40.0,14.45,84.53,375.53,10.35,18.21,Rabi,Canal,Groundwater,13.3,Yes,50.66,East,Low,30.97
Rice,Vegetative,Loamy,5.85,30.46,1.28,1.11,80.0,47.0,40.0,28.21,25.0,1565.27,7.58,6.29,Rabi,Rainfed,Groundwater,12.36,No,38.71,South,Low,21.73
Rice,Flowering,Loamy,5.85,29.37,0.81,2.86,80.0,47.0,40.0,40.99,36.41,1586.96,10.46,1.81,Rabi,Drip,Reservoir,1.86,No,46.76,Central,Medium,50.6
Maize,Harvest,Loamy,6.8,50.78,0.63,2.12,76.0,48.5,20.0,15.13,68.56,803.69,6.22,17.39,Rabi,Sprinkler,Rainwater,10.91,Yes,100.47,North,Low,28.62
Rice,Vegetative,Silt,8.07,50.17,1.05,2.45,80.0,47.0,40.0,30.3,26.88,2367.42,8.73,10.28,Zaid,Sprinkler,River,0.58,No,52.0,Central,Medium,35.53
Rice,Vegetative,Clay,5.64,8.55,1.56,2.64,80.0,47.0,40.0,38.88,94.29,1269.96,6.95,12.31,Zaid,Rainfed,Rainwater,12.48,Yes,60.85,East,Medium,58.56
Maize,Harvest,Silt,6.22,21.8,1.13,0.41,76.0,48.5,20.0,33.27,52.89,221.13,6.93,11.25,Kharif,Canal,Reservoir,4.98,Yes,11.93,West,Medium,9.88
Rice,Flowering,Loamy,5.41,48.91,1.53,0.75,80.0,47.0,40.0,23.11,86.65,2212.9,4.5,12.97,Kharif,Sprinkler,Groundwater,7.78,No,37.01,East,Medium,28.63
Maize,Harvest,Loamy,7.14,16.16,0.8,3.47,76.0,48.5,20.0,25.26,26.99,453.05,4.12,7.77,Kharif,Rainfed,Rainwater,4.44,No,34.95,Central,Low,15.58
Cotton,Harvest,Clay,6.72,26.75,1.38,1.51,117.0,46.0,19.0,32.61,46.51,155.55,8.19,11.12,Rabi,Canal,Groundwater,10.74,Yes,36.84,North,Medium,30.66
Rice,Sowing,Clay,7.72,33.2,1.5,3.25,80.0,47.0,40.0,22.83,59.1,1455.77,8.3,18.68,Kharif,Rainfed,River,2.46,Yes,119.56,West,Low,62.16
Maize,Harvest,Silt,5.2,18.96,0.94,0.65,76.0,48.5,20.0,36.8,68.78,1364.99,7.67,8.03,Rabi,Drip,River,5.51,Yes,64.6,Central,Low,29.9
Rice,Sowing,Sandy,5.19,39.86,0.51,1.29,80.0,47.0,40.0,21.04,49.1,354.84,6.51,10.35,Rabi,Rainfed,Reservoir,7.97,No,10.75,North,Low,6.08
Maize,Sowing,Clay,8.01,57.65,0.89,2.86,76.0,48.5,20.0,19.18,90.22,2357.87,8.01,11.46,Kharif,Canal,Groundwater,1.99,No,88.74,East,Low,35.12
Rice,Sowing,Silt,5.28,18.55,1.43,1.57,80.0,47.0,40.0,37.3,44.22,1329.64,6.0,12.81,Zaid,Sprinkler,Groundwater,5.62,No,77.48,North,Medium,73.52
Maize,Vegetative,Silt,8.07,15.3,0.84,1.45,76.0,48.5,20.0,40.1,57.95,1991.15,5.04,15.96,Zaid,Drip,Rainwater,6.8,No,81.28,Central,High,102.68
Rice,Sowing,Sandy,7.87,53.93,0.83,1.04,80.0,47.0,40.0,16.97,45.73,649.86,9.02,4.18,Zaid,Rainfed,Reservoir,4.78,No,68.61,North,Low,27.58
Rice,Harvest,Silt,8.19,29.32,1.47,0.55,80.0,47.0,40.0,14.46,29.85,650.71,5.9,11.28,Rabi,Canal,Groundwater,1.76,Yes,44.24,South,Low,15.3
Maize,Harvest,Loamy,5.66,54.19,0.58,2.82,76.0,48.5,20.0,25.35,75.19,1653.96,10.71,17.28,Zaid,Canal,Rainwater,5.88,No,64.4,East,Low,19.72
Rice,Flowering,Clay,6.29,40.4,0.85,1.95,80.0,47.0,40.0,14.2,25.09,911.42,4.12,18.39,Zaid,Rainfed,River,3.91,Yes,119.88,West,Low,64.56
Cotton,Harvest,Clay,5.8,29.25,1.37,3.37,117.0,46.0,19.0,22.55,34.3,112.97,4.73,19.41,Kharif,Sprinkler,Groundwater,8.99,No,55.96,Central,Medium,42.67
Rice,Sowing,Silt,5.55,37.5,0.96,2.92,80.0,47.0,40.0,41.28,28.36,254.78,4.4,16.77,Rabi,Drip,Rainwater,2.26,No,21.55,North,Medium,23.14
Rice,Flowering,Sandy,7.77,59.61,0.89,3.24,80.0,47.0,40.0,17.14,72.33,192.11,5.64,10.56,Kharif,Drip,Reservoir,7.36,No,102.37,South,Medium,89.21
Rice,Harvest,Clay,7.2,40.84,0.53,2.96,80.0,47.0,40.0,33.32,41.63,1380.42,5.25,18.68,Kharif,Canal,Reservoir,9.05,Yes,6.56,East,Low,2.47
Cotton,Vegetative,Clay,7.01,22.93,1.14,1.18,117.0,46.0,19.0,40.49,43.32,1626.43,8.49,1.04,Rabi,Drip,River,7.65,Yes,32.18,South,Medium,30.57
Cotton,Harvest,Silt,7.02,42.64,1.09,1.86,117.0,46.0,19.0,30.9,39.99,1842.01,8.05,13.88,Kharif,Drip,Reservoir,12.37,Yes,71.43,Central,Low,25.87
Cotton,Vegetative,Loamy,8.05,40.83,0.39,2.04,117.0,46.0,19.0,22.89,82.29,1993.05,8.76,1.49,Rabi,Canal,River,14.38,No,27.27,East,Low,13.26
Cotton,Sowing,Loamy,4.81,30.62,0.38,0.76,117.0,46.0,19.0,33.58,48.3,372.71,10.43,18.91,Rabi,Sprinkler,Reservoir,1.17,No,24.04,West,Low,16.39
Cotton,Sowing,Sandy,7.97,50.73,0.68,2.58,117.0,46.0,19.0,19.88,49.91,1173.85,5.86,1.0,Zaid,Rainfed,Groundwater,1.28,Yes,0.43,West,Low,0.18
Cotton,Vegetative,Loamy,7.25,38.63,1.3,2.95,117.0,46.0,19.0,24.51,32.19,2428.11,8.1,10.89,Zaid,Drip,Groundwater,6.58,Yes,113.16,South,Low,57.06
Maize,Harvest,Sandy,7.4,34.34,0.83,3.27,76.0,48.5,20.0,25.57,59.76,1331.92,5.98,4.91,Rabi,Canal,Rainwater,7.52,Yes,38.97,West,Low,14.44
Cotton,Vegetative,Loamy,5.11,18.54,0.54,1.15,117.0,46.0,19.0,23.65,51.71,1275.07,7.91,12.99,Zaid,Rainfed,Rainwater,1.56,Yes,23.95,Central,Medium,19.96
Maize,Flowering,Loamy,6.39,36.98,1.16,2.49,76.0,48.5,20.0,15.86,73.3,582.43,10.51,17.24,Kharif,Canal,Groundwater,12.2,No,74.3,South,Medium,59.51
Maize,Harvest,Sandy,8.13,58.69,1.26,2.57,76.0,48.5,20.0,41.08,48.6,2.26,7.28,2.89,Kharif,Canal,Rainwater,12.62,No,62.22,West,Medium,45.67
Rice,Vegetative,Loamy,5.38,15.41,0.5,2.82,80.0,47.0,40.0,36.88,27.65,2164.05,10.77,10.68,Zaid,Drip,Rainwater,12.15,No,106.17,South,High,130.48
Maize,Sowing,Silt,5.87,15.43,0.43,2.66,76.0,48.5,20.0,14.01,58.45,2099.24,10.26,10.27,Kharif,Rainfed,Rainwater,0.83,Yes,99.56,Central,Low,53.0
Rice,Flowering,Sandy,5.85,29.24,1.18,0.26,80.0,47.0,40.0,22.36,29.29,2105.13,5.97,7.26,Zaid,Canal,Groundwater,1.03,No,0.45,South,Low,0.29
Maize,Sowing,Sandy,5.75,49.8,0.45,2.34,76.0,48.5,20.0,25.45,43.37,1966.78,5.98,10.84,Zaid,Canal,Groundwater,3.82,Yes,21.43,East,Low,9.81
Maize,Harvest,Sandy,8.11,31.11,1.49,1.73,76.0,48.5,20.0,35.94,42.11,2147.51,6.82,13.68,Kharif,Rainfed,Reservoir,7.24,No,12.31,East,Low,5.17
Rice,Flowering,Sandy,5.32,43.77,0.59,3.37,80.0,47.0,40.0,39.76,45.76,437.02,10.16,16.29,Kharif,Canal,Groundwater,8.95,Yes,13.39,South,Medium,13.88
Maize,Vegetative,Loamy,7.29,51.88,0.46,2.16,76.0,48.5,20.0,27.94,69.85,852.12,10.01,13.01,Zaid,Rainfed,Reservoir,13.6,Yes,12.7,East,Low,5.84
Rice,Vegetative,Loamy,4.8,39.25,0.56,2.17,80.0,47.0,40.0,26.87,73.79,1709.05,6.03,1.09,Zaid,Canal,River,14.82,No,55.73,North,Low,28.61
Rice,Flowering,Sandy,6.83,38.75,0.52,3.48,80.0,47.0,40.0,18.39,48.74,2307.83,7.79,11.93,Kharif,Rainfed,Groundwater,11.27,No,51.13,South,Medium,41.44
Maize,Flowering,Sandy,7.91,13.03,0.42,0.42,76.0,48.5,20.0,25.54,80.18,1667.27,7.33,2.21,Rabi,Drip,Rainwater,15.0,Yes,49.08,South,Medium,50.04
Maize,Vegetative,Sandy,5.78,31.41,1.34,1.04,76.0,48.5,20.0,39.71,54.25,519.87,8.55,11.52,Rabi,Rainfed,Reservoir,3.43,No,25.37,Central,Medium,22.55
Cotton,Sowing,Loamy,5.43,39.11,0.94,2.33,117.0,46.0,19.0,23.79,61.57,2361.66,5.5,7.83,Rabi,Sprinkler,Groundwater,7.02,No,51.78,North,Low,25.81
Cotton,Flowering,Sandy,7.02,34.33,0.81,1.17,117.0,46.0,19.0,18.32,35.19,1900.85,4.6,6.08,Rabi,Rainfed,Rainwater,12.01,No,15.6,North,Low,9.19
Rice,Sowing,Sandy,5.66,29.39,0.66,0.45,80.0,47.0,40.0,24.97,74.33,55.28,8.79,4.92,Zaid,Drip,Reservoir,9.44,Yes,119.27,West,Low,96.96
Maize,Sowing,Clay,8.05,48.89,0.61,1.16,76.0,48.5,20.0,34.76,28.79,634.05,9.24,3.17,Zaid,Rainfed,Groundwater,11.07,Yes,4.35,East,Low,2.2
Rice,Harvest,Sandy,7.94,30.53,0.95,0.36,80.0,47.0,40.0,29.53,35.0,2391.43,10.62,16.82,Rabi,Sprinkler,Rainwater,12.87,Yes,68.35,North,Low,27.19
Cotton,Sowing,Silt,6.35,21.26,0.68,1.99,117.0,46.0,19.0,31.95,56.2,721.51,6.95,5.25,Rabi,Rainfed,River,13.31,No,29.11,North,Medium,26.05
Rice,Vegetative,Sandy,6.24,26.91,1.31,2.06,80.0,47.0,40.0,18.11,77.56,2268.82,5.27,16.47,Zaid,Sprinkler,River,6.0,Yes,27.88,West,Low,14.54
Maize,Harvest,Silt,5.33,34.26,1.22,0.3,76.0,48.5,20.0,30.7,63.91,1394.17,9.36,8.92,Zaid,Rainfed,Groundwater,4.8,No,106.02,Central,Low,41.31
Rice,Harvest,Clay,6.63,25.86,0.45,2.2,80.0,47.0,40.0,16.38,64.03,599.06,9.7,1.42,Rabi,Rainfed,Rainwater,6.12,Yes,40.27,Central,Low,14.55
Maize,Flowering,Loamy,6.31,21.04,0.56,1.84,76.0,48.5,20.0,17.41,42.41,1891.39,6.09,7.2,Kharif,Sprinkler,Groundwater,12.98,Yes,34.11,South,Medium,31.71
Rice,Sowing,Silt,7.11,37.58,0.99,1.29,80.0,47.0,40.0,16.84,84.08,1804.5,6.29,8.51,Rabi,Canal,River,13.19,Yes,5.25,South,Low,2.47
Rice,Sowing,Loamy,6.96,46.33,0.72,1.24,80.0,47.0,40.0,34.25,85.99,1388.73,5.05,10.77,Rabi,Sprinkler,Groundwater,3.0,Yes,23.07,West,Low,11.89
Maize,Flowering,Silt,6.69,33.97,1.57,0.37,76.0,48.5,20.0,16.31,94.27,1353.82,8.97,6.23,Kharif,Canal,Groundwater,8.34,No,78.15,East,Low,45.21
Rice,Vegetative,Clay,5.9,37.14,0.96,3.27,80.0,47.0,40.0,15.23,86.43,1847.35,6.22,19.25,Kharif,Canal,River,0.95,No,11.75,West,Medium,7.78
Cotton,Harvest,Sandy,7.79,49.67,0.93,2.39,117.0,46.0,19.0,15.27,32.02,245.75,6.5,8.7,Kharif,Drip,Reservoir,7.58,Yes,29.15,South,Low,10.82
Rice,Harvest,Loamy,6.79,52.46,0.78,0.73,80.0,47.0,40.0,16.3,33.07,2219.99,7.16,2.5,Rabi,Rainfed,Reservoir,13.13,No,60.81,East,Low,17.25
Cotton,Vegetative,Loamy,7.09,62.9,0.65,0.27,117.0,46.0,19.0,31.35,57.43,1141.9,6.93,19.46,Rabi,Rainfed,Groundwater,13.18,Yes,22.37,East,Medium,13.47
Cotton,Vegetative,Sandy,7.53,36.41,1.53,2.9,117.0,46.0,19.0,39.28,67.89,345.07,10.55,5.97,Rabi,Canal,River,10.15,Yes,14.11,East,Low,9.87
Maize,Harvest,Loamy,7.04,43.1,0.71,1.21,76.0,48.5,20.0,36.78,88.38,630.24,9.67,13.31,Rabi,Canal,Reservoir,4.95,Yes,104.68,East,Low,39.84
Maize,Vegetative,Sandy,6.15,27.09,0.38,0.47,76.0,48.5,20.0,41.49,74.37,1811.62,4.63,3.31,Zaid,Sprinkler,Groundwater,12.55,No,26.97,South,Medium,24.78
Maize,Sowing,Sandy,6.55,46.66,0.52,2.94,76.0,48.5,20.0,29.34,83.98,1965.22,6.2,14.53,Rabi,Sprinkler,Rainwater,11.91,No,6.43,South,Low,3.15
Cotton,Flowering,Silt,6.07,32.95,1.06,2.42,117.0,46.0,19.0,21.15,47.3,149.7,7.62,19.71,Kharif,Sprinkler,Reservoir,7.53,No,6.92,North,Medium,8.41
Rice,Flowering,Sandy,6.12,56.76,1.31,3.2,80.0,47.0,40.0,24.65,66.5,2292.96,5.96,2.96,Zaid,Drip,Groundwater,12.94,Yes,88.75,North,Low,45.02
Cotton,Sowing,Silt,5.13,10.86,1.35,1.76,117.0,46.0,19.0,23.88,73.68,827.46,4.51,15.49,Rabi,Drip,River,9.48,Yes,105.88,West,Low,61.93
Cotton,Sowing,Sandy,5.11,56.57,1.02,0.31,117.0,46.0,19.0,36.89,43.52,307.64,4.64,16.13,Zaid,Drip,Rainwater,1.03,Yes,41.7,North,Low,24.26
Cotton,Sowing,Sandy,7.0,36.86,0.53,1.18,117.0,46.0,19.0,12.74,50.88,1189.89,5.9,7.0,Zaid,Drip,Reservoir,5.06,Yes,23.38,South,Low,10.83
Rice,Sowing,Silt,6.18,28.62,1.05,1.92,80.0,47.0,40.0,24.21,25.99,1302.79,7.58,7.17,Zaid,Rainfed,Groundwater,2.55,Yes,53.53,North,Low,29.33
Cotton,Sowing,Loamy,7.62,61.26,0.34,2.4,117.0,46.0,19.0,31.83,63.97,1308.77,4.62,2.96,Kharif,Sprinkler,Rainwater,7.44,No,16.67,North,Low,7.19
Rice,Vegetative,Loamy,5.38,52.47,0.34,1.29,80.0,47.0,40.0,28.31,89.83,2413.34,7.3,0.76,Rabi,Drip,Groundwater,3.6,No,116.73,East,Low,53.51
Cotton,Vegetative,Silt,7.85,44.7,1.24,1.26,117.0,46.0,19.0,15.81,40.0,1495.41,7.87,12.4,Rabi,Sprinkler,Rainwater,6.46,Yes,106.12,South,Low,46.17
Rice,Harvest,Silt,7.8,29.3,1.15,2.54,80.0,47.0,40.0,13.07,52.18,1300.58,10.5,18.18,Rabi,Drip,Groundwater,10.62,Yes,17.38,South,Low,6.01
Rice,Vegetative,Silt,6.64,58.23,1.58,2.07,80.0,47.0,40.0,16.88,67.04,1576.51,8.24,16.27,Kharif,Sprinkler,Rainwater,6.96,Yes,82.24,East,Low,31.55
Rice,Sowing,Loamy,6.32,45.18,1.1,0.37,80.0,47.0,40.0,23.0,58.92,592.12,7.68,15.61,Rabi,Drip,Rainwater,11.16,No,23.07,South,Low,10.78
Cotton,Harvest,Loamy,6.12,26.79,1.25,0.29,117.0,46.0,19.0,17.52,41.77,1571.23,10.34,1.5,Rabi,Sprinkler,Rainwater,0.93,No,20.61,Central,Low,7.48
Rice,Sowing,Silt,5.78,15.8,1.11,1.11,80.0,47.0,40.0,30.03,64.37,1671.53,4.74,3.36,Rabi,Sprinkler,Rainwater,0.86,No,98.02,North,Medium,86.99
Rice,Flowering,Clay,7.73,17.13,0.53,3.22,80.0,47.0,40.0,22.71,89.3,795.77,10.1,0.69,Kharif,Drip,Rainwater,6.97,No,93.1,North,Medium,92.24
Maize,Vegetative,Silt,7.1,47.46,0.66,0.59,76.0,48.5,20.0,20.58,50.52,74.83,5.18,3.21,Kharif,Canal,Reservoir,14.28,Yes,26.21,North,Medium,24.41
Cotton,Flowering,Clay,5.39,34.18,1.37,2.23,117.0,46.0,19.0,39.99,33.47,471.07,8.52,14.13,Kharif,Rainfed,Rainwater,2.53,No,106.5,Central,Medium,116.75
Maize,Vegetative,Silt,5.97,15.71,1.1,1.87,76.0,48.5,20.0,22.72,78.9,175.35,7.21,2.56,Zaid,Sprinkler,Reservoir,10.9,No,104.07,North,High,151.78
Cotton,Sowing,Sandy,7.41,47.92,0.6,1.69,117.0,46.0,19.0,17.41,89.06,497.88,6.54,17.52,Zaid,Rainfed,River,3.87,Yes,85.88,East,Low,37.89
Rice,Harvest,Silt,7.81,14.48,1.46,2.75,80.0,47.0,40.0,15.83,66.32,1201.67,5.16,7.49,Rabi,Drip,Groundwater,1.73,Yes,112.04,South,Low,42.14
Maize,Sowing,Silt,5.55,55.26,1.36,0.85,76.0,48.5,20.0,26.85,85.29,1547.62,4.35,2.46,Kharif,Drip,Reservoir,6.06,No,7.17,North,Low,3.15
Rice,Vegetative,Sandy,6.38,51.38,1.05,1.45,80.0,47.0,40.0,22.43,40.73,1548.12,5.92,13.72,Rabi,Drip,Groundwater,2.83,No,68.58,East,Medium,42.83
Rice,Flowering,Sandy,7.77,48.99,1.14,0.75,80.0,47.0,40.0,38.43,40.87,2479.97,5.87,19.51,Zaid,Rainfed,River,8.8,No,31.41,Central,Medium,28.07
Maize,Vegetative,Silt,7.39,46.11,0.91,1.1,76.0,48.5,20.0,26.2,40.81,2150.54,8.87,3.04,Zaid,Rainfed,River,10.88,Yes,9.12,North,Low,4.36
Cotton,Sowing,Sandy,6.54,50.64,1.14,0.75,117.0,46.0,19.0,38.66,86.59,597.15,7.68,12.2,Kharif,Canal,Rainwater,3.02,No,14.87,West,Low,7.64
Rice,Sowing,Clay,6.17,28.85,0.73,0.63,80.0,47.0,40.0,13.58,70.29,123.95,5.12,15.75,Kharif,Drip,Groundwater,7.84,Yes,81.4,West,Low,56.99
Maize,Flowering,Sandy,7.88,53.24,1.38,1.33,76.0,48.5,20.0,16.8,38.24,1999.05,5.55,19.31,Kharif,Drip,River,0.45,Yes,3.03,Central,Low,1.47
Rice,Sowing,Clay,6.65,60.75,0.53,2.66,80.0,47.0,40.0,34.53,29.45,1428.31,9.92,5.16,Zaid,Sprinkler,Groundwater,3.62,Yes,57.69,North,Low,25.66
Rice,Sowing,Silt,6.6,11.34,0.4,2.81,80.0,47.0,40.0,17.21,39.05,840.67,5.07,16.64,Rabi,Sprinkler,Reservoir,11.69,Yes,21.74,West,Low,11.86
Rice,Harvest,Silt,6.57,47.85,1.42,3.45,80.0,47.0,40.0,39.83,88.55,1783.37,7.62,9.78,Rabi,Drip,River,5.13,No,7.08,East,Low,2.65
Maize,Harvest,Sandy,6.22,27.04,1.15,2.63,76.0,48.5,20.0,26.2,48.27,248.17,10.96,8.46,Kharif,Drip,Rainwater,1.94,No,17.7,North,Low,9.01
Rice,Vegetative,Silt,5.33,44.63,0.75,3.31,80.0,47.0,40.0,15.25,48.24,314.98,5.14,4.96,Rabi,Drip,Groundwater,4.0,Yes,72.41,South,Low,38.08
Cotton,Vegetative,Clay,6.19,44.06,1.55,2.43,117.0,46.0,19.0,32.03,38.83,537.01,8.41,13.96,Zaid,Drip,River,10.67,No,43.48,East,Medium,32.05
Cotton,Vegetative,Silt,5.65,17.75,1.29,1.14,117.0,46.0,19.0,39.34,28.66,1358.54,7.94,19.11,Kharif,Canal,River,3.77,No,20.12,North,High,25.27
Maize,Flowering,Clay,6.98,61.06,1.05,1.72,76.0,48.5,20.0,13.52,59.14,788.15,5.33,1.73,Kharif,Sprinkler,Rainwater,6.63,Yes,45.06,South,Low,19.69
Rice,Vegetative,Silt,7.78,38.25,0.34,0.43,80.0,47.0,40.0,36.54,76.26,1661.24,4.37,3.4,Kharif,Sprinkler,Reservoir,0.72,No,116.89,Central,Medium,94.7
Rice,Flowering,Clay,7.9,19.84,1.35,0.31,80.0,47.0,40.0,30.34,92.9,868.33,7.08,17.75,Kharif,Drip,Rainwater,1.13,No,20.8,Central,High,28.88
Cotton,Vegetative,Clay,5.16,31.02,1.47,2.23,117.0,46.0,19.0,29.48,25.93,2022.4,5.76,18.93,Kharif,Rainfed,River,8.98,No,50.58,Central,Medium,40.87
Cotton,Sowing,Clay,8.03,42.54,0.4,1.94,117.0,46.0,19.0,16.61,90.09,1650.15,5.99,9.52,Rabi,Drip,River,13.29,No,49.93,South,Low,22.36
Cotton,Vegetative,Loamy,5.13,60.04,1.39,0.3,117.0,46.0,19.0,34.83,40.61,434.54,8.34,6.15,Rabi,Rainfed,River,11.55,Yes,41.72,East,Low,20.5
Cotton,Flowering,Sandy,4.85,29.5,0.84,3.11,117.0,46.0,19.0,41.04,75.09,2195.4,10.91,11.88,Zaid,Drip,Reservoir,13.39,No,22.1,North,Medium,23.89
Maize,Harvest,Loamy,6.86,49.76,0.43,2.74,76.0,48.5,20.0,15.27,52.03,2350.73,4.62,9.03,Kharif,Canal,Groundwater,1.65,No,20.89,West,Low,6.02
Cotton,Vegetative,Loamy,5.74,14.3,1.13,1.84,117.0,46.0,19.0,22.55,48.33,2128.74,6.58,3.89,Rabi,Sprinkler,Groundwater,11.21,No,93.04,South,Medium,76.69
Rice,Harvest,Silt,7.13,49.41,0.59,1.62,80.0,47.0,40.0,25.42,79.42,613.97,7.68,2.69,Rabi,Drip,Rainwater,13.21,No,46.55,Central,Low,14.98
Maize,Harvest,Silt,7.09,60.16,1.09,0.11,76.0,48.5,20.0,13.68,51.05,43.18,8.26,6.25,Rabi,Sprinkler,Rainwater,14.62,No,28.13,Central,Low,10.82
Maize,Harvest,Clay,4.92,50.29,0.8,0.97,76.0,48.5,20.0,39.65,29.57,1100.08,8.72,1.71,Rabi,Rainfed,Rainwater,11.17,No,77.2,North,Low,28.11
Maize,Flowering,Silt,6.19,48.7,0.44,2.92,76.0,48.5,20.0,26.89,27.57,50.1,5.61,9.67,Zaid,Canal,Reservoir,11.18,Yes,3.07,West,Medium,3.68
Cotton,Sowing,Sandy,7.52,43.76,1.27,1.71,117.0,46.0,19.0,38.59,62.39,571.07,7.06,7.39,Zaid,Canal,River,9.77,No,101.28,Central,Low,55.61
Cotton,Flowering,Sandy,6.35,35.42,0.8,0.24,117.0,46.0,19.0,35.59,53.62,1212.23,8.54,1.27,Zaid,Canal,Groundwater,2.78,No,99.93,Central,Medium,98.77
Cotton,Harvest,Clay,6.85,55.47,0.4,2.59,117.0,46.0,19.0,35.73,59.82,70.98,7.68,15.65,Zaid,Sprinkler,Groundwater,1.93,Yes,11.73,South,Medium,8.19
Maize,Sowing,Sandy,5.74,35.82,1.39,1.82,76.0,48.5,20.0,32.09,61.57,1352.87,6.97,4.36,Zaid,Canal,Rainwater,13.4,Yes,25.58,South,Low,14.23
Rice,Sowing,Silt,5.7,29.74,0.78,1.93,80.0,47.0,40.0,16.86,79.85,577.18,7.63,19.7,Rabi,Sprinkler,River,10.95,No,38.53,South,Low,19.37
Maize,Vegetative,Loamy,6.62,55.39,1.27,2.4,76.0,48.5,20.0,13.38,53.97,1447.37,6.73,3.39,Kharif,Sprinkler,Groundwater,7.21,No,78.88,South,Low,30.56
Cotton,Vegetative,Sandy,5.53,47.42,0.4,2.04,117.0,46.0,19.0,12.11,60.25,1041.95,10.57,12.37,Kharif,Rainfed,River,8.97,Yes,118.97,Central,Low,49.98
Rice,Sowing,Clay,6.2,22.86,1.02,3.37,80.0,47.0,40.0,16.73,94.78,1129.22,10.74,18.02,Rabi,Drip,Rainwater,6.86,Yes,88.32,West,Low,46.87
Rice,Harvest,Loamy,6.06,52.86,1.49,2.71,80.0,47.0,40.0,38.39,79.53,1526.58,6.96,11.36,Kharif,Canal,Rainwater,2.75,No,6.27,Central,Low,2.2
Rice,Vegetative,Sandy,6.63,55.83,0.59,1.77,80.0,47.0,40.0,29.81,26.76,1692.68,5.76,16.81,Kharif,Rainfed,Groundwater,14.12,Yes,40.34,East,Low,18.12
Rice,Vegetative,Silt,5.49,51.27,1.37,1.61,80.0,47.0,40.0,27.06,56.13,2093.61,5.9,4.08,Rabi,Sprinkler,Groundwater,0.78,Yes,79.83,South,Low,36.6
Rice,Vegetative,Silt,6.27,18.92,1.45,3.18,80.0,47.0,40.0,24.76,25.89,1565.48,8.33,2.32,Kharif,Sprinkler,Groundwater,5.64,No,78.07,West,Medium,65.81
Cotton,Harvest,Loamy,4.92,30.88,1.4,2.82,117.0,46.0,19.0,31.43,90.86,2167.36,5.92,2.92,Zaid,Drip,River,4.56,Yes,66.69,Central,Low,26.93
Cotton,Flowering,Sandy,6.68,15.0,0.95,0.34,117.0,46.0,19.0,18.67,75.39,1901.26,10.92,12.88,Rabi,Drip,Groundwater,11.37,Yes,95.01,West,Medium,90.24
Maize,Sowing,Clay,7.2,42.84,0.83,1.37,76.0,48.5,20.0,23.53,91.8,498.16,5.28,8.95,Rabi,Drip,Reservoir,8.52,Yes,7.84,North,Low,3.87
Cotton,Vegetative,Silt,5.4,64.87,1.56,3.06,117.0,46.0,19.0,17.99,80.87,691.6,8.24,7.95,Rabi,Canal,River,1.92,Yes,113.08,Central,Low,40.73
Cotton,Harvest,Clay,6.49,33.96,1.29,2.03,117.0,46.0,19.0,33.09,84.01,2390.78,6.85,17.87,Zaid,Canal,River,0.55,Yes,18.82,North,Low,7.52
Rice,Vegetative,Loamy,5.53,56.55,0.69,1.85,80.0,47.0,40.0,19.28,32.11,13.09,4.41,13.15,Rabi,Drip,Rainwater,10.84,No,37.37,North,Medium,32.64
Maize,Flowering,Clay,5.0,20.33,1.58,0.87,76.0,48.5,20.0,30.46,90.48,2156.2,6.81,3.15,Rabi,Drip,Rainwater,2.88,Yes,35.54,South,Medium,37.91
Rice,Flowering,Loamy,7.21,61.98,0.35,0.16,80.0,47.0,40.0,30.98,48.71,1122.25,8.6,10.32,Zaid,Rainfed,River,13.79,Yes,87.46,South,Medium,63.64
Cotton,Vegetative,Clay,6.61,46.97,1.54,2.75,117.0,46.0,19.0,30.74,35.33,2297.0,8.97,8.48,Rabi,Rainfed,Rainwater,7.81,Yes,17.92,South,Low,8.88
Cotton,Harvest,Sandy,4.83,18.06,1.0,3.28,117.0,46.0,19.0,22.57,54.65,2101.21,9.04,3.86,Kharif,Rainfed,Groundwater,1.83,No,20.32,Central,Low,8.21
Cotton,Vegetative,Silt,7.55,49.13,0.81,3.49,117.0,46.0,19.0,13.99,84.02,741.44,7.51,5.48,Rabi,Rainfed,River,14.86,Yes,111.3,North,Low,45.97
Rice,Flowering,Clay,5.4,43.23,0.84,2.36,80.0,47.0,40.0,33.47,62.23,1602.91,9.74,10.11,Zaid,Canal,River,6.29,Yes,96.6,West,Medium,87.26
Cotton,Harvest,Loamy,6.86,13.22,1.14,1.5,117.0,46.0,19.0,41.62,56.58,808.0,5.51,1.74,Rabi,Rainfed,Reservoir,12.95,Yes,2.11,South,Low,1.0
Maize,Sowing,Silt,5.95,14.45,1.16,1.72,76.0,48.5,20.0,34.2,47.33,1307.36,7.6,7.38,Rabi,Sprinkler,Rainwater,11.63,No,42.96,East,Medium,39.64
Rice,Vegetative,Loamy,6.79,14.18,0.5,0.79,80.0,47.0,40.0,37.32,35.99,2020.79,5.47,4.6,Kharif,Drip,Reservoir,4.06,Yes,41.86,West,Medium,39.73
Rice,Harvest,Sandy,5.87,49.29,0.95,0.44,80.0,47.0,40.0,26.29,94.31,453.17,6.0,3.91,Kharif,Sprinkler,River,12.7,Yes,57.33,East,Low,20.0
Maize,Vegetative,Loamy,5.56,34.66,0.88,2.84,76.0,48.5,20.0,33.8,46.83,2245.84,8.81,3.23,Zaid,Canal,Rainwater,13.87,No,64.06,East,Medium,52.25
Cotton,Sowing,Loamy,6.26,39.38,0.71,1.53,117.0,46.0,19.0,23.65,61.44,2235.3,4.48,7.8,Zaid,Canal,River,9.78,No,49.66,Central,Low,24.66
Cotton,Vegetative,Silt,7.04,48.27,0.58,1.99,117.0,46.0,19.0,33.09,46.97,1296.16,9.1,2.48,Rabi,Sprinkler,Rainwater,5.76,No,49.85,West,Medium,35.63
Rice,Sowing,Sandy,5.7,47.03,0.46,3.19,80.0,47.0,40.0,39.14,94.49,1919.25,7.44,17.99,Zaid,Sprinkler,Reservoir,7.49,No,95.83,South,Low,51.25
Cotton,Vegetative,Silt,4.84,37.38,0.79,0.57,117.0,46.0,19.0,26.59,68.34,1117.14,7.21,10.21,Zaid,Sprinkler,Rainwater,6.61,Yes,72.92,West,Low,37.96
Maize,Flowering,Silt,6.56,34.47,1.0,0.91,76.0,48.5,20.0,40.85,45.66,1150.41,6.89,10.34,Rabi,Sprinkler,River,11.96,No,40.3,North,Medium,41.76
Cotton,Harvest,Silt,6.4,22.78,1.55,2.27,117.0,46.0,19.0,37.82,83.77,1328.68,10.5,1.17,Rabi,Drip,Rainwater,12.12,No,12.39,Central,Medium,8.09
Rice,Vegetative,Sandy,6.75,50.37,1.38,1.4,80.0,47.0,40.0,28.14,93.86,771.9,5.18,14.78,Zaid,Rainfed,Reservoir,10.96,No,81.61,North,Medium,54.51
Maize,Sowing,Loamy,7.62,56.28,0.33,3.01,76.0,48.5,20.0,28.44,34.67,304.28,10.93,11.33,Zaid,Sprinkler,Rainwater,5.82,Yes,49.21,East,Low,26.62
Maize,Vegetative,Clay,5.69,10.57,0.57,1.84,76.0,48.5,20.0,18.04,71.59,1291.0,7.01,4.1,Kharif,Canal,Groundwater,9.96,No,27.68,Central,Medium,21.76
Maize,Sowing,Clay,6.52,29.98,1.01,1.49,76.0,48.5,20.0,20.37,67.15,1392.34,5.19,18.82,Zaid,Sprinkler,Rainwater,12.77,No,86.8,Central,Low,45.21
Maize,Vegetative,Silt,6.51,54.55,1.38,3.23,76.0,48.5,20.0,36.29,67.44,1299.62,8.93,18.23,Zaid,Canal,Reservoir,2.14,Yes,118.84,North,Medium,82.06
Cotton,Sowing,Clay,7.26,34.27,1.28,0.88,117.0,46.0,19.0,16.9,51.29,376.79,7.95,18.32,Kharif,Rainfed,Reservoir,7.05,Yes,33.52,East,Low,18.69
Maize,Flowering,Loamy,7.54,55.02,1.36,1.13,76.0,48.5,20.0,28.59,41.94,2458.88,5.73,7.64,Zaid,Rainfed,Reservoir,14.01,Yes,24.23,West,Low,13.02
Cotton,Sowing,Sandy,5.78,47.88,0.59,0.65,117.0,46.0,19.0,24.48,58.67,2287.79,5.64,18.85,Kharif,Drip,River,8.94,No,66.69,South,Low,30.83
Maize,Harvest,Sandy,7.06,63.14,1.25,3.25,76.0,48.5,20.0,29.13,51.33,2482.76,10.93,16.46,Rabi,Canal,Rainwater,11.18,No,112.04,East,Low,32.28
Rice,Sowing,Sandy,7.82,12.42,1.17,1.63,80.0,47.0,40.0,20.39,31.7,2055.75,9.74,7.11,Kharif,Sprinkler,Groundwater,14.96,Yes,29.74,West,Low,16.78
Cotton,Harvest,Loamy,7.67,48.66,0.46,2.83,117.0,46.0,19.0,39.58,48.53,821.84,6.65,7.47,Rabi,Rainfed,River,12.18,No,47.54,East,Low,17.58
Rice,Vegetative,Silt,7.8,22.32,0.36,1.59,80.0,47.0,40.0,33.09,92.75,387.55,6.45,8.95,Kharif,Drip,River,13.51,No,25.07,West,Medium,25.66
Rice,Flowering,Clay,7.36,53.53,0.86,2.29,80.0,47.0,40.0,40.73,42.62,1995.88,5.5,13.5,Kharif,Sprinkler,Reservoir,9.05,Yes,115.27,Central,Medium,99.75
Maize,Harvest,Silt,5.55,63.96,0.68,0.51,76.0,48.5,20.0,32.85,72.98,1666.58,7.83,11.99,Zaid,Sprinkler,River,11.36,Yes,102.44,West,Low,30.28
Cotton,Vegetative,Clay,7.74,8.58,0.92,2.59,117.0,46.0,19.0,32.1,89.88,1934.78,9.75,5.52,Zaid,Rainfed,Reservoir,8.88,Yes,108.25,East,Medium,97.97
Cotton,Flowering,Loamy,6.17,9.75,1.23,0.26,117.0,46.0,19.0,38.13,27.01,2373.82,4.49,1.86,Kharif,Rainfed,Groundwater,5.7,Yes,57.34,North,Medium,65.78
Maize,Flowering,Sandy,5.77,36.7,1.28,1.96,76.0,48.5,20.0,37.6,83.45,2307.53,6.87,3.99,Kharif,Rainfed,Reservoir,8.78,No,60.0,Central,Medium,59.71
Maize,Flowering,Silt,7.33,57.13,0.32,1.96,76.0,48.5,20.0,26.4,65.93,1219.14,9.27,17.0,Rabi,Rainfed,Rainwater,11.45,No,65.22,East,Medium,47.91
Maize,Flowering,Sandy,5.66,43.12,0.49,3.41,76.0,48.5,20.0,15.33,35.09,2356.11,5.31,5.11,Kharif,Sprinkler,Rainwater,12.41,No,71.41,Central,Low,37.64
Rice,Vegetative,Loamy,6.11,36.5,0.76,1.63,80.0,47.0,40.0,26.71,26.27,1380.12,6.69,9.53,Rabi,Drip,Rainwater,0.43,No,110.57,West,Low,58.08
Maize,Sowing,Clay,5.11,60.24,0.55,1.89,76.0,48.5,20.0,35.57,73.26,802.52,9.07,14.07,Rabi,Sprinkler,Reservoir,5.22,Yes,6.7,North,Low,3.03
Rice,Harvest,Silt,6.81,30.11,1.03,1.82,80.0,47.0,40.0,34.97,65.06,2365.18,4.75,9.95,Rabi,Sprinkler,Rainwater,8.57,No,48.42,North,Low,20.33
Cotton,Vegetative,Clay,6.56,9.45,0.55,0.84,117.0,46.0,19.0,12.21,89.56,1663.21,6.39,13.11,Rabi,Drip,Rainwater,2.59,Yes,70.51,East,Medium,53.62
Cotton,Harvest,Clay,6.52,59.29,0.41,1.39,117.0,46.0,19.0,14.42,91.05,1916.19,8.95,10.81,Kharif,Sprinkler,Rainwater,12.54,Yes,117.99,North,Low,30.68
Rice,Harvest,Sandy,5.22,17.61,0.51,1.92,80.0,47.0,40.0,24.0,89.62,206.9,8.87,19.98,Kharif,Canal,Rainwater,14.47,Yes,65.69,Central,Medium,51.02
Maize,Flowering,Clay,6.87,10.88,1.03,2.08,76.0,48.5,20.0,35.86,94.58,1869.37,6.18,9.96,Rabi,Canal,River,2.4,Yes,108.97,West,Medium,122.5
Maize,Sowing,Sandy,5.47,39.55,0.69,3.4,76.0,48.5,20.0,34.52,43.72,1463.11,4.06,6.27,Zaid,Drip,Rainwater,13.12,Yes,56.43,East,Low,31.06
Maize,Flowering,Sandy,5.39,15.62,0.83,0.67,76.0,48.5,20.0,31.25,92.36,715.48,8.23,15.66,Zaid,Drip,Rainwater,7.79,No,29.0,North,High,40.62
Cotton,Flowering,Clay,7.71,20.39,1.12,2.96,117.0,46.0,19.0,30.71,65.89,218.7,5.09,5.72,Kharif,Canal,River,8.59,Yes,73.49,Central,High,134.17
Rice,Vegetative,Clay,5.58,20.75,0.62,2.45,80.0,47.0,40.0,25.07,92.95,1750.05,4.55,7.41,Kharif,Rainfed,River,10.48,No,29.07,West,Medium,24.44
Rice,Vegetative,Loamy,5.91,23.68,0.94,2.33,80.0,47.0,40.0,27.93,28.46,1107.23,4.39,15.71,Rabi,Drip,Groundwater,4.04,Yes,98.47,West,Medium,83.22
Rice,Harvest,Clay,5.51,41.45,0.93,1.6,80.0,47.0,40.0,41.65,43.85,1325.91,4.6,12.46,Kharif,Canal,Groundwater,4.43,No,113.83,West,Low,45.26
Maize,Vegetative,Loamy,7.08,21.79,0.58,0.52,76.0,48.5,20.0,25.45,81.52,1929.8,4.39,10.99,Zaid,Rainfed,Groundwater,5.5,Yes,94.99,Central,Medium,79.52
Maize,Vegetative,Silt,7.86,26.92,1.33,0.76,76.0,48.5,20.0,14.57,36.79,1424.9,10.59,13.28,Kharif,Sprinkler,Groundwater,11.06,No,3.35,North,Medium,2.41
Maize,Flowering,Sandy,7.53,52.9,0.53,2.41,76.0,48.5,20.0,24.66,75.0,2401.92,5.86,16.34,Kharif,Drip,Reservoir,4.84,Yes,91.19,East,Low,48.18
Rice,Vegetative,Silt,5.38,56.09,0.36,3.21,80.0,47.0,40.0,41.58,47.44,754.49,7.97,15.32,Zaid,Rainfed,Groundwater,12.09,No,81.5,Central,Medium,57.21
Cotton,Sowing,Loamy,5.67,41.91,1.49,0.36,117.0,46.0,19.0,17.21,87.45,1442.37,10.99,17.56,Rabi,Rainfed,River,14.34,No,26.79,East,Low,12.15
Cotton,Sowing,Silt,6.69,50.7,0.66,2.5,117.0,46.0,19.0,17.05,26.04,677.81,7.6,6.99,Kharif,Canal,River,10.67,No,13.73,Central,Low,5.71
Maize,Sowing,Silt,5.23,50.51,1.39,1.52,76.0,48.5,20.0,37.57,93.77,1104.43,6.93,15.23,Zaid,Sprinkler,River,3.34,Yes,80.13,Central,Low,40.83
Rice,Harvest,Silt,5.95,54.86,1.34,1.57,80.0,47.0,40.0,22.84,38.39,86.85,9.77,11.31,Rabi,Sprinkler,Rainwater,8.08,No,63.53,South,Medium,39.0
Maize,Sowing,Silt,5.85,13.68,1.11,1.18,76.0,48.5,20.0,12.54,31.63,1306.94,6.14,4.22,Zaid,Rainfed,Rainwater,1.54,No,27.51,East,Low,14.64
Maize,Vegetative,Silt,7.04,50.37,0.95,2.03,76.0,48.5,20.0,29.77,80.39,104.1,5.26,11.93,Rabi,Drip,River,3.54,Yes,11.05,North,Medium,10.73
Maize,Harvest,Loamy,6.73,58.52,0.79,0.61,76.0,48.5,20.0,15.18,38.38,232.16,4.01,6.44,Rabi,Drip,Reservoir,5.33,Yes,101.29,East,Low,34.61
Maize,Sowing,Loamy,6.4,45.1,0.59,1.58,76.0,48.5,20.0,12.23,60.55,243.66,6.25,0.92,Rabi,Drip,Rainwater,3.54,Yes,112.68,West,Low,62.37
Cotton,Flowering,Sandy,7.29,61.29,1.46,3.48,117.0,46.0,19.0,28.56,73.47,749.54,7.91,9.76,Kharif,Rainfed,Reservoir,1.38,Yes,0.92,North,Low,0.46
Maize,Flowering,Sandy,7.07,32.7,1.5,0.62,76.0,48.5,20.0,30.45,81.95,184.24,9.41,10.25,Rabi,Rainfed,Rainwater,2.97,No,20.63,South,High,34.92
Maize,Flowering,Silt,7.85,41.91,0.76,1.17,76.0,48.5,20.0,32.16,46.4,2230.29,5.63,0.7,Zaid,Rainfed,Reservoir,3.7,Yes,1.33,North,Low,0.84
Rice,Flowering,Clay,6.29,14.55,1.14,2.71,80.0,47.0,40.0,35.8,61.01,2469.77,5.53,9.19,Kharif,Rainfed,River,4.47,Yes,48.26,East,Medium,54.22
Rice,Flowering,Loamy,6.17,41.1,0.59,2.48,80.0,47.0,40.0,22.91,89.43,1852.6,7.94,10.46,Zaid,Sprinkler,Groundwater,1.82,No,19.44,South,Medium,16.17
Rice,Sowing,Sandy,5.27,47.44,0.49,0.95,80.0,47.0,40.0,29.57,86.95,1107.01,10.62,7.63,Rabi,Drip,Groundwater,14.31,No,70.63,North,Low,34.47
Maize,Harvest,Silt,7.4,37.19,0.85,3.25,76.0,48.5,20.0,20.9,88.82,1116.66,8.97,13.44,Rabi,Canal,Reservoir,9.58,No,107.74,Central,Low,37.12
Rice,Sowing,Loamy,8.17,32.07,1.27,3.18,80.0,47.0,40.0,38.11,59.29,2199.16,4.31,16.83,Rabi,Rainfed,Rainwater,11.45,No,15.48,South,Low,9.4
Maize,Sowing,Loamy,7.13,22.44,1.48,2.14,76.0,48.5,20.0,17.11,78.38,1874.16,4.9,10.96,Zaid,Sprinkler,Reservoir,8.29,No,92.94,East,Medium,70.98
Cotton,Sowing,Silt,7.41,22.61,1.46,3.1,117.0,46.0,19.0,12.46,47.82,667.04,4.3,9.92,Zaid,Sprinkler,River,13.07,No,58.55,North,Low,30.54
Cotton,Flowering,Sandy,6.17,62.7,0.49,1.99,117.0,46.0,19.0,31.59,54.42,312.5,5.07,3.65,Kharif,Sprinkler,Rainwater,2.09,No,55.75,South,Medium,49.28
Rice,Harvest,Sandy,5.98,12.05,1.37,1.82,80.0,47.0,40.0,28.65,27.27,1942.45,8.26,7.8,Kharif,Sprinkler,Groundwater,0.73,No,58.8,West,Low,25.23
Maize,Sowing,Sandy,7.03,36.07,1.39,0.97,76.0,48.5,20.0,14.91,30.3,1774.9,5.17,1.03,Kharif,Rainfed,Rainwater,4.67,Yes,72.22,East,Low,33.69
Cotton,Vegetative,Silt,7.21,12.87,1.27,3.01,117.0,46.0,19.0,37.61,65.12,440.43,10.33,19.09,Rabi,Rainfed,Groundwater,12.32,Yes,14.3,East,Medium,14.79
Rice,Flowering,Silt,6.01,15.18,1.13,3.02,80.0,47.0,40.0,19.72,79.23,38.72,7.58,7.03,Zaid,Drip,Rainwater,3.37,Yes,103.64,East,Medium,149.19
Maize,Harvest,Clay,6.76,20.78,0.71,1.04,76.0,48.5,20.0,38.21,79.07,1577.91,7.7,9.87,Zaid,Drip,Rainwater,7.35,Yes,74.5,West,Low,34.71
Rice,Vegetative,Loamy,8.18,23.88,1.49,1.4,80.0,47.0,40.0,25.43,34.86,163.49,4.96,18.15,Zaid,Rainfed,Reservoir,0.38,No,59.73,East,High,87.63
Maize,Sowing,Silt,5.23,33.3,0.6,2.86,76.0,48.5,20.0,34.79,43.15,2477.43,5.19,11.51,Kharif,Canal,Reservoir,4.92,No,15.85,South,Low,9.24
Maize,Flowering,Sandy,7.79,46.61,0.77,2.12,76.0,48.5,20.0,24.59,79.77,951.2,8.42,11.51,Kharif,Canal,Reservoir,14.19,No,117.99,West,Medium,94.76
Rice,Flowering,Silt,7.01,48.22,1.03,1.92,80.0,47.0,40.0,19.47,42.69,417.79,8.04,2.78,Kharif,Rainfed,Rainwater,9.29,No,23.02,Central,Low,13.41
Rice,Harvest,Sandy,6.13,58.03,0.43,0.67,80.0,47.0,40.0,21.69,87.51,1998.01,6.86,0.74,Kharif,Canal,Reservoir,10.91,No,48.47,Central,Low,13.73
Cotton,Flowering,Silt,5.97,58.73,1.3,1.24,117.0,46.0,19.0,28.0,62.0,1459.12,9.45,7.38,Zaid,Drip,River,1.85,No,24.66,East,Low,12.66
Rice,Harvest,Loamy,6.2,38.52,0.78,1.64,80.0,47.0,40.0,25.86,92.58,2159.73,5.84,1.91,Kharif,Drip,Reservoir,0.9,No,68.56,North,Low,24.55
Cotton,Vegetative,Clay,8.01,38.86,1.15,2.21,117.0,46.0,19.0,31.61,60.57,978.06,9.76,18.75,Rabi,Sprinkler,Rainwater,3.46,Yes,57.17,East,Medium,44.03
Cotton,Sowing,Loamy,4.94,59.65,0.36,2.95,117.0,46.0,19.0,33.1,59.03,1840.22,6.84,10.75,Rabi,Canal,Groundwater,1.6,No,70.36,South,Low,31.27
Maize,Sowing,Loamy,6.79,30.66,1.35,1.2,76.0,48.5,20.0,26.15,35.44,33.48,7.83,10.0,Kharif,Rainfed,Groundwater,10.45,Yes,102.55,West,Low,84.72
Maize,Sowing,Sandy,5.62,58.28,0.56,2.01,76.0,48.5,20.0,18.39,62.37,1711.04,4.61,11.43,Kharif,Sprinkler,Reservoir,1.39,No,90.44,East,Low,35.25
Rice,Sowing,Loamy,4.86,44.88,1.18,0.81,80.0,47.0,40.0,26.14,84.67,239.9,5.32,3.2,Zaid,Drip,River,9.85,No,93.26,West,Low,58.31
Rice,Flowering,Loamy,7.29,57.57,0.91,0.58,80.0,47.0,40.0,17.0,77.11,1836.63,8.71,16.6,Zaid,Canal,Groundwater,7.45,Yes,71.03,West,Low,32.98
Cotton,Flowering,Silt,7.97,52.23,1.49,1.3,117.0,46.0,19.0,14.09,86.55,1367.16,9.1,13.42,Kharif,Sprinkler,Groundwater,10.84,Yes,48.68,East,Low,23.39
Maize,Flowering,Silt,7.03,43.92,0.81,0.26,76.0,48.5,20.0,21.51,87.72,250.19,8.42,12.27,Kharif,Canal,Rainwater,9.45,Yes,94.12,East,Medium,96.34
Maize,Flowering,Sandy,6.4,11.27,0.74,1.02,76.0,48.5,20.0,27.01,53.25,702.4,8.62,8.28,Kharif,Canal,Rainwater,10.22,No,21.78,North,Medium,22.53
Maize,Harvest,Clay,4.9,15.92,0.75,2.24,76.0,48.5,20.0,28.3,72.45,261.34,9.41,1.73,Kharif,Canal,Reservoir,10.68,Yes,61.09,Central,Medium,47.42
Rice,Flowering,Clay,7.15,33.73,0.82,2.99,80.0,47.0,40.0,27.36,46.48,627.16,5.69,4.5,Rabi,Drip,River,13.28,Yes,29.22,East,Low,18.99
Cotton,Sowing,Sandy,5.22,52.62,1.22,1.94,117.0,46.0,19.0,24.15,53.01,1235.32,5.87,19.86,Zaid,Sprinkler,River,3.65,Yes,52.16,West,Low,22.91
Rice,Harvest,Clay,5.02,63.64,0.87,0.2,80.0,47.0,40.0,28.01,55.6,802.45,10.72,3.42,Rabi,Rainfed,Rainwater,10.96,Yes,105.7,South,Low,29.95
Cotton,Vegetative,Silt,6.75,25.96,0.82,0.52,117.0,46.0,19.0,34.74,34.85,2148.48,5.52,18.08,Kharif,Drip,River,13.91,Yes,106.51,South,Medium,94.24
Cotton,Harvest,Silt,6.52,23.66,0.67,0.43,117.0,46.0,19.0,18.65,41.56,1337.96,8.36,2.97,Rabi,Drip,River,3.59,No,115.38,Central,Low,43.48
Rice,Sowing,Silt,7.16,18.63,1.31,3.0,80.0,47.0,40.0,19.09,80.71,1863.18,5.58,13.19,Kharif,Rainfed,Rainwater,1.0,No,32.63,North,Medium,25.94
Maize,Vegetative,Clay,5.26,27.77,1.1,1.9,76.0,48.5,20.0,39.24,49.5,1952.36,9.1,11.33,Kharif,Sprinkler,Groundwater,6.76,Yes,68.41,Central,Medium,62.09
Maize,Sowing,Clay,7.08,47.84,1.08,2.78,76.0,48.5,20.0,12.48,88.7,667.32,10.24,14.32,Zaid,Canal,Reservoir,12.22,Yes,97.65,South,Low,40.85
Maize,Harvest,Silt,4.81,13.14,0.47,0.27,76.0,48.5,20.0,14.04,71.52,1763.1,7.33,18.1,Kharif,Sprinkler,River,4.35,Yes,59.65,South,Low,22.23
Cotton,Flowering,Sandy,5.12,13.98,0.96,3.21,117.0,46.0,19.0,41.6,25.15,360.71,9.73,2.89,Kharif,Sprinkler,Groundwater,3.76,Yes,81.16,Central,Medium,110.59
Maize,Harvest,Clay,5.93,64.47,1.2,0.31,76.0,48.5,20.0,18.49,36.63,2357.18,7.76,8.95,Kharif,Sprinkler,Reservoir,8.71,Yes,21.62,East,Low,5.51
Cotton,Flowering,Clay,5.53,12.79,0.98,3.26,117.0,46.0,19.0,29.65,27.32,52.25,10.82,3.53,Rabi,Sprinkler,River,8.81,No,117.63,West,High,240.95
Rice,Vegetative,Loamy,6.79,8.29,0.82,0.47,80.0,47.0,40.0,20.38,66.72,2171.27,6.56,6.09,Rabi,Sprinkler,Rainwater,6.2,No,98.01,North,Medium,78.99
Rice,Harvest,Silt,6.31,31.29,1.23,3.06,80.0,47.0,40.0,22.21,53.64,705.76,9.61,13.46,Zaid,Rainfed,Groundwater,9.64,No,65.62,South,Low,24.12
Cotton,Flowering,Silt,5.89,26.93,1.39,0.24,117.0,46.0,19.0,12.79,53.06,567.3,7.25,4.04,Kharif,Sprinkler,River,6.05,Yes,6.44,Central,Low,3.89
Cotton,Harvest,Loamy,7.56,55.69,1.32,0.17,117.0,46.0,19.0,27.94,29.72,2294.17,5.02,1.12,Zaid,Canal,Groundwater,0.91,Yes,93.58,South,Low,28.94
Rice,Harvest,Sandy,7.17,49.86,0.66,3.09,80.0,47.0,40.0,19.43,28.77,1133.15,7.02,2.99,Rabi,Canal,River,11.17,Yes,93.66,East,Low,28.21
Rice,Flowering,Clay,5.86,61.61,1.45,1.15,80.0,47.0,40.0,16.05,30.99,358.83,9.34,3.35,Zaid,Drip,Groundwater,11.86,No,112.16,Central,Low,57.68
Rice,Flowering,Silt,5.73,25.45,0.87,1.42,80.0,47.0,40.0,41.63,32.99,1874.16,5.8,5.0,Rabi,Canal,Groundwater,13.06,Yes,84.07,North,Low,65.75
Rice,Sowing,Clay,7.63,34.41,1.27,2.6,80.0,47.0,40.0,31.81,43.3,697.21,10.47,5.95,Rabi,Drip,River,0.64,No,89.94,East,Low,50.52
Rice,Vegetative,Silt,8.13,36.39,1.13,1.26,80.0,47.0,40.0,35.32,70.99,2368.74,8.88,4.9,Zaid,Sprinkler,Reservoir,1.84,No,13.47,South,Medium,10.97
Rice,Sowing,Sandy,6.48,38.91,0.84,0.6,80.0,47.0,40.0,13.95,32.86,2337.98,10.15,8.9,Zaid,Sprinkler,River,6.47,No,107.13,East,Low,48.73
Maize,Vegetative,Silt,4.83,25.14,1.18,2.64,76.0,48.5,20.0,12.45,88.72,1648.8,5.97,15.43,Rabi,Rainfed,Groundwater,12.97,No,75.09,West,Medium,54.85
Rice,Sowing,Sandy,6.77,40.94,1.14,2.79,80.0,47.0,40.0,23.85,38.48,1828.48,4.07,14.38,Rabi,Rainfed,Groundwater,4.25,No,91.34,North,Low,44.8
Maize,Vegetative,Sandy,8.01,35.19,1.2,1.76,76.0,48.5,20.0,23.53,66.32,1729.23,4.63,14.96,Kharif,Sprinkler,Rainwater,12.66,No,79.74,Central,Medium,58.63
Rice,Flowering,Silt,7.45,60.55,0.82,2.3,80.0,47.0,40.0,18.46,58.16,1907.67,4.41,0.7,Rabi,Canal,Reservoir,9.2,No,108.25,East,Low,49.41
Rice,Flowering,Sandy,7.37,35.39,0.69,3.05,80.0,47.0,40.0,21.73,57.0,357.8,10.27,15.79,Rabi,Rainfed,Reservoir,2.21,Yes,67.59,South,Low,47.93
Rice,Harvest,Silt,6.93,33.01,1.14,2.34,80.0,47.0,40.0,12.0,38.43,157.98,9.34,9.64,Rabi,Canal,Groundwater,7.89,Yes,94.62,West,Low,43.68
Cotton,Flowering,Clay,6.94,52.46,1.38,1.91,117.0,46.0,19.0,38.97,54.12,1585.16,6.98,5.06,Rabi,Canal,River,1.49,Yes,46.92,North,Low,28.48
Maize,Vegetative,Clay,6.68,37.26,1.23,0.68,76.0,48.5,20.0,13.55,72.16,1432.02,6.98,15.83,Zaid,Rainfed,Groundwater,13.29,Yes,47.0,Central,Low,21.7
Maize,Sowing,Sandy,5.53,44.72,1.4,2.68,76.0,48.5,20.0,30.37,77.91,184.08,7.6,5.47,Rabi,Sprinkler,Groundwater,12.27,Yes,48.58,West,Low,33.09
Maize,Flowering,Loamy,6.44,36.01,0.9,2.41,76.0,48.5,20.0,36.4,60.65,1648.83,10.81,16.15,Kharif,Rainfed,Groundwater,6.45,No,99.07,West,Medium,98.13
Rice,Harvest,Silt,6.55,28.21,0.65,1.76,80.0,47.0,40.0,20.61,79.86,1674.03,10.14,1.22,Zaid,Drip,River,5.53,No,66.09,Central,Low,24.51
Rice,Harvest,Silt,6.31,36.21,0.38,1.26,80.0,47.0,40.0,34.3,49.97,1441.76,7.03,6.73,Kharif,Rainfed,Reservoir,12.86,Yes,4.29,Central,Low,1.7
Maize,Vegetative,Clay,6.74,64.7,1.1,0.69,76.0,48.5,20.0,17.06,51.37,2344.75,5.5,12.12,Zaid,Sprinkler,Rainwater,10.67,Yes,46.4,West,Low,16.58
Maize,Harvest,Clay,4.93,11.88,1.09,1.43,76.0,48.5,20.0,22.2,26.4,1879.61,5.41,7.5,Rabi,Rainfed,Reservoir,6.01,Yes,104.56,North,Low,42.08
Maize,Harvest,Loamy,6.89,46.91,1.01,1.59,76.0,48.5,20.0,33.41,76.14,896.7,4.14,9.46,Zaid,Rainfed,River,14.4,No,34.56,North,Low,12.3
Rice,Vegetative,Silt,6.82,28.16,1.3,2.81,80.0,47.0,40.0,15.86,69.1,366.58,10.13,17.39,Rabi,Canal,Reservoir,5.04,No,94.04,South,Medium,78.66
Maize,Harvest,Clay,6.82,50.15,0.95,2.28,76.0,48.5,20.0,20.27,46.61,365.42,8.52,7.07,Kharif,Drip,Rainwater,9.59,No,84.4,West,Low,29.76
Rice,Vegetative,Clay,5.36,36.17,0.76,0.74,80.0,47.0,40.0,19.03,42.04,2297.61,8.53,2.23,Kharif,Canal,Groundwater,4.7,No,11.76,North,Low,5.73
Rice,Sowing,Sandy,5.22,9.63,1.51,1.04,80.0,47.0,40.0,27.56,76.88,1399.68,9.52,18.54,Rabi,Sprinkler,River,1.2,Yes,36.29,Central,Low,22.02
Cotton,Harvest,Sandy,5.38,36.48,1.1,0.39,117.0,46.0,19.0,12.03,50.6,1337.11,10.1,19.54,Rabi,Canal,Reservoir,6.79,Yes,76.32,Central,Low,24.83
Rice,Vegetative,Sandy,6.87,20.48,1.24,3.37,80.0,47.0,40.0,30.21,67.34,1691.54,4.27,0.83,Zaid,Sprinkler,Groundwater,1.0,No,89.36,Central,Medium,79.15
Maize,Flowering,Loamy,5.1,49.09,0.93,1.77,76.0,48.5,20.0,12.85,79.42,1780.28,9.25,13.5,Kharif,Sprinkler,Rainwater,11.01,Yes,57.01,Central,Low,28.27
Maize,Sowing,Clay,7.84,59.53,0.85,0.92,76.0,48.5,20.0,19.75,50.07,488.34,10.68,7.38,Kharif,Drip,Rainwater,14.78,Yes,70.82,West,Low,28.66
Cotton,Harvest,Clay,5.87,33.51,0.51,2.6,117.0,46.0,19.0,19.85,63.7,1453.62,7.93,16.99,Rabi,Rainfed,River,12.26,No,14.92,East,Low,5.25
Cotton,Flowering,Loamy,6.13,13.42,0.68,1.9,117.0,46.0,19.0,27.28,83.26,1561.92,5.04,17.74,Zaid,Drip,Groundwater,3.85,No,36.72,Central,Medium,38.08
Maize,Vegetative,Loamy,7.96,61.7,1.06,3.28,76.0,48.5,20.0,31.3,45.66,796.33,6.83,4.88,Kharif,Canal,Rainwater,8.12,Yes,57.33,Central,Low,24.48
Rice,Vegetative,Sandy,5.83,32.85,0.92,2.97,80.0,47.0,40.0,40.99,85.96,1859.54,8.48,11.96,Kharif,Canal,Groundwater,3.83,No,83.0,East,Medium,72.68
Maize,Sowing,Clay,7.96,48.92,0.7,1.92,76.0,48.5,20.0,27.36,37.83,886.48,7.35,3.92,Zaid,Sprinkler,Rainwater,10.95,Yes,11.51,North,Low,5.42
Rice,Harvest,Clay,6.76,36.53,1.47,1.06,80.0,47.0,40.0,22.71,43.52,829.26,10.7,1.0,Kharif,Sprinkler,Rainwater,14.11,Yes,0.19,East,Low,0.07
Maize,Flowering,Sandy,5.73,63.34,1.08,0.4,76.0,48.5,20.0,22.39,83.05,65.85,9.56,8.33,Kharif,Drip,Rainwater,7.38,No,51.71,South,Medium,50.07
Maize,Flowering,Clay,7.6,15.39,1.21,3.34,76.0,48.5,20.0,39.66,39.02,2182.18,10.05,4.61,Rabi,Canal,River,4.1,Yes,101.34,Central,Medium,117.82
Maize,Harvest,Loamy,4.82,59.07,0.9,2.92,76.0,48.5,20.0,18.34,50.19,1666.62,7.26,15.6,Rabi,Rainfed,River,6.71,No,2.45,West,Low,0.66
Rice,Flowering,Clay,6.99,32.47,1.46,1.21,80.0,47.0,40.0,12.13,37.12,1257.32,7.37,16.94,Rabi,Canal,Rainwater,14.3,Yes,54.16,South,Low,31.28
Rice,Harvest,Silt,7.7,56.5,0.41,2.99,80.0,47.0,40.0,34.81,77.39,558.8,8.55,8.55,Zaid,Canal,Groundwater,7.94,No,7.45,Central,Low,2.44
Maize,Vegetative,Sandy,5.7,44.29,1.24,1.7,76.0,48.5,20.0,29.08,93.26,1025.05,8.77,13.23,Kharif,Canal,Reservoir,10.84,No,58.22,Central,Medium,41.64
Maize,Flowering,Sandy,6.33,45.03,1.21,1.09,76.0,48.5,20.0,31.95,80.02,754.93,6.07,6.34,Rabi,Rainfed,Rainwater,13.86,Yes,86.3,North,Low,52.9
Rice,Flowering,Sandy,4.84,18.91,1.49,1.42,80.0,47.0,40.0,31.98,50.81,209.2,10.44,4.41,Rabi,Canal,Reservoir,13.28,Yes,60.51,South,High,112.97
Maize,Harvest,Silt,7.05,17.71,1.03,3.32,76.0,48.5,20.0,15.11,38.46,1378.35,4.02,1.67,Kharif,Drip,River,2.47,No,62.12,South,Low,23.18
Cotton,Vegetative,Sandy,6.81,9.25,1.11,2.14,117.0,46.0,19.0,36.1,89.67,1770.41,7.59,16.88,Rabi,Drip,River,5.56,Yes,110.4,South,Medium,103.64
Rice,Flowering,Loamy,6.83,22.12,1.29,1.17,80.0,47.0,40.0,31.6,47.58,1625.16,9.09,7.66,Kharif,Drip,Groundwater,1.94,Yes,73.66,East,Medium,78.32
Rice,Sowing,Clay,5.73,47.05,1.12,2.82,80.0,47.0,40.0,40.35,70.7,2066.02,5.93,9.42,Zaid,Sprinkler,Rainwater,0.53,Yes,118.72,East,Low,63.95
Maize,Vegetative,Clay,5.07,48.14,1.36,3.31,76.0,48.5,20.0,25.95,94.96,291.76,5.82,10.44,Zaid,Sprinkler,River,7.21,No,111.91,North,Medium,92.69
Maize,Sowing,Loamy,6.26,28.4,0.34,2.64,76.0,48.5,20.0,13.57,57.59,167.13,4.22,2.89,Zaid,Rainfed,River,13.63,Yes,59.59,North,Low,40.56
Cotton,Flowering,Silt,5.93,8.03,1.48,3.5,117.0,46.0,19.0,21.27,32.03,792.31,6.42,19.05,Kharif,Rainfed,Groundwater,15.0,Yes,27.02,North,Medium,26.38
Maize,Sowing,Sandy,7.01,54.88,0.39,2.9,76.0,48.5,20.0,29.3,64.69,2144.18,5.74,1.42,Zaid,Drip,Rainwater,1.0,No,16.97,Central,Low,7.66
Cotton,Sowing,Silt,7.17,45.17,1.36,3.42,117.0,46.0,19.0,38.54,73.84,278.64,9.25,14.61,Kharif,Sprinkler,Reservoir,14.95,No,40.83,East,Medium,39.57
Rice,Sowing,Sandy,8.0,16.0,0.84,1.15,80.0,47.0,40.0,13.89,31.15,1609.75,5.75,5.71,Zaid,Drip,Groundwater,8.05,Yes,63.98,West,Low,34.06
Rice,Sowing,Silt,6.8,13.54,0.61,1.14,80.0,47.0,40.0,13.53,36.28,577.85,4.82,8.5,Rabi,Rainfed,Rainwater,12.74,No,93.04,Central,Low,49.53
Cotton,Harvest,Silt,5.66,30.21,1.06,0.87,117.0,46.0,19.0,16.62,77.73,348.01,9.33,18.54,Kharif,Sprinkler,River,5.7,Yes,20.37,East,Low,8.41
Cotton,Harvest,Sandy,5.49,8.86,1.55,2.58,117.0,46.0,19.0,15.35,71.04,2119.8,7.17,8.55,Rabi,Drip,River,11.01,No,24.28,East,Low,9.08
Maize,Vegetative,Silt,5.96,59.2,0.43,2.63,76.0,48.5,20.0,17.45,75.61,1022.84,9.69,12.88,Rabi,Canal,River,11.21,Yes,62.15,South,Low,23.74
Rice,Vegetative,Loamy,8.12,22.78,1.36,2.67,80.0,47.0,40.0,23.76,85.32,1051.95,10.69,13.24,Zaid,Sprinkler,Reservoir,5.36,Yes,20.02,Central,Medium,16.35
Cotton,Vegetative,Loamy,7.97,53.76,1.5,2.84,117.0,46.0,19.0,31.19,45.08,2256.75,6.28,17.27,Rabi,Canal,Reservoir,4.58,Yes,1.77,South,Medium,1.18
Cotton,Flowering,Clay,6.59,19.67,0.41,0.55,117.0,46.0,19.0,41.29,61.63,1012.17,5.43,18.0,Rabi,Sprinkler,River,14.81,No,57.82,East,High,87.65
Rice,Harvest,Clay,6.28,12.53,0.54,0.42,80.0,47.0,40.0,36.66,51.69,136.2,4.72,5.48,Rabi,Rainfed,Groundwater,8.51,Yes,0.11,West,Medium,0.1
Rice,Harvest,Silt,5.82,49.39,0.94,0.45,80.0,47.0,40.0,30.94,32.73,1262.5,8.16,19.02,Rabi,Drip,Rainwater,8.62,No,5.88,East,Low,2.0
Maize,Vegetative,Silt,6.77,16.14,0.34,1.74,76.0,48.5,20.0,38.38,58.85,599.94,5.76,17.13,Kharif,Canal,Rainwater,5.15,Yes,3.92,West,Medium,3.76
Maize,Harvest,Loamy,5.77,51.05,1.57,1.55,76.0,48.5,20.0,35.68,92.71,1800.55,6.4,7.31,Zaid,Sprinkler,River,2.02,Yes,63.55,East,Low,22.17
Rice,Harvest,Loamy,5.05,24.42,0.55,1.62,80.0,47.0,40.0,18.27,76.54,205.63,7.88,10.03,Kharif,Rainfed,Groundwater,4.97,No,20.0,Central,Medium,14.15
Cotton,Vegetative,Sandy,7.56,21.11,0.99,3.26,117.0,46.0,19.0,38.73,43.32,20.04,10.95,8.47,Zaid,Drip,Rainwater,7.99,No,102.99,West,High,193.64
Maize,Sowing,Silt,6.45,41.37,0.62,3.32,76.0,48.5,20.0,30.35,41.19,1130.71,10.54,19.03,Rabi,Drip,Groundwater,13.77,Yes,27.82,South,Low,14.49
Cotton,Sowing,Loamy,5.84,61.26,1.26,3.27,117.0,46.0,19.0,37.49,86.13,2433.33,4.78,9.73,Rabi,Rainfed,River,7.98,No,44.25,West,Low,20.1
Rice,Sowing,Clay,6.1,46.6,0.66,2.15,80.0,47.0,40.0,17.04,43.75,110.56,5.67,17.45,Zaid,Drip,Rainwater,4.07,Yes,59.56,West,Low,36.75
Maize,Vegetative,Sandy,6.72,19.67,1.43,2.29,76.0,48.5,20.0,19.99,91.05,271.81,10.31,18.89,Zaid,Canal,River,12.41,No,79.59,Central,High,104.62
Cotton,Sowing,Sandy,5.19,43.25,1.19,1.1,117.0,46.0,19.0,38.84,79.2,1176.2,5.4,8.35,Kharif,Drip,Reservoir,4.29,No,20.14,North,Low,11.14
Maize,Vegetative,Silt,8.19,15.39,0.75,3.47,76.0,48.5,20.0,40.35,50.37,1579.36,4.98,10.1,Rabi,Rainfed,Groundwater,10.52,Yes,113.87,North,Medium,110.65
Cotton,Sowing,Sandy,5.98,61.1,1.24,0.84,117.0,46.0,19.0,39.72,66.72,1686.61,7.48,4.57,Zaid,Canal,River,8.08,Yes,1.64,North,Low,0.76
Rice,Harvest,Clay,6.04,60.84,0.91,1.2,80.0,47.0,40.0,26.2,47.5,1087.73,9.34,4.18,Rabi,Drip,Groundwater,2.72,Yes,88.7,North,Low,25.49
Maize,Sowing,Loamy,7.63,27.03,1.15,3.24,76.0,48.5,20.0,36.98,39.66,1455.74,6.3,16.38,Kharif,Sprinkler,River,4.8,No,43.07,West,Low,26.99
Rice,Flowering,Clay,7.25,30.84,1.09,1.49,80.0,47.0,40.0,25.63,30.86,608.01,8.04,2.13,Kharif,Rainfed,Reservoir,5.59,Yes,20.66,North,Low,13.53
Maize,Flowering,Loamy,5.17,48.24,1.01,2.23,76.0,48.5,20.0,12.48,57.97,1978.03,7.86,6.84,Rabi,Drip,Groundwater,10.56,No,29.24,North,Low,14.62
Maize,Harvest,Silt,7.68,40.25,0.56,0.38,76.0,48.5,20.0,12.39,53.44,29.89,10.03,2.12,Kharif,Sprinkler,Groundwater,8.48,Yes,3.63,West,Low,1.72
Maize,Harvest,Clay,5.52,9.45,0.99,2.71,76.0,48.5,20.0,14.2,84.95,2374.21,10.25,5.67,Rabi,Rainfed,River,6.73,Yes,69.87,East,Low,26.04
Rice,Vegetative,Silt,5.29,48.37,1.31,1.71,80.0,47.0,40.0,34.11,72.73,1744.32,5.44,15.05,Rabi,Drip,Groundwater,3.67,No,15.5,West,Medium,11.17
Maize,Vegetative,Clay,8.12,18.27,0.85,2.07,76.0,48.5,20.0,25.73,92.69,835.14,6.13,13.75,Kharif,Drip,Rainwater,2.7,Yes,55.73,West,Medium,47.44
Rice,Sowing,Loamy,6.74,31.27,0.6,0.18,80.0,47.0,40.0,37.29,37.11,423.88,8.91,2.63,Kharif,Canal,Reservoir,2.27,Yes,77.77,North,Low,52.07
Rice,Vegetative,Silt,8.04,31.3,1.11,2.58,80.0,47.0,40.0,12.51,33.96,1113.75,9.94,14.75,Rabi,Sprinkler,Groundwater,10.69,Yes,59.37,North,Low,28.86
Cotton,Flowering,Sandy,5.87,61.78,1.44,2.58,117.0,46.0,19.0,24.22,29.18,1912.97,5.52,10.38,Rabi,Sprinkler,Groundwater,9.75,Yes,51.38,East,Low,24.56
Maize,Harvest,Loamy,6.76,35.57,1.34,0.1,76.0,48.5,20.0,27.59,80.05,1047.28,5.87,3.98,Kharif,Canal,Rainwater,4.95,No,40.72,Central,Low,15.23
Rice,Harvest,Clay,5.55,14.71,0.7,0.52,80.0,47.0,40.0,25.81,44.07,1593.95,10.44,5.21,Kharif,Rainfed,Rainwater,0.34,No,44.16,North,Low,18.43
Rice,Sowing,Sandy,7.7,56.06,0.49,1.83,80.0,47.0,40.0,28.66,43.66,1281.49,7.19,1.92,Zaid,Rainfed,River,8.01,Yes,66.54,South,Low,29.48
Maize,Flowering,Clay,6.38,18.73,0.93,2.93,76.0,48.5,20.0,15.86,85.41,1682.44,8.04,15.68,Kharif,Canal,Reservoir,3.26,No,84.41,West,Medium,77.77
Cotton,Sowing,Silt,5.25,14.74,1.4,0.31,117.0,46.0,19.0,24.88,48.24,1892.1,10.26,18.52,Rabi,Canal,Groundwater,2.54,Yes,73.29,Central,Low,43.3
Cotton,Vegetative,Sandy,7.36,33.41,1.16,0.38,117.0,46.0,19.0,24.01,72.35,2490.03,10.4,1.18,Kharif,Sprinkler,Rainwater,13.63,Yes,102.51,East,Low,53.84
Rice,Sowing,Sandy,7.32,44.74,0.76,0.25,80.0,47.0,40.0,18.08,91.17,2098.67,4.75,19.74,Kharif,Rainfed,Reservoir,13.15,No,53.49,Central,Low,23.85
Maize,Vegetative,Silt,7.47,61.42,0.45,1.61,76.0,48.5,20.0,15.71,48.35,1889.08,5.73,15.26,Zaid,Sprinkler,Rainwater,14.97,Yes,54.27,Central,Low,19.84
Rice,Flowering,Clay,7.4,14.15,0.88,1.9,80.0,47.0,40.0,33.86,77.27,1709.19,6.2,6.78,Zaid,Canal,River,12.55,Yes,99.36,West,Medium,109.68
Cotton,Harvest,Loamy,7.26,13.66,1.26,1.01,117.0,46.0,19.0,34.65,91.96,536.18,8.25,8.19,Zaid,Canal,Rainwater,14.1,Yes,67.35,East,Low,30.58
Rice,Harvest,Clay,5.95,36.86,0.79,0.65,80.0,47.0,40.0,26.86,62.04,888.28,10.24,2.65,Kharif,Drip,Rainwater,4.31,No,49.6,North,Low,18.21
Cotton,Flowering,Loamy,6.4,51.69,1.01,0.96,117.0,46.0,19.0,25.92,25.78,2171.42,8.78,17.86,Zaid,Rainfed,Reservoir,6.66,Yes,10.67,East,Low,5.78
Rice,Harvest,Clay,5.92,20.28,1.41,0.63,80.0,47.0,40.0,22.66,82.76,498.75,8.02,1.95,Zaid,Drip,River,12.89,Yes,61.57,Central,Low,25.51
Maize,Harvest,Sandy,7.37,55.25,0.73,0.5,76.0,48.5,20.0,20.33,45.08,544.6,5.71,8.59,Zaid,Drip,Reservoir,6.38,Yes,24.1,East,Low,6.93
Maize,Flowering,Silt,5.27,44.22,0.67,1.04,76.0,48.5,20.0,38.19,73.11,1292.55,8.7,8.2,Rabi,Canal,River,1.45,Yes,95.26,South,Low,62.28
Rice,Vegetative,Silt,6.88,50.8,0.9,3.26,80.0,47.0,40.0,26.95,91.94,881.77,6.44,3.83,Zaid,Drip,Reservoir,12.69,No,1.04,South,Low,0.48
Maize,Sowing,Loamy,6.27,10.09,1.4,2.97,76.0,48.5,20.0,14.56,87.08,890.39,10.3,11.77,Kharif,Canal,Rainwater,11.46,No,69.27,West,Medium,52.68
Rice,Harvest,Clay,7.19,20.68,1.51,1.64,80.0,47.0,40.0,33.2,86.32,2309.37,7.04,1.81,Kharif,Sprinkler,River,7.61,No,94.07,East,Medium,59.89
Cotton,Harvest,Loamy,6.54,40.9,0.51,1.29,117.0,46.0,19.0,27.82,76.03,2393.85,4.55,8.14,Zaid,Rainfed,River,8.59,Yes,76.35,West,Low,27.28
Rice,Sowing,Sandy,7.77,23.1,0.5,2.39,80.0,47.0,40.0,32.72,89.21,2488.79,4.43,7.8,Kharif,Canal,Groundwater,6.23,No,55.08,East,Medium,48.94
Maize,Sowing,Sandy,5.78,45.7,1.53,3.33,76.0,48.5,20.0,26.14,82.22,1182.68,9.0,2.95,Zaid,Drip,Rainwater,8.53,Yes,3.74,West,Low,1.8
Maize,Harvest,Loamy,5.09,42.66,0.96,0.42,76.0,48.5,20.0,33.08,60.16,1937.37,5.8,11.64,Zaid,Rainfed,River,7.34,No,3.4,Central,Low,1.26
Rice,Harvest,Loamy,6.09,45.39,0.93,0.79,80.0,47.0,40.0,13.23,25.62,1369.89,8.0,16.82,Rabi,Sprinkler,Reservoir,8.04,Yes,71.62,Central,Low,21.48
Rice,Harvest,Loamy,6.76,60.67,1.32,1.39,80.0,47.0,40.0,38.89,27.12,2015.6,4.99,8.75,Zaid,Rainfed,Groundwater,3.5,Yes,74.08,East,Low,24.0
Maize,Flowering,Sandy,5.9,42.03,1.42,1.96,76.0,48.5,20.0,36.85,63.83,49.48,4.46,15.71,Zaid,Rainfed,Reservoir,8.07,No,3.28,East,High,5.98
Rice,Flowering,Loamy,7.23,27.49,1.04,0.33,80.0,47.0,40.0,25.7,78.27,2356.97,6.95,10.01,Rabi,Rainfed,Reservoir,1.22,No,77.61,South,Medium,74.68
Rice,Harvest,Loamy,5.29,28.19,1.09,1.9,80.0,47.0,40.0,19.31,31.19,2130.08,6.22,15.6,Zaid,Canal,Rainwater,6.47,Yes,99.39,North,Low,36.37
Maize,Flowering,Silt,5.56,63.95,0.85,1.61,76.0,48.5,20.0,36.88,31.98,1933.16,9.3,5.7,Zaid,Rainfed,Groundwater,1.21,Yes,102.4,West,Low,53.83
Cotton,Flowering,Sandy,7.24,43.61,0.4,3.24,117.0,46.0,19.0,39.22,68.49,1496.62,5.11,8.5,Zaid,Drip,River,2.17,No,44.13,East,Medium,41.83
Rice,Vegetative,Loamy,8.01,36.54,0.76,2.34,80.0,47.0,40.0,27.51,61.94,1357.33,8.38,15.85,Rabi,Sprinkler,Groundwater,14.74,Yes,68.84,Central,Low,36.43
Rice,Flowering,Silt,6.37,29.67,0.49,0.41,80.0,47.0,40.0,34.58,35.07,2209.68,7.9,17.52,Rabi,Drip,River,11.57,Yes,1.92,West,Medium,1.97
Maize,Flowering,Silt,5.91,28.51,0.68,2.08,76.0,48.5,20.0,38.02,41.53,2427.98,9.52,8.83,Rabi,Sprinkler,River,5.05,Yes,54.36,South,Low,40.75
Cotton,Flowering,Clay,8.15,18.26,0.64,0.79,117.0,46.0,19.0,14.67,62.86,1713.51,7.83,8.45,Rabi,Rainfed,River,5.62,No,108.9,South,Medium,99.38
Rice,Flowering,Loamy,7.99,39.73,0.46,2.76,80.0,47.0,40.0,32.39,47.61,2138.07,8.69,4.92,Zaid,Sprinkler,River,2.81,Yes,56.0,South,Low,36.21
Rice,Vegetative,Silt,7.73,56.04,1.21,0.65,80.0,47.0,40.0,14.66,83.57,1878.26,8.69,0.83,Zaid,Sprinkler,River,1.53,Yes,98.39,East,Low,37.86
Rice,Flowering,Silt,7.04,22.07,0.6,0.27,80.0,47.0,40.0,12.48,75.31,180.31,10.18,17.9,Rabi,Canal,Groundwater,0.55,No,113.18,Central,High,178.85
Rice,Flowering,Loamy,7.84,63.84,1.53,1.67,80.0,47.0,40.0,29.98,36.98,1656.35,8.96,6.76,Kharif,Drip,River,4.33,Yes,91.21,East,Low,45.05
Cotton,Harvest,Silt,7.21,64.05,0.58,2.12,117.0,46.0,19.0,15.47,84.62,148.88,8.59,10.37,Zaid,Canal,Groundwater,5.62,Yes,95.34,North,Low,32.72
Rice,Vegetative,Clay,8.03,24.89,0.41,2.53,80.0,47.0,40.0,15.77,37.13,1204.65,5.26,8.46,Zaid,Rainfed,Groundwater,13.05,No,33.57,South,Medium,24.78
Maize,Vegetative,Clay,5.63,21.7,1.47,0.88,76.0,48.5,20.0,19.69,90.0,156.89,4.58,18.89,Kharif,Canal,Groundwater,10.42,Yes,105.15,South,High,148.7
Rice,Vegetative,Silt,6.57,29.55,1.54,1.73,80.0,47.0,40.0,20.27,45.16,393.43,9.7,16.74,Zaid,Sprinkler,Groundwater,7.3,Yes,20.0,South,Low,11.85
Cotton,Harvest,Sandy,6.68,43.22,1.16,0.8,117.0,46.0,19.0,41.09,65.39,929.42,4.74,1.73,Rabi,Rainfed,Groundwater,2.06,No,77.93,South,Low,30.48
Cotton,Vegetative,Silt,7.05,23.72,1.37,2.73,117.0,46.0,19.0,15.59,40.13,269.77,4.26,17.24,Rabi,Canal,Reservoir,4.97,Yes,112.51,North,High,137.23
Rice,Harvest,Clay,6.44,59.99,0.8,0.41,80.0,47.0,40.0,23.74,66.73,1017.75,5.96,13.75,Kharif,Sprinkler,River,4.73,No,97.92,North,Low,27.72
Cotton,Harvest,Silt,6.9,58.34,1.13,2.13,117.0,46.0,19.0,23.61,41.26,2099.66,9.1,17.55,Rabi,Rainfed,Reservoir,8.63,Yes,30.53,Central,Low,8.79
Rice,Harvest,Loamy,6.18,63.34,1.44,1.96,80.0,47.0,40.0,22.46,64.33,2064.81,4.99,10.95,Rabi,Canal,Rainwater,6.25,Yes,117.76,North,Low,31.68
Cotton,Harvest,Clay,6.54,39.86,0.92,1.8,117.0,46.0,19.0,35.62,75.68,726.97,4.02,14.67,Rabi,Sprinkler,Rainwater,6.84,Yes,27.35,Central,Low,10.61
Cotton,Vegetative,Silt,7.3,15.18,1.23,1.78,117.0,46.0,19.0,38.26,87.7,1038.5,8.29,13.3,Rabi,Rainfed,Reservoir,13.84,Yes,11.04,West,Medium,10.57
Maize,Harvest,Sandy,6.01,24.5,0.5,1.92,76.0,48.5,20.0,35.56,67.54,1324.47,6.92,12.87,Kharif,Drip,River,10.33,No,1.15,East,Medium,0.73
Maize,Sowing,Clay,6.18,58.74,1.5,2.2,76.0,48.5,20.0,30.69,27.25,1560.76,4.55,5.62,Zaid,Drip,Reservoir,9.62,Yes,5.11,West,Low,2.24
Maize,Harvest,Silt,6.65,60.6,1.14,3.06,76.0,48.5,20.0,38.25,93.25,2295.91,9.46,13.62,Rabi,Rainfed,Reservoir,9.16,No,113.69,North,Low,36.66
Maize,Vegetative,Silt,6.65,37.8,1.44,0.18,76.0,48.5,20.0,34.19,46.39,2359.94,4.47,9.18,Kharif,Rainfed,River,6.14,No,1.51,Central,Medium,1.2
Maize,Harvest,Loamy,6.49,48.79,0.83,1.99,76.0,48.5,20.0,16.84,67.48,2101.17,6.89,5.36,Zaid,Drip,River,11.94,Yes,4.0,North,Low,1.18
Maize,Flowering,Clay,5.26,14.28,0.84,1.41,76.0,48.5,20.0,32.48,78.81,162.65,6.18,16.16,Kharif,Canal,River,5.58,Yes,56.18,West,High,109.18
Cotton,Harvest,Silt,5.23,23.17,0.95,2.54,117.0,46.0,19.0,38.95,58.13,1733.48,10.61,10.14,Rabi,Rainfed,River,14.2,Yes,109.89,North,Medium,72.26
Rice,Harvest,Loamy,7.97,24.9,0.68,0.17,80.0,47.0,40.0,31.58,62.23,57.76,9.8,2.3,Zaid,Canal,Rainwater,8.38,Yes,108.22,West,Medium,97.11
Rice,Sowing,Loamy,7.04,15.36,0.41,2.93,80.0,47.0,40.0,37.99,88.02,1566.25,7.36,8.73,Zaid,Rainfed,Groundwater,12.14,No,77.67,West,Medium,74.16
Rice,Sowing,Silt,7.7,9.23,0.42,0.95,80.0,47.0,40.0,34.38,49.63,1061.38,10.85,18.76,Kharif,Canal,River,7.48,Yes,89.28,North,Medium,82.52
Cotton,Flowering,Sandy,5.72,11.92,0.72,2.92,117.0,46.0,19.0,19.17,92.08,2426.18,8.61,17.81,Zaid,Drip,Groundwater,7.59,No,115.87,West,Medium,110.64
Rice,Sowing,Loamy,5.77,53.15,1.17,0.78,80.0,47.0,40.0,19.28,92.34,86.83,9.72,19.7,Rabi,Sprinkler,River,14.5,No,113.04,North,Medium,97.24
Cotton,Sowing,Silt,5.72,50.02,0.76,2.55,117.0,46.0,19.0,28.45,47.96,1400.06,6.95,11.4,Kharif,Canal,Rainwater,6.74,No,12.62,East,Low,5.94
Cotton,Flowering,Clay,7.71,59.41,0.9,1.82,117.0,46.0,19.0,20.69,72.61,379.8,6.7,3.37,Kharif,Drip,Rainwater,6.5,Yes,13.48,East,Low,7.33
Maize,Vegetative,Loamy,4.91,21.48,1.02,3.18,76.0,48.5,20.0,36.35,75.53,798.24,10.64,17.57,Kharif,Drip,River,9.59,No,38.47,South,High,46.52
Cotton,Sowing,Clay,5.06,34.01,1.34,3.41,117.0,46.0,19.0,22.4,70.74,459.75,6.71,17.32,Kharif,Sprinkler,Groundwater,2.05,No,95.91,Central,Low,52.6
Cotton,Vegetative,Sandy,5.59,37.77,0.47,2.64,117.0,46.0,19.0,30.21,78.43,1353.39,10.11,5.89,Kharif,Canal,Groundwater,13.93,No,93.31,East,Medium,71.62
Maize,Harvest,Loamy,6.71,48.75,1.09,0.87,76.0,48.5,20.0,36.91,49.37,1930.42,9.02,13.9,Zaid,Rainfed,Rainwater,4.61,Yes,30.62,North,Low,11.05
Rice,Harvest,Clay,6.26,55.25,0.38,1.57,80.0,47.0,40.0,19.7,87.08,578.37,9.22,17.43,Rabi,Rainfed,Rainwater,11.05,No,60.32,West,Low,17.24
Cotton,Harvest,Sandy,6.19,23.49,1.47,0.11,117.0,46.0,19.0,23.62,85.1,1495.1,7.6,5.46,Rabi,Sprinkler,Reservoir,1.55,Yes,79.75,West,Low,31.69
Maize,Harvest,Clay,7.1,64.93,0.48,2.14,76.0,48.5,20.0,30.12,78.24,2121.13,5.7,18.84,Kharif,Sprinkler,Reservoir,7.74,Yes,8.08,Central,Low,2.3
Cotton,Sowing,Silt,7.19,60.4,0.37,0.67,117.0,46.0,19.0,28.74,50.48,1133.74,5.18,4.71,Zaid,Drip,Groundwater,10.35,Yes,58.26,West,Low,24.64
Cotton,Sowing,Silt,7.25,52.34,0.46,0.2,117.0,46.0,19.0,24.19,73.03,1193.52,4.44,6.48,Zaid,Drip,Groundwater,1.4,No,55.18,North,Low,24.32
Maize,Flowering,Silt,8.04,18.84,1.13,3.27,76.0,48.5,20.0,20.74,86.69,700.61,6.05,3.95,Kharif,Sprinkler,River,3.03,Yes,115.66,Central,Medium,112.28
Maize,Flowering,Silt,7.57,46.59,0.49,1.16,76.0,48.5,20.0,18.64,69.59,270.29,9.86,7.95,Rabi,Sprinkler,Groundwater,8.44,No,11.19,South,Medium,10.66
Cotton,Sowing,Silt,7.87,48.63,1.12,2.94,117.0,46.0,19.0,22.54,41.5,1185.52,9.84,1.95,Rabi,Canal,Reservoir,7.63,Yes,21.51,South,Low,9.68
Maize,Sowing,Sandy,4.85,64.17,0.83,1.6,76.0,48.5,20.0,30.07,32.75,112.68,4.96,7.57,Kharif,Sprinkler,Reservoir,11.77,Yes,32.39,Central,Low,18.91
Rice,Flowering,Silt,7.98,38.85,0.9,2.32,80.0,47.0,40.0,31.45,90.34,300.33,9.0,5.26,Zaid,Canal,Groundwater,9.74,Yes,56.2,North,Low,44.67
Rice,Vegetative,Sandy,7.55,23.47,1.34,1.24,80.0,47.0,40.0,20.92,35.74,547.61,6.05,17.36,Zaid,Drip,River,10.89,No,57.8,West,Medium,45.6
Cotton,Harvest,Sandy,7.65,46.97,0.73,1.85,117.0,46.0,19.0,40.42,76.39,2476.59,7.27,12.37,Zaid,Sprinkler,Groundwater,3.91,No,58.74,North,Low,22.17
Maize,Vegetative,Silt,5.12,63.82,0.49,1.1,76.0,48.5,20.0,19.86,59.71,2021.2,7.01,18.02,Rabi,Canal,River,7.81,Yes,96.19,East,Low,35.78
Cotton,Sowing,Sandy,8.06,26.58,0.58,0.57,117.0,46.0,19.0,14.44,79.37,581.41,6.43,2.09,Kharif,Rainfed,Groundwater,7.5,Yes,92.12,North,Low,46.56
Rice,Vegetative,Clay,7.11,38.89,0.68,1.09,80.0,47.0,40.0,31.95,88.31,1297.3,4.51,7.4,Kharif,Drip,Rainwater,3.52,Yes,66.95,East,Low,36.2
Maize,Flowering,Clay,6.74,17.7,1.22,3.42,76.0,48.5,20.0,25.8,33.51,1622.49,8.71,1.6,Zaid,Drip,Groundwater,8.96,Yes,76.26,West,Medium,77.95
Cotton,Vegetative,Loamy,6.31,27.21,1.34,2.91,117.0,46.0,19.0,17.52,84.49,2469.73,8.68,4.17,Zaid,Canal,Reservoir,10.15,No,75.58,East,Low,39.07
Rice,Vegetative,Silt,6.84,57.33,0.54,0.89,80.0,47.0,40.0,25.01,60.07,1566.95,7.78,3.25,Rabi,Drip,River,6.99,Yes,25.48,Central,Low,10.74
Rice,Sowing,Loamy,6.42,10.48,0.76,1.6,80.0,47.0,40.0,34.99,72.22,2470.62,5.15,15.86,Rabi,Rainfed,Reservoir,5.06,Yes,74.93,West,Medium,69.64
Cotton,Vegetative,Silt,5.06,51.45,1.0,1.42,117.0,46.0,19.0,19.13,53.87,1558.77,8.28,1.61,Zaid,Canal,River,9.57,Yes,61.63,East,Low,26.01
Rice,Flowering,Silt,7.49,32.05,0.3,0.35,80.0,47.0,40.0,14.7,36.19,2124.73,9.01,8.04,Rabi,Drip,River,1.16,No,5.38,East,Low,3.12
Rice,Harvest,Silt,8.0,50.52,1.55,1.3,80.0,47.0,40.0,34.77,84.33,899.91,5.89,5.18,Kharif,Drip,Groundwater,12.74,No,61.08,East,Low,21.24
Rice,Harvest,Sandy,6.17,22.22,1.59,0.89,80.0,47.0,40.0,35.78,88.04,1813.88,9.45,17.68,Kharif,Rainfed,Rainwater,8.9,Yes,51.66,East,Medium,33.27
Maize,Flowering,Clay,5.92,15.38,0.36,1.17,76.0,48.5,20.0,29.61,47.31,2020.95,6.39,1.2,Kharif,Canal,River,12.36,No,110.61,West,Medium,117.33
Rice,Vegetative,Clay,7.9,28.4,1.18,0.82,80.0,47.0,40.0,39.94,70.68,977.91,9.93,10.13,Rabi,Sprinkler,Reservoir,4.48,Yes,87.64,South,Medium,79.62
Cotton,Vegetative,Loamy,5.23,17.05,0.69,0.78,117.0,46.0,19.0,26.48,36.29,1233.81,5.33,11.25,Kharif,Drip,Rainwater,8.3,Yes,107.95,North,Medium,92.57
Cotton,Vegetative,Silt,7.86,24.86,0.83,2.55,117.0,46.0,19.0,36.59,66.37,2160.09,8.43,12.81,Rabi,Drip,Groundwater,11.45,Yes,34.63,West,Medium,31.43
Rice,Vegetative,Silt,7.95,17.38,0.76,0.85,80.0,47.0,40.0,35.78,62.36,1547.66,6.86,15.12,Zaid,Sprinkler,River,10.88,Yes,91.52,South,Medium,85.67
Maize,Flowering,Silt,7.83,36.2,1.27,2.41,76.0,48.5,20.0,31.83,94.71,491.29,9.62,2.12,Zaid,Drip,River,7.26,Yes,85.57,South,Low,58.76
Cotton,Harvest,Silt,6.11,17.97,0.45,0.49,117.0,46.0,19.0,35.18,93.69,2227.73,10.99,15.21,Kharif,Drip,River,2.33,No,35.66,East,Medium,23.24
Cotton,Sowing,Sandy,5.22,18.62,0.88,2.64,117.0,46.0,19.0,25.11,37.81,1324.38,6.85,19.35,Kharif,Drip,Reservoir,10.09,No,112.47,North,Medium,95.14
Rice,Flowering,Loamy,6.34,40.13,1.54,0.73,80.0,47.0,40.0,29.48,67.83,1484.74,7.32,13.82,Rabi,Sprinkler,Reservoir,14.25,Yes,35.33,West,Low,22.14
Maize,Harvest,Loamy,6.05,35.47,0.51,2.51,76.0,48.5,20.0,12.12,54.14,2018.79,7.24,8.07,Rabi,Canal,Reservoir,6.26,Yes,11.67,Central,Low,3.83
Maize,Sowing,Loamy,4.86,37.96,0.97,1.42,76.0,48.5,20.0,20.87,61.76,1569.6,10.62,15.87,Rabi,Drip,Rainwater,4.23,Yes,7.28,West,Low,3.56
Maize,Sowing,Silt,5.94,46.96,0.95,0.36,76.0,48.5,20.0,26.68,74.07,1191.07,9.13,10.47,Rabi,Sprinkler,Groundwater,5.62,No,45.45,East,Low,21.67
Rice,Harvest,Clay,7.16,9.0,0.5,2.37,80.0,47.0,40.0,20.59,92.95,1328.28,7.31,9.42,Rabi,Rainfed,Rainwater,9.77,Yes,90.53,South,Low,35.83
Cotton,Flowering,Clay,6.46,56.88,1.1,1.95,117.0,46.0,19.0,37.02,87.21,611.57,9.82,15.01,Zaid,Sprinkler,Rainwater,5.47,No,41.55,Central,Medium,33.81
Maize,Harvest,Sandy,6.33,11.64,0.71,1.74,76.0,48.5,20.0,32.61,31.24,1371.47,10.83,12.95,Kharif,Sprinkler,Groundwater,8.87,No,3.0,South,Medium,1.91
Cotton,Sowing,Clay,5.48,62.34,0.36,1.41,117.0,46.0,19.0,18.38,65.24,1742.46,6.87,18.39,Kharif,Canal,Rainwater,14.18,No,86.49,North,Low,32.21
Cotton,Sowing,Sandy,4.94,53.65,0.79,2.02,117.0,46.0,19.0,14.62,72.03,1081.67,9.28,16.51,Zaid,Drip,River,7.7,Yes,75.92,Central,Low,29.95
Maize,Vegetative,Loamy,6.95,31.21,1.48,2.51,76.0,48.5,20.0,25.46,54.19,639.99,7.18,4.12,Zaid,Sprinkler,River,10.08,No,61.98,West,Low,33.65
Maize,Harvest,Loamy,5.83,34.4,0.35,2.58,76.0,48.5,20.0,28.13,68.89,13.68,6.48,0.5,Rabi,Rainfed,Rainwater,9.08,No,42.3,North,Low,24.49
Maize,Vegetative,Silt,7.42,16.37,1.53,1.67,76.0,48.5,20.0,21.0,53.87,1281.92,9.66,11.82,Zaid,Drip,Reservoir,3.43,No,12.07,West,Medium,9.79
Rice,Harvest,Loamy,5.62,56.88,0.34,0.9,80.0,47.0,40.0,40.11,83.57,1483.67,10.04,16.55,Rabi,Drip,River,9.34,Yes,104.25,North,Low,35.56
Rice,Harvest,Loamy,5.37,10.16,1.23,0.19,80.0,47.0,40.0,33.27,47.1,77.27,5.03,9.68,Rabi,Canal,River,6.47,No,84.8,East,Medium,79.25
Rice,Harvest,Clay,7.43,16.6,0.59,1.65,80.0,47.0,40.0,22.66,70.14,2350.17,5.71,1.65,Zaid,Sprinkler,Groundwater,9.53,Yes,1.84,South,Low,0.74
Cotton,Vegetative,Sandy,6.95,16.29,0.33,1.8,117.0,46.0,19.0,15.92,72.71,1350.13,8.43,1.86,Kharif,Canal,Reservoir,10.79,Yes,3.07,North,Medium,2.36
Rice,Sowing,Sandy,7.56,60.16,0.36,2.84,80.0,47.0,40.0,26.85,94.83,2158.62,8.33,4.08,Zaid,Rainfed,River,12.01,No,60.16,East,Low,25.05
Rice,Harvest,Sandy,5.3,45.36,0.94,0.68,80.0,47.0,40.0,33.88,40.7,960.27,8.91,2.93,Rabi,Sprinkler,Rainwater,6.6,Yes,59.5,East,Low,21.59
Cotton,Vegetative,Silt,5.78,51.76,1.32,0.35,117.0,46.0,19.0,31.02,73.45,1538.58,5.97,19.48,Kharif,Sprinkler,Reservoir,8.61,No,11.85,North,Medium,8.02
Maize,Sowing,Sandy,7.25,30.6,0.46,0.65,76.0,48.5,20.0,36.25,40.12,1324.98,10.03,2.84,Rabi,Drip,Rainwater,11.32,No,3.44,Central,Low,2.08
Cotton,Flowering,Sandy,5.79,60.52,0.64,2.61,117.0,46.0,19.0,19.58,72.63,1109.43,7.3,6.65,Kharif,Rainfed,Rainwater,3.73,No,76.25,East,Low,35.23
Cotton,Harvest,Silt,6.64,39.92,1.18,1.08,117.0,46.0,19.0,13.65,46.19,1626.99,5.34,9.28,Rabi,Canal,River,1.28,Yes,15.9,South,Low,5.02
Cotton,Vegetative,Sandy,4.88,10.57,1.14,3.23,117.0,46.0,19.0,35.03,74.13,43.95,10.71,11.21,Kharif,Drip,Rainwater,7.35,No,27.9,Central,High,50.36
Cotton,Harvest,Silt,6.22,31.74,0.65,0.45,117.0,46.0,19.0,18.59,51.07,2038.64,9.71,11.86,Rabi,Canal,River,3.76,Yes,44.19,Central,Low,15.58
Rice,Sowing,Clay,7.68,48.66,0.54,1.54,80.0,47.0,40.0,22.19,75.11,1124.16,6.82,2.73,Kharif,Drip,River,1.49,No,52.39,South,Low,23.48
Rice,Flowering,Silt,6.88,44.2,1.36,2.2,80.0,47.0,40.0,41.3,75.24,1169.47,4.98,5.12,Rabi,Drip,Rainwater,8.7,No,45.81,North,Medium,43.47
Rice,Sowing,Clay,6.17,57.82,1.15,3.28,80.0,47.0,40.0,19.29,30.87,117.74,8.27,9.7,Rabi,Sprinkler,Rainwater,11.7,Yes,98.18,North,Low,55.05
Maize,Vegetative,Clay,6.54,50.29,0.38,2.31,76.0,48.5,20.0,25.98,31.02,1047.35,9.66,1.13,Kharif,Canal,River,0.53,No,91.05,Central,Low,41.71
Rice,Sowing,Sandy,6.72,55.26,1.59,1.08,80.0,47.0,40.0,15.13,91.12,2072.41,8.35,15.87,Kharif,Sprinkler,Rainwater,12.59,Yes,103.64,East,Low,40.27
Maize,Flowering,Silt,7.87,16.61,1.16,1.83,76.0,48.5,20.0,35.84,64.81,1205.37,7.72,16.29,Zaid,Rainfed,River,0.76,No,89.17,West,High,130.29
Cotton,Vegetative,Silt,5.13,55.85,0.46,1.31,117.0,46.0,19.0,18.25,60.1,2222.0,5.79,14.69,Kharif,Rainfed,Reservoir,6.52,Yes,110.09,North,Low,43.98
Maize,Flowering,Silt,5.7,51.46,0.79,1.63,76.0,48.5,20.0,23.22,65.48,2417.29,9.61,11.99,Kharif,Rainfed,Rainwater,11.08,No,24.76,North,Medium,18.69
Rice,Flowering,Loamy,7.68,64.84,0.77,1.2,80.0,47.0,40.0,18.59,89.86,829.33,8.48,12.8,Rabi,Sprinkler,Rainwater,12.5,No,110.2,Central,Medium,68.51
Maize,Vegetative,Sandy,7.34,49.92,0.77,1.88,76.0,48.5,20.0,32.22,73.32,1926.9,10.53,10.3,Rabi,Rainfed,Reservoir,5.41,No,17.71,East,Medium,12.35
Cotton,Harvest,Silt,5.27,39.43,1.02,3.21,117.0,46.0,19.0,18.59,87.01,1807.24,7.53,12.54,Kharif,Drip,River,12.23,No,47.73,Central,Low,15.73
Maize,Harvest,Sandy,5.99,41.94,0.59,1.37,76.0,48.5,20.0,16.35,80.3,687.4,5.37,19.18,Kharif,Canal,River,11.25,No,39.15,West,Low,12.31
Rice,Sowing,Sandy,5.7,55.02,0.96,1.28,80.0,47.0,40.0,27.94,75.22,228.95,8.2,3.75,Kharif,Sprinkler,Groundwater,9.27,No,16.21,West,Low,9.4
Cotton,Vegetative,Clay,5.99,39.08,1.14,1.48,117.0,46.0,19.0,32.82,82.55,1034.16,5.58,10.85,Kharif,Rainfed,Reservoir,12.37,No,33.61,South,Medium,26.13
Maize,Sowing,Silt,7.21,20.54,1.03,0.72,76.0,48.5,20.0,25.95,52.82,2193.71,5.5,15.9,Rabi,Rainfed,Rainwater,4.23,Yes,6.54,Central,Low,3.89
Maize,Flowering,Loamy,6.05,27.24,0.78,3.43,76.0,48.5,20.0,14.1,94.56,915.78,7.79,1.57,Rabi,Sprinkler,Reservoir,11.81,Yes,99.44,East,Low,59.99
Maize,Flowering,Sandy,6.69,29.75,1.13,0.6,76.0,48.5,20.0,39.76,50.63,1739.08,5.65,2.91,Zaid,Drip,Rainwater,4.68,Yes,80.63,West,Low,60.75
Rice,Sowing,Clay,5.14,63.46,0.34,2.32,80.0,47.0,40.0,32.85,81.38,2251.44,4.77,11.13,Rabi,Canal,Reservoir,5.55,No,57.69,West,Low,24.5
Maize,Flowering,Clay,7.54,8.32,0.78,0.14,76.0,48.5,20.0,30.64,49.56,423.28,6.86,1.05,Kharif,Canal,Rainwater,14.15,No,38.47,South,Medium,45.51
Maize,Harvest,Clay,7.27,64.78,0.96,1.4,76.0,48.5,20.0,41.53,38.49,483.53,7.16,14.86,Kharif,Canal,Rainwater,14.06,Yes,2.48,Central,Low,0.81
Rice,Vegetative,Silt,6.9,30.55,0.45,2.08,80.0,47.0,40.0,24.63,35.28,543.81,10.7,3.27,Rabi,Sprinkler,Reservoir,7.07,Yes,97.64,South,Low,52.87
Maize,Vegetative,Loamy,5.42,20.79,1.09,2.97,76.0,48.5,20.0,33.52,27.48,1169.77,6.51,17.04,Rabi,Rainfed,Reservoir,4.83,Yes,118.08,Central,Medium,107.62
Cotton,Harvest,Sandy,8.0,61.88,0.77,3.11,117.0,46.0,19.0,28.87,55.19,1676.7,6.21,14.29,Kharif,Drip,Groundwater,10.3,Yes,6.19,Central,Low,1.8
Rice,Vegetative,Loamy,7.55,24.32,0.98,3.32,80.0,47.0,40.0,17.78,46.36,875.45,7.56,6.72,Zaid,Canal,Rainwater,0.47,No,29.18,West,Medium,22.12
Cotton,Harvest,Clay,7.17,13.02,1.16,2.52,117.0,46.0,19.0,32.28,80.39,1643.28,9.26,7.17,Rabi,Sprinkler,River,9.36,No,112.39,South,Medium,71.32
Rice,Vegetative,Clay,7.4,56.99,0.77,1.86,80.0,47.0,40.0,39.66,46.96,876.95,5.78,2.55,Zaid,Rainfed,Groundwater,10.5,No,26.11,West,Medium,18.1
Cotton,Harvest,Sandy,7.24,59.42,0.67,2.67,117.0,46.0,19.0,13.15,80.22,2402.21,10.76,15.66,Kharif,Canal,Rainwater,7.85,Yes,20.75,West,Low,5.39
Rice,Harvest,Silt,6.95,37.06,0.55,2.24,80.0,47.0,40.0,28.57,29.42,422.66,4.73,12.34,Rabi,Drip,Rainwater,1.54,Yes,19.77,West,Low,8.14
Maize,Sowing,Loamy,8.12,44.41,0.78,0.76,76.0,48.5,20.0,23.54,37.18,2293.34,7.04,18.02,Rabi,Canal,Groundwater,14.35,Yes,51.25,East,Low,24.26
Cotton,Sowing,Silt,7.09,56.22,0.74,0.16,117.0,46.0,19.0,26.57,82.47,1197.53,9.74,12.64,Kharif,Canal,River,1.8,No,89.95,East,Low,38.98
Cotton,Harvest,Clay,7.39,52.82,0.36,1.24,117.0,46.0,19.0,21.77,46.07,581.12,4.06,17.26,Zaid,Rainfed,Reservoir,9.27,No,10.69,North,Low,3.2
Cotton,Flowering,Loamy,8.19,45.06,0.45,2.89,117.0,46.0,19.0,26.1,53.25,1043.84,10.89,13.0,Zaid,Canal,Rainwater,7.51,No,39.78,East,Medium,32.92
Cotton,Sowing,Sandy,7.36,19.38,0.41,0.58,117.0,46.0,19.0,34.24,87.96,2114.55,4.93,13.52,Rabi,Sprinkler,Reservoir,3.99,No,57.82,Central,Medium,53.37
Rice,Sowing,Silt,7.01,46.61,1.08,2.5,80.0,47.0,40.0,22.87,68.72,1557.61,10.4,0.87,Rabi,Sprinkler,Rainwater,2.2,No,98.68,Central,Low,45.43
Cotton,Sowing,Clay,5.98,13.2,1.28,1.9,117.0,46.0,19.0,31.32,70.56,849.48,9.61,2.36,Kharif,Rainfed,River,12.59,No,68.44,East,Medium,61.49
Maize,Vegetative,Clay,7.78,12.39,0.57,1.72,76.0,48.5,20.0,13.04,66.0,2444.87,10.99,19.17,Kharif,Rainfed,Rainwater,14.54,No,29.5,North,Medium,22.43
Maize,Vegetative,Silt,5.49,30.71,1.11,2.98,76.0,48.5,20.0,18.39,48.7,39.08,7.4,6.28,Rabi,Sprinkler,Groundwater,13.14,Yes,119.2,North,Medium,129.33
Cotton,Vegetative,Loamy,5.35,59.12,0.38,1.37,117.0,46.0,19.0,20.73,78.53,1843.48,5.91,3.46,Rabi,Drip,River,7.76,Yes,52.23,South,Low,20.68
Rice,Sowing,Loamy,6.57,11.31,0.67,1.27,80.0,47.0,40.0,26.47,45.31,2426.0,5.63,13.81,Zaid,Sprinkler,River,12.0,Yes,7.34,South,Low,4.41
Rice,Harvest,Clay,6.23,49.63,0.38,1.24,80.0,47.0,40.0,24.08,46.64,2449.42,7.11,0.95,Zaid,Rainfed,Rainwater,8.65,No,105.69,West,Low,33.48
Cotton,Harvest,Clay,5.77,27.36,0.44,1.3,117.0,46.0,19.0,30.33,62.37,2114.86,8.73,12.94,Kharif,Drip,Reservoir,0.94,No,39.69,West,Low,16.33
Cotton,Flowering,Sandy,6.52,29.65,0.39,2.11,117.0,46.0,19.0,30.18,91.17,96.1,9.46,4.32,Kharif,Rainfed,River,1.44,No,73.11,East,Medium,103.94
Rice,Sowing,Sandy,6.61,62.61,0.36,3.2,80.0,47.0,40.0,27.18,54.01,1329.79,8.85,12.59,Rabi,Drip,Groundwater,2.06,No,27.31,West,Low,11.1
Rice,Harvest,Sandy,7.54,11.64,0.86,2.78,80.0,47.0,40.0,32.79,61.08,1211.18,8.15,8.71,Rabi,Rainfed,River,5.68,No,34.27,East,Medium,21.85
Maize,Harvest,Silt,6.78,25.65,1.27,3.02,76.0,48.5,20.0,32.36,57.02,1751.83,9.83,10.71,Zaid,Drip,River,9.39,No,24.61,North,Low,10.46
Rice,Flowering,Silt,5.45,50.33,0.64,0.9,80.0,47.0,40.0,23.78,54.57,2239.18,8.91,13.15,Rabi,Drip,River,1.72,No,100.2,South,Medium,76.95
Maize,Sowing,Sandy,5.64,38.48,0.68,2.32,76.0,48.5,20.0,41.13,65.01,1316.46,7.79,3.55,Rabi,Canal,Rainwater,11.56,No,8.8,West,Low,5.14
Rice,Harvest,Loamy,6.08,39.1,1.53,3.41,80.0,47.0,40.0,13.44,94.22,1526.02,6.29,15.73,Rabi,Drip,Groundwater,8.7,Yes,103.65,South,Low,32.95
Maize,Sowing,Clay,6.62,57.51,1.02,2.93,76.0,48.5,20.0,33.23,40.16,1747.41,7.69,12.86,Kharif,Canal,River,12.81,No,102.57,West,Low,46.72
Cotton,Flowering,Clay,7.78,58.32,0.94,1.75,117.0,46.0,19.0,40.97,87.26,1550.89,9.85,13.72,Zaid,Sprinkler,Rainwater,4.97,Yes,110.47,Central,Medium,90.85
Cotton,Harvest,Clay,7.9,33.36,0.74,0.92,117.0,46.0,19.0,27.97,63.18,947.82,6.42,4.9,Zaid,Sprinkler,Reservoir,3.69,Yes,24.07,West,Low,9.21
Rice,Vegetative,Clay,5.7,36.94,1.23,2.39,80.0,47.0,40.0,21.89,56.35,226.24,9.36,16.99,Rabi,Sprinkler,River,4.88,No,60.19,West,Medium,55.99
Rice,Flowering,Loamy,6.67,33.62,1.51,1.68,80.0,47.0,40.0,22.94,88.72,2115.02,6.37,7.13,Kharif,Canal,Rainwater,8.98,No,61.32,South,Low,38.16
Maize,Vegetative,Loamy,5.6,15.21,0.71,0.96,76.0,48.5,20.0,27.86,84.63,377.47,5.46,17.4,Kharif,Sprinkler,River,10.92,No,92.14,Central,Medium,92.2
Cotton,Vegetative,Loamy,7.27,42.79,1.35,3.3,117.0,46.0,19.0,32.31,59.36,832.16,9.79,9.77,Rabi,Drip,Rainwater,11.72,Yes,40.07,South,Low,20.98
Rice,Vegetative,Loamy,6.37,51.84,0.4,2.54,80.0,47.0,40.0,32.78,67.72,2066.61,6.3,13.72,Rabi,Drip,Rainwater,13.96,No,111.74,East,Medium,76.84
Maize,Vegetative,Clay,6.46,27.97,0.83,2.51,76.0,48.5,20.0,12.1,54.95,2356.87,9.95,15.92,Zaid,Drip,Rainwater,9.4,Yes,27.74,South,Low,13.86
Cotton,Harvest,Clay,4.88,29.2,0.97,2.13,117.0,46.0,19.0,33.3,56.59,2381.74,8.12,11.6,Kharif,Drip,Reservoir,0.44,Yes,1.36,East,Low,0.57
Rice,Flowering,Loamy,6.7,40.52,1.55,1.32,80.0,47.0,40.0,36.11,36.69,1419.57,10.83,11.23,Kharif,Rainfed,Groundwater,6.86,Yes,43.84,West,Medium,41.6
Maize,Sowing,Silt,5.37,52.32,0.99,1.73,76.0,48.5,20.0,26.57,73.84,2326.49,6.69,14.34,Kharif,Rainfed,Reservoir,8.84,Yes,117.53,West,Low,53.06
Maize,Harvest,Silt,6.62,24.63,1.6,0.54,76.0,48.5,20.0,17.02,34.01,1312.78,4.28,12.72,Rabi,Drip,Groundwater,4.19,No,90.22,North,Medium,47.36
Cotton,Vegetative,Loamy,7.08,11.05,0.75,3.06,117.0,46.0,19.0,25.81,74.48,1442.67,8.99,15.09,Rabi,Drip,Groundwater,14.82,Yes,24.6,East,Medium,20.96
Rice,Flowering,Clay,7.36,37.06,0.39,2.18,80.0,47.0,40.0,27.68,34.83,527.53,10.29,16.24,Kharif,Drip,Rainwater,6.81,Yes,85.1,North,Low,53.88
Cotton,Harvest,Loamy,5.18,28.98,1.27,1.1,117.0,46.0,19.0,29.13,36.94,866.82,5.7,1.23,Zaid,Drip,Groundwater,8.56,Yes,7.26,South,Low,2.91
Maize,Vegetative,Silt,6.39,38.48,1.03,1.16,76.0,48.5,20.0,25.87,86.36,904.52,7.48,6.51,Rabi,Rainfed,Groundwater,14.31,Yes,31.85,East,Low,16.3
Cotton,Sowing,Clay,6.59,18.53,0.3,0.19,117.0,46.0,19.0,37.98,93.12,799.58,7.23,12.03,Rabi,Sprinkler,River,8.6,Yes,100.27,East,Medium,95.73
Rice,Harvest,Clay,6.56,46.84,0.73,1.32,80.0,47.0,40.0,13.23,39.72,2115.31,10.88,7.09,Kharif,Drip,Reservoir,8.64,Yes,48.58,East,Low,14.37
Rice,Flowering,Loamy,7.94,60.7,1.16,0.52,80.0,47.0,40.0,26.89,33.6,1836.09,6.07,13.31,Rabi,Drip,Reservoir,9.79,No,63.41,North,Medium,45.0
Cotton,Harvest,Clay,6.67,38.7,1.48,0.18,117.0,46.0,19.0,29.67,76.85,1102.79,4.51,5.62,Rabi,Rainfed,Rainwater,2.33,No,81.64,East,Low,30.29
Maize,Harvest,Silt,8.03,36.15,1.0,1.81,76.0,48.5,20.0,35.57,62.29,1402.58,6.72,7.78,Rabi,Sprinkler,Groundwater,7.08,No,78.35,West,Low,31.41
Cotton,Sowing,Sandy,7.62,46.18,0.33,0.19,117.0,46.0,19.0,22.36,63.87,668.71,5.84,18.22,Rabi,Drip,Rainwater,11.08,Yes,18.4,North,Low,8.46
Cotton,Harvest,Clay,7.6,61.48,0.49,2.1,117.0,46.0,19.0,26.66,48.57,1657.46,7.9,3.36,Rabi,Rainfed,Reservoir,3.5,Yes,53.78,East,Low,15.41
Cotton,Sowing,Silt,5.44,12.89,1.57,0.15,117.0,46.0,19.0,31.94,47.31,2358.4,10.21,10.05,Zaid,Drip,River,14.95,Yes,81.54,South,Medium,73.68
Maize,Flowering,Clay,7.18,26.67,0.58,1.58,76.0,48.5,20.0,22.3,26.43,2045.73,5.43,4.24,Kharif,Sprinkler,River,10.07,No,47.6,North,Low,31.19
Cotton,Harvest,Sandy,5.79,33.31,1.52,1.08,117.0,46.0,19.0,30.87,66.96,306.46,9.74,2.13,Zaid,Sprinkler,Rainwater,1.9,No,76.71,North,Low,36.95
Maize,Vegetative,Clay,7.27,33.27,1.15,3.38,76.0,48.5,20.0,21.32,42.0,823.49,5.71,14.58,Zaid,Sprinkler,Rainwater,1.41,Yes,94.1,East,Low,48.14
Rice,Sowing,Silt,5.58,9.55,0.45,1.86,80.0,47.0,40.0,40.08,75.13,1724.0,4.8,5.07,Rabi,Drip,Reservoir,5.94,Yes,19.85,West,Low,13.5
Cotton,Flowering,Silt,6.42,21.4,1.3,1.36,117.0,46.0,19.0,30.37,39.41,1820.03,6.52,1.06,Rabi,Drip,Groundwater,4.1,No,68.07,Central,Medium,71.95
Rice,Harvest,Sandy,4.95,32.55,0.73,2.9,80.0,47.0,40.0,37.21,68.3,437.16,8.1,11.96,Kharif,Canal,Groundwater,11.03,Yes,44.97,North,Low,20.58
Cotton,Vegetative,Loamy,8.1,60.9,1.5,3.04,117.0,46.0,19.0,13.36,45.31,853.63,10.58,16.59,Rabi,Drip,Groundwater,0.67,No,8.34,North,Medium,4.35
Maize,Flowering,Sandy,7.23,37.74,1.52,0.57,76.0,48.5,20.0,30.21,27.52,318.46,7.58,15.76,Zaid,Rainfed,Reservoir,2.83,Yes,63.38,South,Medium,70.76
Cotton,Sowing,Silt,6.93,43.53,1.07,3.26,117.0,46.0,19.0,28.65,51.34,1768.08,8.5,19.17,Kharif,Rainfed,River,13.29,No,97.12,North,Low,48.77
Rice,Flowering,Clay,7.72,40.19,1.18,0.71,80.0,47.0,40.0,25.31,48.16,1242.2,6.32,17.13,Kharif,Sprinkler,Groundwater,1.43,Yes,78.17,Central,Low,47.01
Maize,Harvest,Sandy,7.76,9.39,1.45,1.0,76.0,48.5,20.0,32.53,41.72,201.34,10.28,18.71,Zaid,Drip,River,10.8,No,103.14,Central,High,113.59
Rice,Sowing,Clay,7.05,22.32,1.18,1.77,80.0,47.0,40.0,21.54,29.8,2051.26,5.28,4.0,Rabi,Sprinkler,River,2.57,No,106.7,Central,Low,59.84
Rice,Harvest,Loamy,5.96,13.22,0.77,2.93,80.0,47.0,40.0,14.82,85.02,2155.27,6.07,3.92,Kharif,Rainfed,Groundwater,0.32,No,29.24,West,Low,10.9
Cotton,Vegetative,Loamy,7.12,27.17,1.19,1.91,117.0,46.0,19.0,40.48,54.21,315.69,4.03,2.59,Kharif,Drip,Groundwater,12.83,No,61.9,North,Medium,69.03
Cotton,Harvest,Sandy,4.87,52.06,0.45,0.93,117.0,46.0,19.0,15.16,80.74,1640.27,10.0,8.84,Zaid,Canal,Rainwater,14.09,No,69.83,South,Low,19.64
Cotton,Harvest,Silt,7.3,48.83,0.91,0.25,117.0,46.0,19.0,41.78,73.45,1755.31,10.63,0.74,Zaid,Canal,Groundwater,13.45,No,103.53,East,Low,38.36
Maize,Vegetative,Clay,6.46,42.82,0.52,2.21,76.0,48.5,20.0,15.77,89.96,1371.67,5.96,7.94,Rabi,Rainfed,Rainwater,2.65,Yes,13.8,South,Low,6.11
Cotton,Harvest,Silt,7.56,56.59,0.35,1.53,117.0,46.0,19.0,17.13,26.66,1257.32,6.69,12.71,Kharif,Drip,Groundwater,12.78,No,26.92,South,Low,7.38
Maize,Vegetative,Silt,7.95,58.45,0.5,2.75,76.0,48.5,20.0,27.37,74.14,1722.7,6.87,16.46,Rabi,Rainfed,Rainwater,14.55,Yes,85.71,East,Low,36.55
Maize,Sowing,Sandy,6.54,30.85,1.18,0.14,76.0,48.5,20.0,41.13,73.63,1150.06,7.33,1.41,Kharif,Rainfed,Groundwater,3.61,No,51.49,East,Low,32.1
Rice,Harvest,Loamy,6.38,13.59,0.33,0.76,80.0,47.0,40.0,12.61,65.67,223.85,4.4,3.2,Kharif,Drip,Rainwater,14.35,No,118.23,East,Medium,82.38
Maize,Flowering,Sandy,7.81,15.89,0.3,1.62,76.0,48.5,20.0,33.32,89.49,1215.19,9.93,7.01,Kharif,Canal,Groundwater,14.73,No,118.42,West,Medium,130.07
Maize,Flowering,Clay,8.13,16.68,1.39,0.23,76.0,48.5,20.0,31.67,50.05,1231.17,4.01,5.87,Kharif,Rainfed,Reservoir,13.3,Yes,66.74,Central,Medium,72.19
Rice,Flowering,Loamy,5.16,57.4,1.24,3.34,80.0,47.0,40.0,18.55,93.3,531.1,6.45,12.96,Rabi,Sprinkler,Groundwater,13.68,Yes,34.7,East,Low,16.41
Maize,Sowing,Sandy,5.18,27.35,0.62,2.74,76.0,48.5,20.0,37.26,30.05,518.99,9.6,4.69,Rabi,Rainfed,Reservoir,14.92,Yes,95.59,East,Low,60.25
Cotton,Flowering,Loamy,6.89,44.8,1.01,0.29,117.0,46.0,19.0,21.9,38.7,231.82,7.69,6.44,Rabi,Rainfed,Reservoir,11.2,Yes,104.4,East,Medium,107.97
Cotton,Flowering,Silt,7.53,64.81,1.18,0.25,117.0,46.0,19.0,29.74,65.38,764.8,8.3,10.9,Zaid,Drip,Groundwater,9.63,No,31.84,East,Medium,22.16
Cotton,Harvest,Clay,7.86,21.24,0.37,0.64,117.0,46.0,19.0,34.11,52.09,2077.04,9.92,11.64,Kharif,Drip,Reservoir,11.24,No,34.82,West,Medium,22.26
Maize,Sowing,Silt,4.82,63.4,1.32,1.46,76.0,48.5,20.0,40.44,85.93,1170.16,6.67,6.18,Rabi,Drip,Groundwater,10.96,Yes,7.38,Central,Low,3.34
Rice,Flowering,Loamy,5.43,18.19,1.42,2.97,80.0,47.0,40.0,33.18,93.14,1671.58,8.86,9.87,Zaid,Sprinkler,Reservoir,1.32,Yes,7.51,West,Medium,8.24
Cotton,Vegetative,Loamy,5.14,37.14,1.09,2.5,117.0,46.0,19.0,18.53,52.07,354.11,7.61,5.5,Zaid,Rainfed,River,14.8,No,106.97,North,Low,60.38
Maize,Flowering,Sandy,4.95,63.95,1.25,0.88,76.0,48.5,20.0,34.58,30.38,818.07,4.01,14.81,Kharif,Canal,Reservoir,6.43,Yes,66.14,South,Medium,48.65
Maize,Flowering,Silt,5.41,25.94,0.72,3.04,76.0,48.5,20.0,33.35,79.14,581.02,6.12,2.87,Zaid,Drip,River,5.27,No,86.43,West,Medium,90.62
Rice,Flowering,Silt,7.0,31.0,0.56,1.98,80.0,47.0,40.0,22.56,52.62,273.54,4.7,14.87,Zaid,Rainfed,River,12.73,Yes,109.12,West,Medium,124.3
Rice,Sowing,Sandy,6.38,21.81,0.84,0.94,80.0,47.0,40.0,35.72,46.53,2458.89,5.39,18.76,Rabi,Drip,River,6.02,Yes,95.77,East,Medium,88.35
Rice,Harvest,Sandy,8.05,31.88,0.97,0.14,80.0,47.0,40.0,22.61,43.83,1071.3,7.63,19.13,Rabi,Sprinkler,River,13.27,Yes,40.38,West,Low,14.83
Maize,Sowing,Sandy,5.53,45.42,0.52,3.21,76.0,48.5,20.0,39.63,84.98,1423.78,7.85,17.45,Zaid,Drip,Rainwater,12.78,No,99.91,South,Low,54.5
Rice,Vegetative,Silt,6.09,28.38,0.93,1.71,80.0,47.0,40.0,22.23,34.58,459.02,10.84,14.45,Rabi,Rainfed,Rainwater,3.56,Yes,60.91,East,Low,34.99
Maize,Flowering,Clay,6.38,8.06,0.77,3.0,76.0,48.5,20.0,36.32,39.94,2460.85,5.29,6.13,Zaid,Canal,Reservoir,11.96,Yes,104.05,West,Medium,117.45
Maize,Flowering,Silt,5.78,63.26,1.59,0.49,76.0,48.5,20.0,26.31,82.18,2236.97,4.87,18.01,Zaid,Rainfed,Reservoir,3.92,Yes,27.14,West,Low,13.02
Maize,Harvest,Silt,6.61,23.35,0.32,0.6,76.0,48.5,20.0,16.03,53.69,2183.55,5.97,4.24,Rabi,Canal,River,10.69,No,48.13,West,Low,17.67
Maize,Sowing,Clay,7.17,41.62,1.54,1.78,76.0,48.5,20.0,40.94,25.77,2066.13,6.2,4.66,Zaid,Rainfed,Rainwater,12.04,Yes,114.73,East,Low,65.06
Rice,Vegetative,Clay,6.92,46.83,1.05,2.66,80.0,47.0,40.0,34.65,60.28,1044.4,8.09,4.96,Kharif,Canal,River,1.78,No,84.59,Central,Medium,62.2
Maize,Harvest,Silt,5.44,46.9,1.28,0.75,76.0,48.5,20.0,21.01,71.86,1996.79,7.08,19.45,Rabi,Drip,Groundwater,3.11,No,6.76,East,Low,2.13
Rice,Vegetative,Silt,6.4,56.18,0.97,1.35,80.0,47.0,40.0,40.32,81.47,917.32,4.55,2.44,Rabi,Drip,River,13.86,Yes,79.05,East,Low,38.81
Maize,Harvest,Loamy,7.25,8.55,0.67,3.12,76.0,48.5,20.0,35.37,77.23,1837.7,10.65,7.9,Zaid,Sprinkler,River,10.48,No,71.93,East,Medium,46.96
Maize,Sowing,Silt,6.6,20.55,1.41,3.28,76.0,48.5,20.0,22.93,30.21,1088.83,5.5,11.32,Kharif,Canal,Rainwater,1.67,No,10.63,South,Medium,8.76
Rice,Harvest,Loamy,6.14,45.94,1.08,3.23,80.0,47.0,40.0,30.11,57.33,1012.99,5.87,2.6,Rabi,Sprinkler,Reservoir,3.7,No,43.77,Central,Low,15.25
Rice,Harvest,Clay,5.9,59.02,1.05,2.88,80.0,47.0,40.0,24.8,30.51,1991.58,6.64,1.26,Zaid,Drip,River,10.16,Yes,21.32,West,Low,6.17
Rice,Flowering,Sandy,7.99,31.57,1.41,3.21,80.0,47.0,40.0,36.18,30.39,2320.52,5.01,2.73,Zaid,Rainfed,Rainwater,11.93,Yes,30.68,West,Low,22.06
Cotton,Sowing,Sandy,7.83,42.6,1.57,3.23,117.0,46.0,19.0,39.97,74.7,1614.69,8.85,14.36,Rabi,Sprinkler,Groundwater,4.47,Yes,73.16,West,Low,41.1
Cotton,Sowing,Silt,6.96,35.46,1.29,1.85,117.0,46.0,19.0,16.49,85.38,1794.64,4.62,13.66,Zaid,Rainfed,River,13.72,Yes,112.71,Central,Low,53.74
Cotton,Flowering,Clay,7.43,50.82,0.71,2.25,117.0,46.0,19.0,38.84,75.94,1872.14,7.0,1.61,Kharif,Sprinkler,Reservoir,7.27,No,66.61,North,Medium,58.66
Rice,Vegetative,Clay,4.91,24.07,1.21,2.35,80.0,47.0,40.0,16.65,62.64,2018.61,5.3,17.65,Zaid,Rainfed,River,9.15,Yes,22.96,Central,Medium,17.22
Rice,Sowing,Silt,5.98,40.59,0.84,0.22,80.0,47.0,40.0,28.72,87.83,1954.53,10.11,19.59,Rabi,Canal,River,9.2,Yes,17.4,South,Low,8.98
Cotton,Vegetative,Silt,4.91,31.95,1.01,0.15,117.0,46.0,19.0,19.18,73.09,2299.48,7.24,19.83,Kharif,Rainfed,Groundwater,11.2,Yes,39.91,Central,Low,20.19
Cotton,Sowing,Loamy,5.19,42.03,0.59,3.38,117.0,46.0,19.0,35.81,55.1,2167.61,5.07,16.44,Rabi,Rainfed,Groundwater,13.12,Yes,47.68,East,Low,25.96
Rice,Harvest,Sandy,6.97,33.35,1.57,1.87,80.0,47.0,40.0,35.11,73.31,1238.15,7.39,3.61,Zaid,Canal,Groundwater,8.49,No,8.53,East,Low,3.49
Maize,Vegetative,Silt,7.61,36.25,1.37,1.9,76.0,48.5,20.0,17.47,33.45,368.36,7.17,7.4,Rabi,Canal,Groundwater,9.73,Yes,11.24,Central,Low,6.24
Rice,Vegetative,Loamy,6.52,11.95,1.23,1.4,80.0,47.0,40.0,20.1,75.72,336.96,9.21,12.21,Zaid,Canal,River,10.18,No,26.02,East,Medium,24.94
Cotton,Sowing,Loamy,7.17,50.47,1.38,3.39,117.0,46.0,19.0,13.52,28.82,1018.81,5.97,11.53,Kharif,Sprinkler,Groundwater,14.12,No,23.77,West,Low,9.69
Cotton,Sowing,Loamy,6.8,27.27,0.43,2.54,117.0,46.0,19.0,34.91,48.93,425.86,4.93,13.91,Kharif,Sprinkler,Rainwater,10.27,Yes,80.4,South,Low,54.36
Cotton,Vegetative,Sandy,7.63,28.03,1.18,2.44,117.0,46.0,19.0,20.75,89.27,1008.5,8.63,3.9,Rabi,Sprinkler,Groundwater,7.28,No,73.67,East,Low,39.15
Maize,Vegetative,Loamy,5.05,14.76,0.65,0.89,76.0,48.5,20.0,40.35,65.2,2127.97,7.57,17.48,Rabi,Canal,Reservoir,10.3,No,109.94,Central,High,138.88
Rice,Harvest,Sandy,7.15,16.37,1.32,2.0,80.0,47.0,40.0,38.64,88.73,1636.29,9.79,17.24,Kharif,Drip,River,10.08,Yes,112.04,Central,Medium,75.31
Maize,Vegetative,Sandy,6.62,18.59,1.54,1.31,76.0,48.5,20.0,33.49,46.66,1656.88,4.32,4.72,Zaid,Canal,Groundwater,8.02,Yes,20.68,East,Medium,18.96
Cotton,Flowering,Loamy,6.91,28.99,0.78,1.4,117.0,46.0,19.0,26.26,32.78,1986.28,8.32,18.46,Rabi,Sprinkler,Reservoir,0.96,No,73.85,South,Medium,70.58
Maize,Sowing,Clay,7.83,49.29,0.77,1.06,76.0,48.5,20.0,22.64,94.35,490.87,9.32,18.16,Rabi,Sprinkler,Reservoir,13.77,No,103.17,South,Low,47.78
Cotton,Vegetative,Sandy,5.01,56.23,1.04,3.23,117.0,46.0,19.0,36.19,93.45,2390.87,8.2,6.58,Kharif,Rainfed,River,13.22,Yes,47.46,West,Low,22.51
Maize,Flowering,Clay,7.33,12.25,1.07,3.31,76.0,48.5,20.0,15.15,27.66,275.66,9.44,19.41,Rabi,Drip,Reservoir,2.9,Yes,27.29,East,High,40.72
Cotton,Vegetative,Clay,5.73,48.98,1.59,0.96,117.0,46.0,19.0,18.0,71.8,1463.59,9.38,16.13,Zaid,Drip,Rainwater,2.93,No,65.68,South,Medium,40.11
Cotton,Sowing,Silt,6.66,35.94,0.8,0.73,117.0,46.0,19.0,14.48,31.28,1535.39,4.74,17.09,Rabi,Drip,Rainwater,0.72,Yes,35.86,North,Low,16.75
Rice,Harvest,Sandy,7.53,49.92,1.44,3.06,80.0,47.0,40.0,37.3,89.61,706.73,5.28,15.4,Zaid,Rainfed,Groundwater,13.62,Yes,53.08,North,Low,19.0
Maize,Sowing,Sandy,5.41,55.49,0.69,1.87,76.0,48.5,20.0,22.83,59.3,2113.7,4.56,11.77,Rabi,Rainfed,Rainwater,8.25,Yes,27.1,West,Low,11.4
Rice,Sowing,Loamy,6.01,40.6,0.8,1.99,80.0,47.0,40.0,26.66,44.47,914.34,8.74,11.3,Zaid,Canal,Reservoir,10.75,Yes,112.98,Central,Low,57.17
Cotton,Sowing,Loamy,7.31,17.36,0.74,1.66,117.0,46.0,19.0,40.42,64.7,2313.81,5.85,5.21,Zaid,Rainfed,Groundwater,1.65,Yes,6.86,South,Low,4.67
Maize,Sowing,Silt,6.15,12.04,1.4,2.26,76.0,48.5,20.0,37.08,42.42,507.78,5.26,9.38,Zaid,Rainfed,Rainwater,14.23,Yes,35.26,West,Low,23.79
Cotton,Sowing,Clay,5.69,26.24,1.59,3.43,117.0,46.0,19.0,21.36,93.81,512.97,5.16,10.92,Kharif,Rainfed,Rainwater,13.43,Yes,62.23,Central,Low,34.18
Rice,Vegetative,Sandy,5.97,32.57,0.49,2.98,80.0,47.0,40.0,25.29,54.56,1898.5,10.65,12.11,Rabi,Rainfed,Groundwater,14.11,No,69.32,Central,Medium,53.07
Maize,Vegetative,Loamy,5.62,49.4,1.29,2.08,76.0,48.5,20.0,34.65,50.13,133.62,8.94,12.13,Kharif,Canal,Groundwater,3.99,No,104.28,North,High,136.22
Cotton,Harvest,Sandy,4.87,19.66,0.64,1.38,117.0,46.0,19.0,21.74,43.51,300.34,8.4,11.26,Zaid,Drip,Rainwater,4.8,Yes,37.85,Central,Low,18.65
Rice,Harvest,Loamy,7.43,28.44,1.42,2.17,80.0,47.0,40.0,39.57,36.27,1431.03,6.18,18.36,Zaid,Sprinkler,Groundwater,3.61,Yes,9.29,South,Low,4.12
Cotton,Harvest,Clay,7.57,59.09,0.84,1.53,117.0,46.0,19.0,22.6,87.22,1932.17,7.63,10.83,Kharif,Sprinkler,Rainwater,13.66,Yes,40.06,Central,Low,11.32
Maize,Harvest,Loamy,6.48,29.77,1.1,3.3,76.0,48.5,20.0,15.05,32.7,1686.33,4.92,6.2,Kharif,Sprinkler,Rainwater,1.66,Yes,115.39,Central,Low,39.79
Rice,Harvest,Silt,5.64,12.47,0.96,2.56,80.0,47.0,40.0,40.88,53.51,849.34,5.47,16.16,Rabi,Canal,River,10.97,Yes,115.09,East,Medium,78.29
Rice,Vegetative,Sandy,5.15,29.14,1.21,0.75,80.0,47.0,40.0,15.17,56.95,1907.65,6.76,8.23,Rabi,Canal,Rainwater,2.85,Yes,111.2,South,Low,55.14
Rice,Harvest,Sandy,8.14,50.51,0.75,2.64,80.0,47.0,40.0,38.98,94.12,2218.52,6.98,3.08,Rabi,Rainfed,River,14.56,Yes,1.67,North,Low,0.6
Rice,Harvest,Sandy,7.72,17.85,0.73,2.61,80.0,47.0,40.0,38.73,27.44,1527.61,6.5,19.52,Rabi,Rainfed,Groundwater,5.57,No,69.04,East,Medium,46.44
Maize,Harvest,Clay,5.45,53.51,1.0,0.9,76.0,48.5,20.0,15.64,52.89,493.04,9.38,7.34,Rabi,Rainfed,River,2.11,No,69.65,West,Low,20.04
Rice,Flowering,Clay,6.3,52.2,0.83,2.32,80.0,47.0,40.0,30.19,69.19,1947.09,7.37,11.89,Kharif,Canal,River,9.01,Yes,113.5,South,Medium,91.08
Cotton,Sowing,Sandy,6.11,18.61,1.05,3.26,117.0,46.0,19.0,20.7,44.78,314.26,5.11,1.49,Kharif,Canal,River,6.69,Yes,5.21,Central,Low,3.59
Rice,Vegetative,Silt,5.92,24.52,0.8,0.97,80.0,47.0,40.0,28.39,82.08,286.15,7.54,10.01,Kharif,Rainfed,Groundwater,8.48,No,11.99,Central,High,16.36
Rice,Harvest,Clay,4.96,47.12,0.66,0.5,80.0,47.0,40.0,30.42,81.86,2152.11,6.64,9.22,Kharif,Canal,Rainwater,0.74,Yes,90.91,West,Low,31.4
Maize,Flowering,Loamy,5.16,59.94,1.3,3.25,76.0,48.5,20.0,19.77,67.81,1490.89,4.03,5.59,Zaid,Rainfed,Rainwater,6.4,No,65.74,East,Low,30.64
Maize,Sowing,Sandy,7.06,36.94,1.1,0.92,76.0,48.5,20.0,40.19,43.39,2227.31,5.79,17.93,Zaid,Drip,Groundwater,0.51,Yes,69.11,Central,Low,40.88
Rice,Flowering,Sandy,5.77,31.2,0.98,1.34,80.0,47.0,40.0,24.21,41.61,1015.77,5.19,17.96,Kharif,Drip,Rainwater,12.8,Yes,3.43,South,Low,2.21
Rice,Sowing,Silt,7.98,18.99,0.67,1.13,80.0,47.0,40.0,33.73,27.49,1175.98,9.83,5.82,Rabi,Sprinkler,Groundwater,2.82,Yes,44.17,North,Low,28.41
Rice,Flowering,Silt,4.87,20.95,1.1,0.77,80.0,47.0,40.0,31.63,75.92,397.51,4.54,2.95,Zaid,Rainfed,Rainwater,7.83,No,22.19,North,Medium,26.93
Maize,Vegetative,Silt,6.44,21.92,0.54,2.6,76.0,48.5,20.0,32.02,57.85,1958.53,7.25,13.29,Zaid,Canal,River,9.32,Yes,31.82,Central,Medium,28.35
Cotton,Sowing,Sandy,6.5,58.87,1.48,0.19,117.0,46.0,19.0,19.82,64.58,1829.92,10.3,6.2,Kharif,Rainfed,River,12.3,Yes,50.11,West,Low,19.7
Maize,Vegetative,Sandy,5.25,35.56,1.4,1.31,76.0,48.5,20.0,31.96,88.86,1378.07,9.62,16.76,Rabi,Drip,River,7.94,No,38.42,West,Medium,30.57
Rice,Flowering,Sandy,7.09,62.24,0.71,2.41,80.0,47.0,40.0,12.78,47.15,19.21,10.85,3.45,Zaid,Rainfed,River,2.47,No,76.1,East,Medium,71.2
Maize,Sowing,Silt,7.46,14.4,0.38,1.66,76.0,48.5,20.0,32.8,45.55,687.89,6.6,14.78,Zaid,Canal,Rainwater,11.72,No,36.21,East,Medium,32.98
Maize,Flowering,Sandy,6.81,41.29,0.94,2.13,76.0,48.5,20.0,17.36,65.9,2112.58,5.15,0.79,Kharif,Rainfed,Rainwater,1.0,No,45.78,West,Low,25.1
Cotton,Vegetative,Clay,5.78,24.94,0.81,3.28,117.0,46.0,19.0,32.9,53.69,377.48,10.03,16.43,Kharif,Sprinkler,Groundwater,1.07,Yes,98.98,West,Medium,99.95
Rice,Vegetative,Loamy,5.65,47.4,0.86,2.08,80.0,47.0,40.0,34.55,45.84,761.59,8.34,13.47,Rabi,Sprinkler,Rainwater,5.24,Yes,90.42,North,Medium,66.06
Rice,Vegetative,Sandy,6.71,47.03,0.39,0.73,80.0,47.0,40.0,19.77,30.02,1248.35,10.68,4.72,Rabi,Drip,River,10.32,Yes,90.16,South,Low,40.03
Cotton,Sowing,Loamy,7.58,34.83,1.13,0.37,117.0,46.0,19.0,17.04,77.82,2103.22,4.02,9.12,Kharif,Rainfed,Reservoir,4.65,Yes,99.0,South,Low,47.75
Rice,Harvest,Sandy,6.7,63.46,0.45,3.34,80.0,47.0,40.0,39.27,71.86,49.84,4.06,14.61,Zaid,Rainfed,Rainwater,1.65,No,47.82,North,Medium,32.0
Rice,Vegetative,Clay,5.67,12.31,1.21,0.76,80.0,47.0,40.0,24.81,60.52,506.01,4.47,4.61,Rabi,Drip,Groundwater,4.05,No,2.55,West,Medium,2.19
Maize,Harvest,Clay,5.69,8.19,1.37,2.35,76.0,48.5,20.0,37.97,93.0,2389.73,10.6,8.88,Rabi,Rainfed,Rainwater,11.22,No,101.23,East,Medium,67.64
Maize,Flowering,Clay,5.84,42.26,0.67,0.94,76.0,48.5,20.0,35.01,64.42,90.8,10.49,3.86,Rabi,Rainfed,Groundwater,3.91,Yes,37.56,East,Medium,50.19
Rice,Vegetative,Loamy,4.96,35.16,0.98,1.42,80.0,47.0,40.0,12.53,44.44,378.0,4.22,17.38,Zaid,Rainfed,Groundwater,5.66,Yes,44.11,North,Low,23.87
Cotton,Flowering,Loamy,5.55,15.12,1.56,3.37,117.0,46.0,19.0,41.85,89.41,1414.41,7.8,15.05,Zaid,Rainfed,Rainwater,3.67,Yes,24.19,South,Medium,28.21
Cotton,Harvest,Loamy,7.2,17.72,1.5,3.4,117.0,46.0,19.0,14.21,87.71,846.45,5.23,10.32,Rabi,Canal,River,1.97,Yes,108.89,East,Low,40.58
Rice,Flowering,Silt,7.46,56.57,0.77,0.74,80.0,47.0,40.0,25.85,76.94,522.42,10.02,2.94,Rabi,Rainfed,Reservoir,12.23,No,23.51,West,Low,12.13
Maize,Harvest,Loamy,6.35,57.47,1.31,2.93,76.0,48.5,20.0,38.35,33.95,2496.5,6.94,0.96,Rabi,Canal,River,10.07,Yes,35.47,South,Low,11.85
Rice,Harvest,Sandy,7.17,46.41,1.5,0.76,80.0,47.0,40.0,36.58,74.26,852.76,9.39,1.81,Rabi,Drip,Rainwater,4.28,Yes,78.34,Central,Low,28.84
Rice,Flowering,Clay,8.02,47.67,0.56,1.63,80.0,47.0,40.0,20.55,32.62,2440.39,10.64,2.25,Rabi,Drip,Reservoir,6.62,Yes,73.09,West,Low,39.02
Maize,Flowering,Silt,5.92,62.35,0.99,3.39,76.0,48.5,20.0,20.22,92.4,1733.2,8.95,9.32,Kharif,Sprinkler,Rainwater,3.67,Yes,96.88,North,Low,44.15
Cotton,Sowing,Silt,6.53,56.15,0.46,0.27,117.0,46.0,19.0,19.54,73.75,900.34,8.45,15.4,Zaid,Canal,River,1.8,No,111.34,North,Low,44.95
Rice,Flowering,Loamy,6.68,13.47,1.05,2.8,80.0,47.0,40.0,17.21,45.31,1922.03,4.71,19.13,Kharif,Rainfed,Groundwater,5.45,Yes,30.46,South,Medium,28.48
Maize,Vegetative,Clay,6.33,36.67,0.4,1.77,76.0,48.5,20.0,35.65,35.82,627.72,4.75,17.37,Kharif,Sprinkler,Groundwater,14.89,No,46.95,North,Medium,38.27
Rice,Sowing,Sandy,5.81,31.38,1.48,0.15,80.0,47.0,40.0,19.44,57.95,380.39,7.34,19.93,Kharif,Canal,Reservoir,1.05,Yes,26.02,East,Low,15.23
Cotton,Vegetative,Clay,6.1,55.63,0.96,1.83,117.0,46.0,19.0,15.7,42.92,543.48,8.46,12.97,Rabi,Drip,Reservoir,5.55,No,50.86,West,Medium,28.3
Rice,Vegetative,Loamy,7.64,29.7,1.23,1.72,80.0,47.0,40.0,33.67,69.29,1882.73,10.0,2.09,Kharif,Canal,Reservoir,12.65,Yes,87.43,North,Low,52.01
Rice,Vegetative,Clay,8.09,11.63,1.49,1.27,80.0,47.0,40.0,39.73,39.66,657.85,10.93,16.54,Kharif,Sprinkler,Reservoir,2.99,No,76.05,Central,High,95.85
Rice,Vegetative,Sandy,6.14,10.44,1.18,2.58,80.0,47.0,40.0,12.43,38.32,1959.67,7.82,14.89,Kharif,Drip,Rainwater,12.85,Yes,14.69,Central,Medium,11.17
Cotton,Sowing,Loamy,7.68,31.32,1.24,2.48,117.0,46.0,19.0,17.5,78.18,643.25,8.21,8.77,Rabi,Canal,Groundwater,13.24,Yes,22.85,Central,Low,11.41
Rice,Flowering,Clay,6.68,19.61,1.06,2.09,80.0,47.0,40.0,40.94,55.92,415.9,4.63,9.0,Rabi,Sprinkler,Reservoir,0.35,Yes,49.06,West,Medium,63.61
Rice,Flowering,Clay,5.59,44.85,1.39,0.61,80.0,47.0,40.0,34.51,77.84,1881.32,4.81,16.03,Rabi,Sprinkler,River,7.48,Yes,105.17,North,Medium,94.46
Cotton,Flowering,Loamy,7.23,27.19,0.82,3.21,117.0,46.0,19.0,18.67,76.42,2449.21,6.91,16.58,Zaid,Sprinkler,Groundwater,3.93,No,3.7,North,Medium,3.32
Rice,Harvest,Sandy,7.52,43.29,1.39,0.55,80.0,47.0,40.0,19.1,91.18,425.68,5.73,12.79,Kharif,Rainfed,River,12.76,Yes,106.07,East,Low,37.38
Maize,Flowering,Clay,6.33,34.46,1.16,1.08,76.0,48.5,20.0,13.92,46.94,1337.05,6.72,11.96,Kharif,Canal,Rainwater,7.57,Yes,110.14,West,Low,62.53
Rice,Flowering,Sandy,7.72,14.92,0.48,1.21,80.0,47.0,40.0,24.14,88.06,1061.06,5.8,14.05,Kharif,Canal,Groundwater,13.33,Yes,70.3,East,Medium,70.67
Maize,Harvest,Sandy,5.57,8.19,1.08,3.13,76.0,48.5,20.0,33.75,77.24,2103.16,8.8,18.6,Zaid,Drip,River,14.15,No,84.21,West,Medium,54.17
Cotton,Vegetative,Loamy,5.72,55.0,0.48,0.74,117.0,46.0,19.0,15.03,73.42,1597.19,7.86,7.87,Zaid,Drip,Reservoir,8.12,No,44.11,Central,Low,17.17
Maize,Sowing,Sandy,7.42,38.74,0.52,0.1,76.0,48.5,20.0,31.82,47.85,2189.14,7.88,6.98,Zaid,Drip,Rainwater,0.59,Yes,111.99,Central,Low,60.56
Cotton,Harvest,Loamy,7.23,36.13,1.03,1.01,117.0,46.0,19.0,37.43,44.18,1568.59,8.0,16.35,Rabi,Sprinkler,Rainwater,0.59,Yes,72.88,West,Low,29.72
Rice,Vegetative,Clay,8.09,47.92,1.35,3.39,80.0,47.0,40.0,32.76,34.33,2257.51,7.84,3.0,Kharif,Canal,Reservoir,14.48,Yes,59.05,South,Low,29.55
Rice,Harvest,Sandy,7.59,15.21,1.32,3.13,80.0,47.0,40.0,17.18,40.01,1636.95,4.49,1.49,Zaid,Canal,Reservoir,10.83,Yes,110.98,East,Low,42.36
Cotton,Sowing,Sandy,7.34,34.66,0.75,3.05,117.0,46.0,19.0,23.24,91.18,1455.7,10.82,4.36,Rabi,Drip,Rainwater,7.34,Yes,95.14,West,Low,49.05
Maize,Harvest,Sandy,6.4,36.35,0.75,3.38,76.0,48.5,20.0,40.1,53.12,806.96,4.16,10.47,Kharif,Drip,Reservoir,10.87,No,3.3,South,Low,1.37
Cotton,Sowing,Loamy,7.46,32.91,0.47,2.65,117.0,46.0,19.0,18.52,56.1,1806.35,7.91,6.76,Rabi,Rainfed,River,12.42,Yes,15.79,North,Low,7.87
Cotton,Flowering,Sandy,7.34,30.39,1.18,2.14,117.0,46.0,19.0,36.4,29.74,245.32,5.15,7.06,Rabi,Drip,Reservoir,12.01,No,81.16,West,Medium,108.55
Cotton,Sowing,Clay,6.86,36.48,1.14,0.58,117.0,46.0,19.0,12.05,35.66,2172.12,5.72,16.29,Rabi,Sprinkler,Rainwater,2.25,No,93.36,Central,Low,43.4
Maize,Vegetative,Sandy,4.86,47.44,0.91,2.13,76.0,48.5,20.0,21.83,41.45,884.08,5.77,19.41,Rabi,Rainfed,River,5.26,Yes,65.64,Central,Low,29.66
Cotton,Flowering,Silt,6.97,29.52,0.94,2.98,117.0,46.0,19.0,15.12,74.4,969.74,6.6,5.3,Kharif,Sprinkler,River,5.21,No,29.18,South,Low,17.3
Rice,Harvest,Silt,7.7,38.58,1.19,1.54,80.0,47.0,40.0,18.71,74.54,1169.81,5.03,1.1,Rabi,Rainfed,Groundwater,4.2,No,66.05,North,Low,21.97
Cotton,Sowing,Loamy,5.7,58.71,1.41,2.8,117.0,46.0,19.0,21.57,72.48,2187.38,10.09,4.92,Kharif,Canal,Reservoir,5.61,Yes,39.31,East,Low,15.77
Maize,Sowing,Loamy,7.49,59.22,0.81,3.07,76.0,48.5,20.0,23.8,39.43,1744.75,5.92,7.6,Rabi,Canal,River,4.74,No,48.18,South,Low,19.66
Cotton,Flowering,Clay,4.92,63.35,1.36,1.34,117.0,46.0,19.0,15.58,53.37,824.25,4.11,3.93,Zaid,Canal,Rainwater,1.71,Yes,55.18,East,Low,23.65
Maize,Harvest,Sandy,7.97,44.24,0.58,1.28,76.0,48.5,20.0,26.39,25.97,814.68,5.12,4.85,Zaid,Rainfed,Reservoir,2.42,No,17.44,Central,Low,5.96
Maize,Sowing,Sandy,5.16,17.02,0.33,1.9,76.0,48.5,20.0,23.36,43.78,2410.6,10.79,18.73,Kharif,Rainfed,River,8.66,Yes,27.3,North,Low,15.88
Maize,Sowing,Loamy,7.41,41.01,1.07,2.05,76.0,48.5,20.0,39.89,54.71,1609.75,9.97,10.68,Kharif,Drip,Reservoir,0.56,No,104.72,North,Low,59.66
Maize,Flowering,Loamy,5.72,31.8,0.82,0.97,76.0,48.5,20.0,30.9,52.81,1373.38,6.07,17.78,Zaid,Rainfed,River,5.76,No,39.88,South,Medium,38.94
Cotton,Sowing,Silt,5.63,20.09,1.59,2.96,117.0,46.0,19.0,32.3,43.39,1354.0,9.12,18.99,Rabi,Sprinkler,Groundwater,6.99,Yes,42.48,West,Medium,38.49
Rice,Flowering,Silt,8.17,37.73,0.6,2.36,80.0,47.0,40.0,37.27,63.14,1125.12,9.25,18.09,Kharif,Rainfed,River,3.61,No,89.25,West,Medium,87.75
Maize,Harvest,Loamy,5.47,44.98,0.64,1.62,76.0,48.5,20.0,38.97,65.21,1246.61,5.81,6.64,Kharif,Canal,Reservoir,6.0,Yes,47.25,South,Low,18.01
Cotton,Harvest,Clay,7.95,48.74,1.52,0.13,117.0,46.0,19.0,41.48,80.98,221.51,10.99,18.08,Zaid,Sprinkler,River,6.14,No,81.83,North,Medium,56.85
Maize,Flowering,Silt,8.1,59.13,1.18,0.29,76.0,48.5,20.0,27.19,25.32,1155.78,6.22,7.88,Rabi,Drip,Groundwater,13.08,No,11.55,West,Low,5.86
Maize,Vegetative,Silt,8.02,24.62,1.19,1.74,76.0,48.5,20.0,28.26,25.15,833.99,6.5,14.4,Kharif,Canal,River,0.67,No,112.49,Central,Medium,94.66
Cotton,Flowering,Clay,7.81,26.62,1.44,2.89,117.0,46.0,19.0,32.03,93.42,442.86,8.08,6.49,Zaid,Canal,Reservoir,10.04,No,60.6,West,Medium,67.68
Maize,Harvest,Sandy,5.53,29.18,1.16,1.07,76.0,48.5,20.0,23.21,43.49,2037.02,4.05,11.84,Rabi,Drip,Reservoir,3.04,Yes,12.4,East,Low,4.69
Cotton,Flowering,Clay,6.96,30.49,1.03,2.98,117.0,46.0,19.0,31.86,44.76,1480.11,6.16,5.05,Kharif,Canal,Groundwater,14.43,Yes,62.74,Central,Low,43.75
Rice,Flowering,Clay,5.41,28.82,0.54,2.29,80.0,47.0,40.0,37.58,57.45,982.4,8.23,15.54,Rabi,Canal,Groundwater,8.27,No,37.04,South,Medium,39.41
Maize,Flowering,Silt,7.4,58.15,0.44,0.62,76.0,48.5,20.0,40.21,33.15,2284.11,8.14,13.29,Rabi,Rainfed,Rainwater,8.79,Yes,40.52,South,Medium,33.38
Cotton,Vegetative,Loamy,5.4,9.39,0.79,0.59,117.0,46.0,19.0,35.68,74.25,1849.61,10.61,1.74,Kharif,Drip,River,2.72,No,98.51,Central,Medium,92.13
Rice,Flowering,Clay,6.23,64.34,0.95,1.43,80.0,47.0,40.0,23.57,33.72,1873.57,7.74,14.36,Kharif,Canal,River,6.2,Yes,50.79,West,Low,23.41
Maize,Harvest,Sandy,7.5,48.47,1.1,2.03,76.0,48.5,20.0,29.57,55.51,1736.0,7.89,11.73,Rabi,Sprinkler,Reservoir,3.71,No,100.97,West,Low,34.14
Cotton,Vegetative,Silt,8.18,37.56,1.29,1.19,117.0,46.0,19.0,26.86,86.15,2409.51,10.57,11.26,Kharif,Drip,Rainwater,9.42,Yes,47.09,West,Low,24.54
Maize,Vegetative,Sandy,6.16,26.5,0.99,1.67,76.0,48.5,20.0,37.6,85.48,1877.28,8.21,11.65,Zaid,Sprinkler,River,5.97,Yes,4.38,East,Medium,3.96
Rice,Harvest,Clay,6.04,13.3,1.1,0.74,80.0,47.0,40.0,24.38,89.9,472.67,9.37,17.65,Kharif,Rainfed,Groundwater,9.44,Yes,1.37,North,Low,0.59
Rice,Sowing,Loamy,6.14,43.4,1.56,1.28,80.0,47.0,40.0,32.66,72.86,2442.68,5.76,17.88,Zaid,Rainfed,Reservoir,5.72,No,97.55,Central,Low,50.94
Rice,Harvest,Clay,7.41,40.97,0.72,0.97,80.0,47.0,40.0,38.11,55.08,100.2,6.05,9.65,Zaid,Drip,Groundwater,11.85,Yes,49.92,Central,Low,28.15
Rice,Flowering,Silt,5.1,32.31,1.11,2.73,80.0,47.0,40.0,34.17,82.96,1347.49,6.94,3.27,Zaid,Sprinkler,River,10.16,Yes,18.07,South,Low,12.68
Cotton,Flowering,Silt,6.51,58.92,1.25,0.39,117.0,46.0,19.0,13.19,86.93,129.45,7.8,3.84,Zaid,Canal,Reservoir,9.11,Yes,107.13,North,Medium,96.29
Maize,Vegetative,Sandy,5.66,14.6,1.48,2.04,76.0,48.5,20.0,35.75,27.75,1533.48,6.4,18.89,Zaid,Rainfed,Groundwater,3.7,Yes,104.33,Central,Medium,97.64
Rice,Vegetative,Clay,6.56,37.12,0.69,1.25,80.0,47.0,40.0,36.45,78.29,111.32,4.01,15.19,Rabi,Drip,River,3.25,Yes,92.16,Central,Medium,107.34
Cotton,Flowering,Silt,4.85,36.34,1.28,0.14,117.0,46.0,19.0,29.92,68.83,934.0,10.17,3.2,Rabi,Rainfed,Reservoir,9.83,No,37.47,North,Low,24.4
Cotton,Flowering,Clay,5.7,11.44,0.92,0.78,117.0,46.0,19.0,13.56,55.81,75.43,5.62,13.54,Kharif,Sprinkler,River,5.56,No,59.95,East,High,103.92
Rice,Harvest,Loamy,6.99,19.57,0.58,2.52,80.0,47.0,40.0,34.21,83.66,723.68,7.46,10.36,Zaid,Canal,Groundwater,13.0,No,66.48,Central,Medium,42.94
Maize,Flowering,Silt,6.21,57.15,1.17,3.01,76.0,48.5,20.0,29.88,49.16,284.28,4.16,5.19,Rabi,Rainfed,Reservoir,1.2,Yes,71.32,Central,Medium,67.55
Rice,Sowing,Clay,7.96,27.52,1.26,2.3,80.0,47.0,40.0,20.78,68.53,136.08,5.76,9.43,Rabi,Sprinkler,Groundwater,8.28,No,106.21,South,Low,79.31
Maize,Vegetative,Clay,7.47,61.95,1.27,2.44,76.0,48.5,20.0,29.99,38.47,2293.06,10.15,10.76,Zaid,Sprinkler,Groundwater,3.09,Yes,104.6,West,Low,44.0
Maize,Sowing,Clay,5.48,12.09,0.96,2.17,76.0,48.5,20.0,14.49,43.49,1563.89,6.63,13.33,Kharif,Canal,Rainwater,6.57,No,67.84,West,Medium,51.59
Maize,Vegetative,Loamy,6.7,22.12,0.72,1.01,76.0,48.5,20.0,34.72,34.04,2497.23,7.3,8.05,Rabi,Sprinkler,River,9.05,Yes,42.61,West,Medium,38.86
Maize,Harvest,Sandy,7.31,43.73,1.39,1.75,76.0,48.5,20.0,28.5,60.8,1116.33,4.28,5.18,Zaid,Drip,Groundwater,9.91,No,8.96,West,Low,3.14
Cotton,Harvest,Sandy,6.93,9.03,0.44,0.43,117.0,46.0,19.0,38.04,36.11,2035.44,10.39,5.12,Zaid,Canal,Rainwater,3.49,Yes,56.1,South,Low,26.26
Cotton,Flowering,Loamy,8.15,42.68,1.53,1.02,117.0,46.0,19.0,15.78,37.2,1860.77,9.03,16.3,Kharif,Drip,River,6.99,No,7.42,South,Medium,5.64
Rice,Harvest,Sandy,5.18,19.17,0.84,3.36,80.0,47.0,40.0,39.65,27.12,2314.24,4.12,18.49,Rabi,Rainfed,Reservoir,8.03,No,19.72,Central,Medium,13.37
Maize,Flowering,Silt,7.62,64.76,0.58,3.38,76.0,48.5,20.0,29.98,50.1,2210.26,4.59,6.54,Kharif,Canal,Rainwater,6.48,Yes,60.8,North,Low,29.71
Maize,Sowing,Silt,7.44,24.67,1.27,1.42,76.0,48.5,20.0,25.63,89.34,1270.37,8.15,17.34,Zaid,Canal,Rainwater,3.02,Yes,12.68,South,Low,7.28
Maize,Sowing,Silt,8.05,38.84,0.76,3.04,76.0,48.5,20.0,17.38,38.96,569.35,4.65,9.24,Zaid,Rainfed,Groundwater,4.22,No,28.15,South,Low,13.15
Maize,Vegetative,Silt,7.17,26.04,1.19,3.08,76.0,48.5,20.0,30.85,29.62,2086.14,10.52,12.78,Kharif,Rainfed,Reservoir,10.38,Yes,18.09,North,Medium,15.43
Rice,Flowering,Loamy,6.37,61.03,0.8,2.28,80.0,47.0,40.0,26.45,38.47,1448.27,9.65,6.5,Rabi,Rainfed,Groundwater,13.48,Yes,96.7,South,Low,47.66
Maize,Flowering,Clay,6.0,53.92,0.61,0.41,76.0,48.5,20.0,17.46,77.69,534.56,8.42,3.79,Kharif,Drip,Groundwater,10.65,Yes,74.95,South,Low,36.35
Rice,Sowing,Silt,6.96,36.41,1.44,3.21,80.0,47.0,40.0,19.44,64.0,2463.0,5.55,16.83,Zaid,Drip,Groundwater,2.4,No,103.99,East,Low,50.76
Rice,Harvest,Sandy,7.11,61.49,0.66,1.11,80.0,47.0,40.0,33.48,57.76,2039.36,8.54,7.1,Rabi,Sprinkler,Groundwater,2.19,No,40.98,Central,Low,12.53
Rice,Sowing,Loamy,5.47,37.09,0.61,1.76,80.0,47.0,40.0,21.2,27.72,2074.33,6.92,10.44,Zaid,Drip,River,7.28,No,51.86,North,Low,25.63
Maize,Flowering,Loamy,7.49,46.33,0.75,3.18,76.0,48.5,20.0,31.6,50.43,2457.26,10.05,2.57,Zaid,Sprinkler,River,3.54,No,117.72,North,Medium,101.47
Rice,Flowering,Silt,6.42,22.89,0.98,1.08,80.0,47.0,40.0,13.98,82.61,1142.39,4.0,15.31,Zaid,Sprinkler,River,14.89,Yes,109.05,North,Medium,97.31
Maize,Harvest,Silt,6.62,26.51,0.66,0.2,76.0,48.5,20.0,21.36,76.47,2375.8,10.47,18.07,Zaid,Drip,Rainwater,4.64,No,24.91,North,Low,9.44
Rice,Sowing,Clay,6.19,55.12,0.71,3.08,80.0,47.0,40.0,24.04,62.36,2054.28,4.6,7.79,Zaid,Canal,Reservoir,4.57,Yes,47.29,South,Low,20.22
Rice,Vegetative,Sandy,7.84,23.45,1.52,1.64,80.0,47.0,40.0,27.14,26.41,2284.47,10.14,9.84,Rabi,Canal,Groundwater,4.02,No,42.49,Central,Medium,35.7
Cotton,Harvest,Loamy,8.18,63.37,0.82,0.92,117.0,46.0,19.0,36.1,50.66,1044.65,10.34,8.03,Rabi,Drip,River,13.85,No,14.3,East,Low,4.38
Rice,Sowing,Clay,5.2,26.17,0.8,1.81,80.0,47.0,40.0,39.7,29.85,1821.3,9.47,13.37,Rabi,Canal,Reservoir,6.77,No,76.6,South,Low,49.5
Cotton,Vegetative,Loamy,4.85,17.15,0.61,0.98,117.0,46.0,19.0,26.92,47.73,1139.82,10.29,5.81,Rabi,Sprinkler,Reservoir,11.13,No,91.51,West,Medium,78.81
Rice,Harvest,Loamy,7.72,64.47,1.19,1.73,80.0,47.0,40.0,30.85,80.57,1428.65,8.34,4.96,Zaid,Rainfed,Groundwater,14.59,Yes,118.56,West,Low,34.19
Rice,Flowering,Clay,8.17,40.41,0.89,2.14,80.0,47.0,40.0,32.76,76.77,62.59,5.09,10.97,Kharif,Rainfed,River,9.91,Yes,110.45,West,Medium,149.99
Cotton,Flowering,Loamy,7.21,56.97,0.65,0.34,117.0,46.0,19.0,17.81,25.04,312.74,10.63,2.01,Kharif,Drip,River,2.31,Yes,13.65,Central,Low,7.84
Rice,Harvest,Clay,5.19,47.96,0.4,0.16,80.0,47.0,40.0,41.45,49.77,2179.21,4.85,19.08,Zaid,Drip,Groundwater,9.66,Yes,101.9,East,Low,38.08
Rice,Vegetative,Sandy,6.18,10.52,0.73,3.29,80.0,47.0,40.0,17.35,50.87,1017.02,5.65,7.8,Zaid,Rainfed,Reservoir,0.83,No,85.81,Central,Medium,66.96
Maize,Harvest,Clay,7.68,16.99,0.94,1.02,76.0,48.5,20.0,14.88,27.33,418.17,8.38,13.07,Rabi,Canal,Rainwater,2.31,No,17.93,South,Medium,10.59
Maize,Harvest,Sandy,6.05,12.05,0.37,1.39,76.0,48.5,20.0,31.92,82.21,1989.54,9.08,17.31,Zaid,Canal,Reservoir,8.66,Yes,22.69,East,Medium,14.35
Maize,Vegetative,Loamy,6.81,8.56,0.41,2.42,76.0,48.5,20.0,39.3,73.22,500.72,7.59,11.28,Rabi,Rainfed,Groundwater,12.74,Yes,40.45,South,Medium,40.04
Rice,Harvest,Sandy,7.0,30.36,0.78,2.59,80.0,47.0,40.0,29.86,53.35,1417.19,6.14,15.8,Rabi,Drip,Groundwater,9.46,Yes,118.25,East,Low,47.25
Maize,Harvest,Clay,6.71,56.02,0.39,1.5,76.0,48.5,20.0,21.06,75.26,1205.96,9.9,8.86,Zaid,Canal,Groundwater,12.64,Yes,55.88,Central,Low,16.07
Cotton,Harvest,Silt,7.69,49.82,0.72,1.6,117.0,46.0,19.0,24.01,92.93,195.65,6.18,2.63,Rabi,Drip,Reservoir,14.85,Yes,61.08,North,Low,25.81
Maize,Vegetative,Loamy,6.57,61.21,0.46,0.95,76.0,48.5,20.0,21.43,27.02,2326.14,8.85,15.84,Rabi,Canal,Groundwater,0.57,Yes,103.04,South,Low,40.14
Rice,Harvest,Silt,7.97,19.92,0.59,2.7,80.0,47.0,40.0,16.42,48.64,520.57,9.31,14.46,Rabi,Sprinkler,River,2.37,Yes,70.83,South,Low,26.93
Rice,Flowering,Sandy,7.54,64.69,0.6,0.71,80.0,47.0,40.0,36.63,30.94,2102.34,8.41,1.38,Kharif,Rainfed,Groundwater,8.14,No,68.48,North,Medium,50.87
Maize,Flowering,Sandy,7.16,52.09,1.58,3.26,76.0,48.5,20.0,25.46,28.58,226.24,6.57,14.56,Kharif,Canal,Rainwater,8.55,Yes,76.43,Central,Medium,76.61
Rice,Vegetative,Sandy,6.25,28.58,0.32,2.84,80.0,47.0,40.0,28.4,75.38,2019.08,8.23,10.66,Zaid,Canal,Reservoir,1.42,No,101.3,South,Medium,82.67
Cotton,Vegetative,Sandy,5.7,28.27,0.88,0.91,117.0,46.0,19.0,19.34,68.27,1158.77,5.29,9.41,Rabi,Canal,Reservoir,12.51,Yes,57.35,Central,Low,29.97
Cotton,Flowering,Loamy,5.1,17.84,1.57,3.41,117.0,46.0,19.0,13.18,59.53,440.97,7.48,1.17,Zaid,Canal,Reservoir,2.14,No,2.31,Central,Medium,2.29
Rice,Vegetative,Sandy,6.07,28.88,1.31,2.34,80.0,47.0,40.0,20.24,33.72,811.91,9.11,10.3,Kharif,Drip,River,2.78,Yes,4.44,East,Low,2.33
Maize,Flowering,Sandy,7.25,36.13,0.76,3.01,76.0,48.5,20.0,39.61,83.0,1067.2,10.45,19.74,Zaid,Canal,Reservoir,9.36,No,48.82,East,Medium,49.7
Maize,Flowering,Loamy,4.99,42.42,0.48,2.59,76.0,48.5,20.0,14.46,78.43,2377.91,9.54,2.48,Rabi,Canal,Groundwater,10.92,No,23.71,Central,Low,12.53
Maize,Vegetative,Sandy,7.09,38.19,0.69,1.28,76.0,48.5,20.0,13.69,46.78,1618.87,5.97,18.95,Zaid,Rainfed,Rainwater,14.92,Yes,107.0,East,Low,48.99
Maize,Harvest,Clay,7.83,64.0,0.52,1.17,76.0,48.5,20.0,20.03,46.78,1694.76,7.79,6.12,Zaid,Sprinkler,Reservoir,10.15,Yes,92.22,Central,Low,24.0
Rice,Flowering,Loamy,7.24,16.84,1.48,3.08,80.0,47.0,40.0,22.96,69.6,1641.61,8.13,11.36,Kharif,Sprinkler,Groundwater,3.14,No,18.81,Central,Medium,18.68
Cotton,Harvest,Loamy,5.09,8.87,1.01,0.14,117.0,46.0,19.0,31.09,47.13,2304.27,4.82,19.48,Kharif,Canal,River,2.98,Yes,16.05,North,Medium,10.07
Maize,Harvest,Silt,7.56,47.34,0.91,2.46,76.0,48.5,20.0,17.88,33.67,532.23,6.43,13.69,Rabi,Canal,Reservoir,12.12,Yes,48.67,West,Low,14.78
Rice,Flowering,Sandy,7.24,13.6,1.32,2.71,80.0,47.0,40.0,39.42,80.84,1429.41,7.91,15.83,Rabi,Canal,Groundwater,2.61,Yes,21.55,Central,Medium,25.0
Cotton,Harvest,Loamy,5.14,50.45,1.31,2.58,117.0,46.0,19.0,30.71,36.84,1604.13,9.09,8.66,Zaid,Drip,Groundwater,14.05,No,21.08,South,Low,7.07
Rice,Harvest,Clay,4.94,26.04,1.47,3.3,80.0,47.0,40.0,39.73,84.05,681.65,6.69,2.64,Zaid,Rainfed,Reservoir,7.44,No,39.7,North,Low,17.98
Rice,Harvest,Silt,5.31,15.44,1.31,0.77,80.0,47.0,40.0,35.04,44.97,206.06,9.11,2.5,Kharif,Rainfed,River,2.35,Yes,77.17,North,Medium,66.66
Maize,Flowering,Clay,7.92,13.0,1.38,1.79,76.0,48.5,20.0,12.51,47.47,2085.24,8.67,9.32,Rabi,Sprinkler,River,8.34,No,105.21,North,Medium,96.01
Rice,Sowing,Silt,6.13,32.62,0.84,2.68,80.0,47.0,40.0,33.09,93.04,303.39,6.94,0.57,Kharif,Drip,Reservoir,7.79,No,94.27,North,Low,66.79
Rice,Sowing,Sandy,4.8,48.27,0.76,1.85,80.0,47.0,40.0,32.48,28.52,719.1,10.11,5.38,Rabi,Rainfed,Rainwater,8.46,No,43.99,East,Low,21.88
Cotton,Vegetative,Clay,4.9,52.73,0.6,0.18,117.0,46.0,19.0,21.33,30.53,1498.8,7.25,14.31,Kharif,Sprinkler,Groundwater,6.39,Yes,51.68,West,Low,22.03
Cotton,Flowering,Silt,5.92,38.25,0.67,2.74,117.0,46.0,19.0,27.51,80.23,1996.96,6.11,14.88,Rabi,Drip,Rainwater,5.45,No,108.11,South,Medium,96.6
Maize,Sowing,Clay,5.13,48.46,1.17,2.33,76.0,48.5,20.0,32.82,88.84,2340.08,5.59,14.34,Rabi,Sprinkler,Reservoir,5.6,No,73.72,North,Low,36.72
Maize,Harvest,Sandy,6.86,28.68,1.05,0.49,76.0,48.5,20.0,27.68,28.81,123.32,5.9,3.63,Rabi,Drip,Groundwater,7.84,Yes,40.73,East,Low,22.82
Rice,Vegetative,Clay,6.34,12.88,1.14,0.49,80.0,47.0,40.0,40.79,76.38,643.77,10.69,18.78,Rabi,Canal,Groundwater,13.12,No,90.44,Central,High,114.25
Maize,Harvest,Loamy,7.99,56.02,0.75,0.22,76.0,48.5,20.0,22.73,52.96,1030.3,10.8,2.71,Zaid,Drip,Groundwater,11.85,Yes,20.45,East,Low,5.98
Maize,Sowing,Clay,5.22,27.28,1.3,3.19,76.0,48.5,20.0,33.66,43.78,2187.54,8.0,4.26,Kharif,Rainfed,Groundwater,13.37,Yes,70.75,West,Low,42.93
Rice,Vegetative,Sandy,6.28,59.42,0.66,2.78,80.0,47.0,40.0,34.62,49.42,1648.98,9.63,0.86,Kharif,Rainfed,Rainwater,9.07,Yes,67.93,West,Low,30.69
Cotton,Flowering,Loamy,6.89,49.81,1.46,0.13,117.0,46.0,19.0,34.31,66.68,1200.46,6.43,5.08,Zaid,Canal,River,9.63,Yes,85.33,West,Low,51.02
Maize,Harvest,Silt,6.61,11.6,1.27,0.98,76.0,48.5,20.0,17.59,74.75,946.34,4.68,17.72,Zaid,Drip,River,10.31,Yes,8.22,East,Low,3.15
Maize,Flowering,Loamy,5.11,41.82,0.53,0.47,76.0,48.5,20.0,13.54,30.31,889.39,5.04,8.07,Rabi,Rainfed,River,10.42,Yes,1.55,West,Low,0.82
Maize,Sowing,Loamy,7.64,59.8,0.87,1.63,76.0,48.5,20.0,32.75,83.24,2204.81,8.19,7.0,Rabi,Rainfed,River,7.86,Yes,39.56,South,Low,17.49
Cotton,Flowering,Clay,7.84,62.16,1.52,1.3,117.0,46.0,19.0,15.22,27.92,2220.32,6.13,16.17,Rabi,Sprinkler,Reservoir,7.3,Yes,66.54,North,Low,28.79
Rice,Harvest,Sandy,7.6,23.34,0.81,0.59,80.0,47.0,40.0,15.98,73.82,990.27,7.0,1.09,Rabi,Rainfed,River,10.7,No,63.28,West,Low,23.23
Maize,Flowering,Sandy,5.57,21.61,1.5,3.27,76.0,48.5,20.0,27.61,52.78,246.03,9.49,8.23,Zaid,Canal,Rainwater,13.12,Yes,8.1,North,Medium,10.7
Cotton,Vegetative,Silt,4.81,50.04,1.16,0.39,117.0,46.0,19.0,36.73,63.0,1681.02,10.62,19.57,Rabi,Rainfed,River,3.67,Yes,79.47,Central,Medium,57.69
Maize,Flowering,Silt,5.83,53.45,0.31,2.91,76.0,48.5,20.0,29.57,43.56,825.42,4.86,14.18,Kharif,Canal,Groundwater,7.27,Yes,102.75,South,Low,56.64
Maize,Harvest,Sandy,5.17,22.09,0.82,1.76,76.0,48.5,20.0,39.08,46.72,691.67,5.34,19.01,Kharif,Sprinkler,Reservoir,13.13,Yes,118.2,West,Medium,78.48
Rice,Flowering,Sandy,6.41,48.8,1.48,2.73,80.0,47.0,40.0,18.53,60.11,928.6,7.97,1.79,Zaid,Rainfed,Groundwater,9.07,Yes,66.29,Central,Low,34.26
Cotton,Vegetative,Clay,7.99,13.24,1.39,3.15,117.0,46.0,19.0,41.66,41.68,1831.54,6.06,1.15,Rabi,Canal,Groundwater,6.3,Yes,91.93,South,Medium,89.33
Rice,Flowering,Loamy,5.66,38.59,0.45,1.22,80.0,47.0,40.0,13.11,42.79,716.48,8.86,11.13,Zaid,Rainfed,Rainwater,10.72,Yes,49.28,North,Low,26.98
Maize,Sowing,Clay,5.93,23.93,0.49,0.56,76.0,48.5,20.0,25.31,34.95,1794.95,5.49,10.82,Zaid,Sprinkler,Rainwater,7.39,No,97.26,North,Medium,79.95
Maize,Vegetative,Silt,6.54,37.75,0.38,2.33,76.0,48.5,20.0,22.45,69.29,2402.28,4.3,6.09,Rabi,Rainfed,Groundwater,14.9,Yes,90.31,East,Low,44.95
Maize,Vegetative,Sandy,6.12,42.42,0.76,0.86,76.0,48.5,20.0,19.51,87.15,2401.37,6.49,7.29,Kharif,Rainfed,Groundwater,3.2,No,56.55,North,Low,26.16
Cotton,Vegetative,Clay,5.37,15.3,1.26,1.5,117.0,46.0,19.0,19.29,81.48,1149.45,6.3,13.26,Zaid,Sprinkler,River,8.06,Yes,67.06,East,Medium,53.43
Rice,Flowering,Silt,7.32,52.05,0.33,2.99,80.0,47.0,40.0,18.78,64.08,2309.87,5.19,1.64,Zaid,Canal,River,7.51,No,78.31,South,Low,39.28
Maize,Flowering,Sandy,7.37,58.0,1.48,0.96,76.0,48.5,20.0,33.55,88.86,950.7,6.55,12.71,Zaid,Sprinkler,River,9.72,No,28.73,South,Medium,22.38
Rice,Sowing,Silt,5.6,36.62,1.12,2.66,80.0,47.0,40.0,24.64,30.7,1357.82,5.42,9.42,Zaid,Sprinkler,Rainwater,11.7,Yes,40.4,Central,Low,20.77
Cotton,Flowering,Silt,6.8,37.76,0.38,0.4,117.0,46.0,19.0,12.77,63.68,545.3,6.03,16.64,Zaid,Sprinkler,Groundwater,7.85,Yes,22.34,West,Low,12.32
Rice,Vegetative,Sandy,6.74,19.06,0.41,1.84,80.0,47.0,40.0,12.68,37.06,259.22,10.63,0.68,Zaid,Rainfed,River,6.15,No,102.63,East,High,129.12
Rice,Flowering,Loamy,6.45,47.3,0.31,0.59,80.0,47.0,40.0,27.98,75.98,432.18,7.64,19.38,Zaid,Sprinkler,Groundwater,9.67,Yes,36.99,East,Low,23.39
Cotton,Flowering,Loamy,6.67,59.47,1.04,1.93,117.0,46.0,19.0,37.18,66.36,98.21,10.09,7.83,Zaid,Drip,Rainwater,14.79,Yes,69.06,South,Medium,78.65
Cotton,Vegetative,Sandy,7.23,50.08,0.68,2.99,117.0,46.0,19.0,38.46,41.7,1844.81,9.34,14.32,Zaid,Drip,River,3.19,No,63.2,East,Medium,46.57
Maize,Harvest,Clay,7.35,43.56,0.43,0.75,76.0,48.5,20.0,22.78,49.28,2328.41,8.37,19.23,Rabi,Drip,Rainwater,2.88,No,70.26,North,Low,23.29
Maize,Sowing,Silt,8.12,54.46,1.39,0.33,76.0,48.5,20.0,41.93,75.04,1370.69,6.48,1.95,Rabi,Rainfed,Reservoir,1.24,No,108.55,North,Low,54.27
Cotton,Sowing,Clay,6.45,9.15,0.46,1.23,117.0,46.0,19.0,28.5,55.46,2108.5,8.65,2.21,Rabi,Drip,Reservoir,0.43,Yes,11.02,East,Low,6.75
Maize,Flowering,Clay,7.62,21.88,1.18,2.89,76.0,48.5,20.0,41.52,50.13,2289.37,8.68,12.94,Zaid,Sprinkler,River,7.88,Yes,60.81,West,Medium,69.89
Maize,Vegetative,Loamy,8.03,13.13,0.62,3.39,76.0,48.5,20.0,30.0,93.68,1106.25,8.05,11.26,Rabi,Rainfed,Rainwater,10.58,No,105.69,East,Medium,93.77
Rice,Harvest,Clay,6.85,34.65,0.8,0.46,80.0,47.0,40.0,15.21,56.32,2175.32,9.85,1.44,Rabi,Drip,Rainwater,6.65,No,107.03,West,Low,35.47
Cotton,Flowering,Sandy,5.86,56.43,1.41,2.41,117.0,46.0,19.0,30.06,48.44,803.69,7.43,9.74,Kharif,Sprinkler,River,12.95,No,38.82,South,Medium,29.77
Rice,Flowering,Loamy,7.89,26.65,1.26,0.13,80.0,47.0,40.0,37.95,39.24,2304.29,8.63,16.57,Kharif,Sprinkler,Reservoir,7.74,No,18.5,Central,Medium,20.1
Cotton,Sowing,Clay,4.91,21.49,0.91,3.36,117.0,46.0,19.0,16.26,40.9,148.55,6.73,4.4,Zaid,Drip,Reservoir,8.06,Yes,30.75,South,Medium,32.49
Maize,Vegetative,Sandy,7.58,36.08,0.46,1.64,76.0,48.5,20.0,19.24,92.93,1511.19,10.24,4.99,Rabi,Sprinkler,Rainwater,0.62,Yes,36.83,South,Low,17.99
Cotton,Vegetative,Sandy,7.72,57.99,1.54,2.66,117.0,46.0,19.0,30.67,92.63,1485.99,6.25,18.28,Kharif,Sprinkler,Reservoir,1.4,Yes,74.59,West,Medium,47.14
Rice,Harvest,Loamy,7.85,10.67,1.27,2.7,80.0,47.0,40.0,18.79,51.13,2366.54,6.62,1.31,Zaid,Canal,Reservoir,12.99,No,107.53,East,Low,41.76
Cotton,Vegetative,Clay,8.02,25.31,0.33,1.02,117.0,46.0,19.0,34.47,46.33,2302.3,6.67,3.3,Zaid,Canal,Reservoir,14.49,No,68.12,East,Medium,60.44
Rice,Vegetative,Loamy,6.15,33.27,0.82,1.58,80.0,47.0,40.0,27.63,53.52,501.16,4.91,5.49,Rabi,Sprinkler,River,10.54,Yes,100.95,West,Low,56.37
Cotton,Sowing,Clay,5.4,27.76,1.55,0.53,117.0,46.0,19.0,17.86,57.42,623.27,10.63,7.88,Kharif,Canal,Groundwater,5.69,No,105.38,South,Low,54.43
Rice,Vegetative,Silt,6.42,35.48,1.06,0.79,80.0,47.0,40.0,24.56,47.32,565.61,10.43,4.24,Kharif,Sprinkler,Groundwater,4.21,Yes,29.67,Central,Low,15.39
Maize,Harvest,Sandy,5.93,26.23,1.23,3.24,76.0,48.5,20.0,30.83,62.95,153.5,7.51,6.99,Kharif,Rainfed,River,8.32,No,41.97,East,Medium,34.54
Maize,Harvest,Sandy,5.62,63.41,0.43,1.31,76.0,48.5,20.0,35.97,28.82,1954.98,8.24,5.1,Rabi,Drip,Rainwater,13.63,No,6.1,North,Low,1.87
Maize,Harvest,Silt,5.14,42.15,1.16,0.13,76.0,48.5,20.0,30.23,58.0,1442.89,7.05,1.54,Zaid,Drip,Rainwater,2.78,No,59.05,West,Low,21.34
Cotton,Vegetative,Silt,5.68,21.78,0.68,2.87,117.0,46.0,19.0,21.51,43.35,2013.15,7.12,6.34,Rabi,Sprinkler,Reservoir,12.97,No,76.71,Central,Medium,61.7
Rice,Flowering,Sandy,7.9,16.5,0.58,0.99,80.0,47.0,40.0,21.61,72.9,677.5,8.78,6.98,Zaid,Sprinkler,Reservoir,10.58,Yes,36.19,East,Medium,35.45
Rice,Harvest,Clay,7.84,9.26,1.31,0.96,80.0,47.0,40.0,30.6,44.57,696.03,5.59,17.72,Kharif,Canal,Rainwater,5.69,No,6.3,East,Medium,3.94
Cotton,Harvest,Loamy,7.02,20.47,0.72,2.92,117.0,46.0,19.0,15.44,51.77,954.46,6.88,9.64,Rabi,Drip,Reservoir,0.66,Yes,44.94,Central,Low,16.77
Rice,Flowering,Clay,4.82,52.77,1.12,1.63,80.0,47.0,40.0,31.47,35.75,1898.25,8.17,1.12,Rabi,Canal,River,2.41,No,15.0,Central,Medium,12.11
Maize,Vegetative,Silt,7.04,12.18,1.58,2.07,76.0,48.5,20.0,38.11,72.19,2471.73,4.16,5.25,Zaid,Canal,Groundwater,14.11,No,53.81,Central,Medium,51.43
Cotton,Harvest,Sandy,7.84,41.04,1.56,2.92,117.0,46.0,19.0,13.02,93.44,2093.34,5.42,2.88,Zaid,Drip,River,0.88,No,79.01,North,Low,24.68
Rice,Flowering,Clay,5.14,10.58,0.34,1.65,80.0,47.0,40.0,25.45,57.67,2066.57,8.1,7.52,Rabi,Sprinkler,Groundwater,11.82,Yes,11.39,South,Medium,11.6
Cotton,Flowering,Loamy,7.4,11.54,0.74,0.32,117.0,46.0,19.0,26.81,39.97,723.24,8.44,4.79,Zaid,Rainfed,Groundwater,10.51,No,73.76,Central,Medium,76.15
Maize,Vegetative,Sandy,6.91,56.91,1.13,3.33,76.0,48.5,20.0,28.7,43.75,1131.85,9.45,14.69,Zaid,Canal,River,6.55,Yes,102.04,Central,Low,44.82
Maize,Harvest,Sandy,8.15,59.88,1.49,1.12,76.0,48.5,20.0,35.3,48.12,928.21,10.88,7.72,Rabi,Canal,River,5.37,Yes,116.13,West,Low,36.77
Rice,Sowing,Silt,7.55,10.48,0.77,2.26,80.0,47.0,40.0,23.61,41.2,580.49,10.73,11.82,Zaid,Rainfed,Rainwater,8.63,Yes,62.41,Central,Low,36.4
Rice,Flowering,Loamy,6.42,63.05,1.25,1.93,80.0,47.0,40.0,35.26,41.78,839.61,6.16,4.89,Kharif,Canal,River,14.93,Yes,37.82,East,Low,19.8
Maize,Sowing,Clay,6.32,21.06,1.36,2.79,76.0,48.5,20.0,26.31,83.48,863.58,4.24,11.98,Rabi,Drip,Groundwater,6.83,Yes,7.36,West,Low,4.37
Maize,Flowering,Loamy,5.88,46.13,1.34,1.12,76.0,48.5,20.0,23.44,77.75,2068.48,10.24,0.86,Rabi,Canal,Rainwater,5.67,Yes,16.61,East,Low,9.27
Maize,Flowering,Loamy,4.93,40.68,0.38,2.75,76.0,48.5,20.0,18.37,66.31,724.36,6.06,19.19,Kharif,Sprinkler,Groundwater,6.96,No,36.98,Central,Medium,29.44
Maize,Vegetative,Sandy,6.78,50.5,1.2,0.12,76.0,48.5,20.0,34.78,50.64,1778.24,9.45,6.75,Kharif,Sprinkler,River,1.36,No,54.69,South,Medium,38.83
Rice,Harvest,Silt,5.58,52.06,0.38,2.65,80.0,47.0,40.0,14.59,55.87,2435.98,7.53,5.16,Rabi,Rainfed,Reservoir,11.73,Yes,98.09,North,Low,27.54
Rice,Harvest,Clay,5.3,60.43,1.36,2.86,80.0,47.0,40.0,38.63,80.04,605.7,4.6,3.51,Rabi,Rainfed,Groundwater,13.11,Yes,110.49,Central,Low,35.82
Rice,Vegetative,Loamy,7.02,32.33,0.36,3.16,80.0,47.0,40.0,17.25,45.53,2245.53,10.21,13.9,Kharif,Rainfed,Rainwater,10.65,No,2.81,South,Medium,1.98
Maize,Flowering,Clay,7.36,44.46,0.66,1.23,76.0,48.5,20.0,41.65,36.25,2458.63,4.26,8.7,Rabi,Sprinkler,Rainwater,4.97,Yes,67.73,South,Low,44.88
Rice,Vegetative,Sandy,6.51,31.7,1.12,1.55,80.0,47.0,40.0,23.95,52.93,233.96,4.06,5.23,Rabi,Sprinkler,Reservoir,9.51,Yes,47.8,North,Medium,47.23
Cotton,Flowering,Silt,7.84,41.89,1.57,3.4,117.0,46.0,19.0,41.63,31.06,986.86,4.61,9.25,Kharif,Canal,Reservoir,10.79,Yes,101.84,Central,Low,69.13
Cotton,Vegetative,Sandy,6.96,34.76,0.78,3.31,117.0,46.0,19.0,40.42,42.88,1634.93,6.35,9.15,Rabi,Sprinkler,Rainwater,9.72,No,70.97,East,Medium,61.13
Maize,Vegetative,Sandy,8.14,53.56,0.91,3.16,76.0,48.5,20.0,17.46,61.52,2096.68,7.55,9.7,Rabi,Canal,Groundwater,7.02,Yes,72.66,Central,Low,29.48
Maize,Flowering,Sandy,5.73,36.12,0.72,2.42,76.0,48.5,20.0,29.54,85.56,138.43,4.58,7.27,Kharif,Rainfed,Reservoir,13.28,Yes,116.75,West,Medium,151.4
Cotton,Harvest,Silt,6.8,47.7,1.35,1.23,117.0,46.0,19.0,35.94,61.95,1706.55,4.13,11.5,Zaid,Sprinkler,River,13.49,Yes,11.24,North,Low,4.06
Maize,Flowering,Clay,7.03,21.75,1.29,2.79,76.0,48.5,20.0,39.01,74.65,1536.57,7.32,9.04,Kharif,Rainfed,Reservoir,14.03,No,10.5,West,Medium,11.98
Maize,Sowing,Sandy,6.49,53.38,0.87,2.36,76.0,48.5,20.0,15.36,35.81,516.58,8.61,12.01,Kharif,Rainfed,Groundwater,2.3,No,68.48,West,Low,27.44
Maize,Harvest,Silt,4.91,12.8,0.96,3.14,76.0,48.5,20.0,40.29,29.22,1509.02,9.01,12.54,Kharif,Drip,Groundwater,2.93,Yes,106.57,East,Medium,72.49
Maize,Flowering,Clay,6.88,37.92,0.46,1.46,76.0,48.5,20.0,22.55,42.9,2170.48,9.71,7.4,Zaid,Rainfed,Groundwater,14.25,No,113.22,North,Low,67.59
Cotton,Harvest,Loamy,7.23,19.91,1.27,1.37,117.0,46.0,19.0,37.84,36.77,48.09,4.34,19.24,Rabi,Canal,Groundwater,12.01,No,42.36,West,High,54.73
Maize,Vegetative,Clay,6.22,11.82,1.08,0.21,76.0,48.5,20.0,32.05,67.35,1261.47,4.13,12.25,Rabi,Rainfed,Reservoir,8.66,Yes,33.22,Central,Medium,30.05
Maize,Sowing,Silt,7.37,36.67,1.47,1.67,76.0,48.5,20.0,40.81,58.92,2455.93,8.2,19.82,Rabi,Sprinkler,River,12.82,No,4.56,West,Low,2.7
Cotton,Vegetative,Sandy,5.55,48.29,1.29,1.12,117.0,46.0,19.0,38.64,60.81,458.53,9.51,1.13,Kharif,Drip,Reservoir,7.43,Yes,1.13,North,Low,0.63
Cotton,Sowing,Loamy,5.35,50.45,1.19,1.67,117.0,46.0,19.0,30.95,54.33,1177.06,5.09,6.4,Rabi,Canal,Rainwater,10.69,No,101.72,North,Low,48.82
Rice,Vegetative,Silt,7.61,44.01,1.5,0.31,80.0,47.0,40.0,16.85,27.6,1271.77,5.75,12.5,Kharif,Canal,River,7.54,No,29.33,East,Medium,18.56
Maize,Sowing,Silt,6.1,40.89,1.49,2.5,76.0,48.5,20.0,31.46,72.65,216.89,5.08,9.7,Rabi,Drip,Groundwater,2.23,No,59.77,North,Medium,59.39
Maize,Vegetative,Loamy,6.8,32.03,1.24,1.39,76.0,48.5,20.0,16.45,92.35,2404.97,4.3,2.07,Rabi,Drip,Rainwater,5.68,Yes,97.55,Central,Low,47.88
Cotton,Harvest,Clay,5.37,18.99,1.16,1.76,117.0,46.0,19.0,41.61,28.2,1029.36,7.25,14.37,Kharif,Drip,Rainwater,14.36,No,103.86,South,Medium,70.65
Cotton,Flowering,Clay,8.11,59.63,0.7,2.14,117.0,46.0,19.0,24.02,87.33,1035.46,4.64,16.71,Zaid,Rainfed,Reservoir,14.36,No,82.19,Central,Medium,57.37
Cotton,Vegetative,Clay,8.14,25.58,0.45,2.33,117.0,46.0,19.0,40.07,81.92,1721.35,10.54,6.84,Rabi,Rainfed,Groundwater,0.45,No,68.83,North,Medium,64.01
Maize,Flowering,Sandy,5.69,58.29,0.33,1.34,76.0,48.5,20.0,21.5,56.12,1034.95,10.08,19.35,Rabi,Canal,River,3.32,No,44.04,West,Medium,30.4
Maize,Harvest,Silt,6.54,55.23,0.82,0.93,76.0,48.5,20.0,27.87,60.04,27.2,9.58,14.52,Zaid,Canal,River,1.56,Yes,59.39,Central,Low,27.86
Maize,Flowering,Sandy,5.37,34.13,0.52,3.4,76.0,48.5,20.0,40.56,77.56,260.78,7.76,2.43,Kharif,Canal,Groundwater,3.97,No,39.85,South,Medium,52.64
Rice,Harvest,Clay,7.2,36.46,1.18,0.86,80.0,47.0,40.0,27.27,58.32,501.05,7.7,15.97,Zaid,Canal,River,8.49,Yes,56.06,East,Low,21.24
Cotton,Flowering,Silt,5.12,40.32,1.02,0.69,117.0,46.0,19.0,24.32,29.76,869.66,10.05,1.01,Rabi,Drip,Rainwater,0.95,No,76.3,East,Low,45.38
Cotton,Sowing,Loamy,5.38,41.51,0.49,2.75,117.0,46.0,19.0,20.91,56.12,1648.18,5.53,8.52,Zaid,Canal,River,14.94,Yes,67.17,West,Low,31.8
Rice,Harvest,Silt,5.15,26.87,0.55,3.24,80.0,47.0,40.0,28.82,27.11,135.74,5.73,3.63,Kharif,Rainfed,Groundwater,3.81,Yes,67.51,Central,Low,38.46
Rice,Flowering,Loamy,7.36,28.37,0.53,3.36,80.0,47.0,40.0,18.46,30.88,1516.52,8.87,14.53,Kharif,Rainfed,Reservoir,6.32,No,74.02,West,Medium,65.63
Maize,Sowing,Silt,7.83,62.89,1.27,1.51,76.0,48.5,20.0,32.21,48.98,5.13,8.4,15.17,Kharif,Drip,Rainwater,11.47,Yes,13.82,Central,Medium,12.86
Rice,Flowering,Loamy,7.68,12.03,0.7,1.71,80.0,47.0,40.0,37.24,26.31,1863.04,8.93,3.85,Kharif,Drip,Reservoir,9.5,No,66.81,Central,Medium,76.04
Maize,Vegetative,Sandy,6.84,24.23,1.37,3.39,76.0,48.5,20.0,40.38,66.99,472.51,10.48,16.22,Rabi,Rainfed,Rainwater,11.26,No,13.16,South,High,16.95
Cotton,Harvest,Loamy,6.37,25.69,0.7,2.6,117.0,46.0,19.0,29.52,33.01,1046.79,9.88,9.53,Zaid,Drip,Groundwater,7.27,No,96.44,East,Low,39.91
Maize,Flowering,Clay,4.93,11.6,1.49,3.41,76.0,48.5,20.0,13.51,43.61,1064.99,4.58,15.28,Rabi,Rainfed,Groundwater,9.8,Yes,26.23,West,Medium,23.94
Cotton,Vegetative,Silt,5.21,22.35,1.48,0.83,117.0,46.0,19.0,18.06,55.36,1914.55,5.34,16.42,Rabi,Rainfed,Rainwater,10.1,Yes,62.84,East,Medium,48.52
Rice,Sowing,Clay,7.01,18.15,1.48,2.68,80.0,47.0,40.0,17.13,50.12,454.46,10.67,9.86,Zaid,Canal,Groundwater,6.31,Yes,3.94,Central,Low,2.3
Maize,Flowering,Silt,6.68,26.34,0.94,2.88,76.0,48.5,20.0,39.85,27.32,2276.54,9.01,0.82,Rabi,Canal,Rainwater,4.78,Yes,58.86,North,Low,45.64
Maize,Vegetative,Loamy,4.91,53.87,1.43,2.15,76.0,48.5,20.0,34.89,62.43,1920.55,4.76,2.92,Zaid,Drip,Reservoir,9.46,Yes,82.36,Central,Low,39.59
Maize,Sowing,Clay,7.45,42.26,0.69,1.75,76.0,48.5,20.0,22.78,54.16,1947.1,7.96,9.0,Zaid,Canal,River,7.82,Yes,107.17,East,Low,51.37
Rice,Sowing,Loamy,5.62,11.19,0.64,0.19,80.0,47.0,40.0,20.22,60.37,856.0,8.33,18.3,Zaid,Sprinkler,Reservoir,5.32,Yes,39.19,West,Low,22.07
Maize,Sowing,Sandy,4.98,44.08,0.55,2.4,76.0,48.5,20.0,22.63,37.54,2414.31,6.97,10.42,Kharif,Drip,Groundwater,12.67,No,106.7,North,Low,50.2
Maize,Sowing,Sandy,7.5,22.81,1.35,3.25,76.0,48.5,20.0,12.72,80.73,2074.97,7.58,6.48,Rabi,Sprinkler,Reservoir,10.5,No,100.96,Central,Low,52.58
Rice,Harvest,Clay,6.22,18.84,1.33,1.19,80.0,47.0,40.0,18.69,60.03,320.35,9.32,14.49,Kharif,Canal,River,2.67,Yes,67.88,South,Low,31.86
Rice,Harvest,Clay,5.59,42.98,0.6,1.44,80.0,47.0,40.0,40.46,81.13,1298.39,8.0,7.89,Zaid,Drip,Groundwater,10.24,No,57.46,South,Low,22.52
Rice,Vegetative,Sandy,7.86,22.17,0.59,1.15,80.0,47.0,40.0,21.39,54.4,603.53,7.87,11.53,Kharif,Sprinkler,River,4.42,No,24.0,Central,Medium,19.22
Maize,Vegetative,Sandy,7.64,25.14,0.9,1.83,76.0,48.5,20.0,12.44,76.86,232.89,7.44,16.52,Kharif,Sprinkler,Rainwater,4.59,Yes,17.02,North,Medium,16.16
Cotton,Vegetative,Loamy,6.68,42.97,0.31,1.6,117.0,46.0,19.0,31.82,56.74,696.27,9.64,4.19,Kharif,Rainfed,Groundwater,2.99,No,35.77,North,Medium,26.58
Maize,Flowering,Clay,6.89,61.91,0.99,3.21,76.0,48.5,20.0,18.97,30.59,343.57,7.4,0.9,Zaid,Drip,Rainwater,6.16,No,7.53,East,Low,4.04
Rice,Flowering,Sandy,6.41,46.46,1.54,1.69,80.0,47.0,40.0,29.0,61.17,64.11,10.31,11.02,Kharif,Canal,Reservoir,2.11,No,32.89,West,Medium,40.68
Maize,Sowing,Clay,6.13,52.63,0.5,1.04,76.0,48.5,20.0,16.52,85.6,2469.41,9.66,13.46,Kharif,Sprinkler,Groundwater,10.6,No,34.58,Central,Low,14.02
Cotton,Harvest,Clay,7.91,28.91,1.05,2.96,117.0,46.0,19.0,41.52,84.88,2078.86,8.85,11.71,Rabi,Canal,Rainwater,0.36,Yes,72.0,North,Low,31.93
Rice,Flowering,Silt,5.23,23.52,1.55,3.5,80.0,47.0,40.0,41.11,65.25,1847.37,10.29,12.13,Kharif,Rainfed,Reservoir,0.82,Yes,101.6,South,Medium,115.27
Maize,Harvest,Loamy,6.22,33.89,1.42,2.3,76.0,48.5,20.0,31.68,51.6,482.53,7.76,8.17,Zaid,Rainfed,Rainwater,11.96,No,74.48,West,Low,30.66
Rice,Harvest,Loamy,6.49,34.01,1.37,0.91,80.0,47.0,40.0,24.78,46.8,1213.01,5.69,1.33,Rabi,Rainfed,Reservoir,12.44,No,44.92,North,Low,16.56
Cotton,Vegetative,Silt,6.36,56.26,0.7,0.3,117.0,46.0,19.0,40.87,94.29,1854.24,4.51,3.45,Rabi,Sprinkler,Groundwater,0.57,Yes,3.65,West,Low,1.79
Maize,Flowering,Silt,6.56,64.36,1.46,0.36,76.0,48.5,20.0,24.71,75.85,2407.09,8.8,9.17,Kharif,Rainfed,Rainwater,2.63,No,6.24,South,Low,2.91
Rice,Harvest,Loamy,5.28,12.11,1.52,3.21,80.0,47.0,40.0,19.18,75.23,2109.71,6.11,18.89,Kharif,Rainfed,Rainwater,7.48,Yes,113.18,North,Low,44.13
Maize,Harvest,Silt,6.54,10.59,0.94,0.43,76.0,48.5,20.0,15.46,78.28,2233.76,8.44,13.07,Kharif,Drip,Rainwater,6.22,Yes,23.32,West,Low,8.73
Rice,Flowering,Loamy,7.39,57.63,0.58,0.68,80.0,47.0,40.0,31.63,56.08,346.45,4.07,11.08,Rabi,Sprinkler,River,2.44,No,112.22,South,Medium,102.0
Rice,Vegetative,Loamy,6.25,9.32,1.1,1.59,80.0,47.0,40.0,23.47,85.96,1996.21,7.33,1.43,Zaid,Rainfed,River,2.95,Yes,61.75,Central,Medium,51.38
Maize,Harvest,Loamy,7.27,18.53,0.9,0.97,76.0,48.5,20.0,28.75,83.82,768.36,10.06,8.07,Rabi,Sprinkler,Groundwater,5.06,Yes,17.67,West,Low,7.59
Cotton,Sowing,Clay,7.69,19.04,0.38,2.08,117.0,46.0,19.0,35.04,86.13,530.12,7.96,12.01,Zaid,Canal,Reservoir,12.46,Yes,108.05,Central,Medium,100.47
Rice,Harvest,Silt,7.77,20.71,0.76,3.05,80.0,47.0,40.0,25.01,27.91,1040.37,7.74,9.65,Rabi,Sprinkler,Groundwater,7.26,Yes,68.82,South,Low,28.34
Cotton,Harvest,Clay,5.26,10.31,1.1,2.85,117.0,46.0,19.0,20.34,84.53,845.57,6.22,8.64,Rabi,Sprinkler,Rainwater,8.8,No,5.63,Central,Low,2.22
Rice,Vegetative,Silt,5.82,42.66,0.55,0.7,80.0,47.0,40.0,39.36,93.32,2163.57,8.06,4.01,Kharif,Drip,Groundwater,5.15,No,59.03,Central,Medium,47.1
Cotton,Vegetative,Clay,5.57,29.2,1.14,3.49,117.0,46.0,19.0,35.61,55.02,1080.03,8.08,17.25,Rabi,Drip,Rainwater,5.82,Yes,99.13,South,Medium,86.1
Cotton,Sowing,Clay,7.96,53.94,1.36,2.76,117.0,46.0,19.0,12.66,47.67,1025.11,5.46,11.46,Kharif,Drip,River,13.97,Yes,61.76,South,Low,24.29
Cotton,Vegetative,Loamy,5.48,53.43,1.47,1.64,117.0,46.0,19.0,32.88,48.15,2175.12,4.46,2.0,Kharif,Rainfed,Reservoir,11.59,Yes,31.99,North,Low,15.16
Rice,Vegetative,Silt,5.6,62.32,1.31,0.53,80.0,47.0,40.0,19.82,71.85,724.79,8.34,11.99,Kharif,Rainfed,Rainwater,4.9,No,113.79,North,Medium,61.49
Maize,Vegetative,Loamy,6.57,11.42,1.48,2.78,76.0,48.5,20.0,12.04,57.89,4.53,7.57,16.74,Kharif,Rainfed,Reservoir,5.33,Yes,23.34,North,High,35.39
Cotton,Flowering,Clay,5.39,30.31,0.86,1.89,117.0,46.0,19.0,20.64,90.92,1712.76,4.68,13.05,Kharif,Rainfed,Reservoir,9.98,No,117.01,North,Medium,104.48
Rice,Harvest,Sandy,5.89,16.35,1.11,2.1,80.0,47.0,40.0,18.58,55.01,2457.91,6.18,15.87,Kharif,Rainfed,Reservoir,4.97,No,107.17,Central,Medium,59.32
Maize,Flowering,Silt,5.34,57.46,1.43,1.88,76.0,48.5,20.0,22.0,33.72,1798.12,5.28,14.29,Rabi,Rainfed,Reservoir,7.31,Yes,93.45,East,Low,45.8
Cotton,Harvest,Sandy,5.5,24.2,0.35,0.34,117.0,46.0,19.0,15.84,65.47,831.77,5.98,10.28,Zaid,Drip,River,4.33,Yes,34.39,Central,Low,12.52
Rice,Vegetative,Loamy,8.12,20.58,1.37,2.85,80.0,47.0,40.0,38.94,59.55,121.77,6.3,13.75,Kharif,Canal,River,4.76,No,118.43,Central,High,208.6
Maize,Sowing,Sandy,5.93,10.7,0.67,2.23,76.0,48.5,20.0,14.64,53.53,1834.46,5.88,9.34,Kharif,Sprinkler,River,11.36,Yes,79.9,East,Low,42.53
Cotton,Flowering,Silt,7.88,55.49,0.97,1.95,117.0,46.0,19.0,36.66,82.08,1789.63,10.87,17.47,Kharif,Drip,River,14.96,No,81.6,West,Medium,67.17
Rice,Sowing,Loamy,7.47,28.88,0.35,1.49,80.0,47.0,40.0,17.76,48.26,805.09,8.72,8.83,Zaid,Canal,Groundwater,9.55,No,108.14,South,Low,55.28
Maize,Vegetative,Loamy,6.92,51.01,0.43,1.94,76.0,48.5,20.0,15.23,75.71,295.03,9.51,10.13,Zaid,Sprinkler,Groundwater,13.26,No,88.34,West,Medium,63.38
Cotton,Harvest,Silt,5.11,63.65,0.62,2.22,117.0,46.0,19.0,38.13,88.62,325.51,10.91,5.18,Rabi,Canal,Rainwater,14.8,Yes,29.41,East,Low,11.02
Cotton,Sowing,Loamy,5.69,54.59,0.39,3.09,117.0,46.0,19.0,24.71,85.14,946.77,5.98,10.13,Rabi,Rainfed,Reservoir,3.97,No,18.18,North,Low,7.87
Rice,Flowering,Silt,6.66,32.17,0.72,0.31,80.0,47.0,40.0,24.22,93.25,687.47,6.16,11.6,Kharif,Canal,Rainwater,11.93,Yes,110.81,North,Low,70.73
Rice,Flowering,Sandy,7.2,21.0,1.4,1.67,80.0,47.0,40.0,14.11,42.35,1114.33,10.13,18.08,Zaid,Drip,River,12.28,Yes,15.02,South,Medium,13.6
Maize,Harvest,Silt,7.49,11.99,1.22,0.57,76.0,48.5,20.0,33.38,58.67,1228.33,4.34,17.41,Zaid,Rainfed,Groundwater,14.07,Yes,22.98,East,Medium,14.73
Rice,Vegetative,Sandy,5.46,38.52,1.43,2.3,80.0,47.0,40.0,16.52,57.06,2103.23,6.48,5.25,Zaid,Drip,Rainwater,11.07,Yes,91.89,South,Low,42.66
Rice,Flowering,Silt,5.69,64.45,0.36,0.26,80.0,47.0,40.0,39.81,29.34,2047.45,10.02,3.23,Rabi,Drip,Reservoir,4.92,No,55.56,South,Medium,42.57
Maize,Sowing,Clay,6.54,50.07,1.24,1.37,76.0,48.5,20.0,24.53,62.23,5.87,8.35,15.93,Rabi,Rainfed,Groundwater,10.02,No,1.46,West,Medium,1.45
Cotton,Flowering,Sandy,5.92,26.66,1.0,0.38,117.0,46.0,19.0,14.46,72.08,1034.8,9.4,11.15,Rabi,Canal,Groundwater,8.18,No,58.84,East,Medium,50.95
Cotton,Harvest,Clay,7.52,24.05,1.0,3.49,117.0,46.0,19.0,21.63,81.88,122.24,10.22,5.42,Zaid,Rainfed,Groundwater,8.38,No,34.98,East,Medium,27.37
Rice,Flowering,Clay,7.43,14.74,1.17,0.91,80.0,47.0,40.0,17.17,38.58,2105.05,6.69,12.43,Zaid,Sprinkler,River,10.97,No,31.59,North,Medium,29.52
Maize,Flowering,Silt,7.63,55.68,0.33,3.24,76.0,48.5,20.0,38.35,34.98,513.14,4.74,8.82,Kharif,Sprinkler,Reservoir,2.92,Yes,42.0,Central,Low,24.82
Cotton,Sowing,Silt,6.66,24.26,1.54,1.95,117.0,46.0,19.0,21.13,74.85,2406.45,8.88,4.5,Zaid,Sprinkler,Rainwater,8.35,No,31.07,East,Low,17.09
Maize,Vegetative,Sandy,5.71,42.52,1.53,3.08,76.0,48.5,20.0,37.26,44.41,1391.81,9.33,12.17,Kharif,Rainfed,Rainwater,14.25,Yes,116.47,South,Medium,91.34
Cotton,Vegetative,Clay,8.09,21.83,1.45,1.58,117.0,46.0,19.0,27.71,53.1,871.97,6.94,3.4,Kharif,Drip,Reservoir,14.9,No,42.43,North,Medium,36.31
Maize,Sowing,Loamy,7.48,21.31,0.68,2.29,76.0,48.5,20.0,31.16,31.76,1250.37,9.0,3.97,Zaid,Drip,River,8.56,No,73.52,East,Medium,65.29
Cotton,Harvest,Silt,4.87,30.06,1.13,2.59,117.0,46.0,19.0,16.59,49.04,96.81,9.48,14.1,Rabi,Sprinkler,Reservoir,5.37,Yes,108.5,North,Low,54.63
Maize,Sowing,Silt,7.18,55.52,0.93,2.19,76.0,48.5,20.0,40.17,71.11,1813.77,6.37,1.11,Zaid,Rainfed,Groundwater,6.32,No,96.81,East,Low,47.86
Cotton,Sowing,Clay,5.66,29.75,0.43,0.89,117.0,46.0,19.0,35.88,94.69,1831.46,5.1,0.53,Rabi,Rainfed,River,7.65,Yes,10.22,East,Low,6.2
Rice,Harvest,Sandy,4.94,54.98,1.18,0.99,80.0,47.0,40.0,19.63,58.28,1547.08,5.78,19.68,Kharif,Sprinkler,Rainwater,1.26,No,37.25,North,Low,10.67
Cotton,Sowing,Sandy,6.17,27.0,1.03,2.56,117.0,46.0,19.0,29.4,40.05,2102.05,5.87,1.28,Rabi,Drip,Groundwater,8.88,No,65.38,North,Low,38.2
Rice,Flowering,Loamy,7.98,33.09,1.42,2.83,80.0,47.0,40.0,23.29,40.15,507.95,6.65,17.38,Kharif,Canal,Reservoir,5.95,No,42.07,East,Medium,38.37
Cotton,Harvest,Loamy,6.8,12.01,1.05,0.74,117.0,46.0,19.0,41.81,78.7,1146.64,5.58,6.51,Kharif,Canal,Rainwater,3.75,No,63.76,South,Medium,43.37
Cotton,Flowering,Sandy,7.77,40.7,0.9,1.42,117.0,46.0,19.0,40.58,37.09,2208.86,10.08,13.12,Kharif,Rainfed,River,1.51,No,79.29,South,Medium,77.74
Cotton,Flowering,Silt,5.09,36.95,1.54,2.02,117.0,46.0,19.0,14.17,74.96,1226.57,4.49,10.65,Zaid,Rainfed,Rainwater,4.77,No,48.94,South,Medium,38.84
Rice,Vegetative,Silt,7.07,37.77,1.15,2.84,80.0,47.0,40.0,20.06,54.25,812.82,10.12,5.54,Zaid,Canal,Reservoir,3.53,Yes,95.14,East,Low,46.18
Cotton,Vegetative,Loamy,7.6,11.69,0.67,1.94,117.0,46.0,19.0,37.02,59.26,1120.05,6.44,10.36,Kharif,Sprinkler,River,13.05,Yes,20.05,North,Medium,18.98
Cotton,Vegetative,Clay,4.94,14.45,0.67,0.52,117.0,46.0,19.0,20.82,46.97,1204.76,9.59,7.75,Zaid,Canal,Rainwater,6.52,Yes,90.4,West,Medium,73.19
Maize,Sowing,Sandy,6.27,54.89,0.8,2.05,76.0,48.5,20.0,39.04,77.06,571.34,4.84,3.27,Kharif,Drip,River,4.25,Yes,72.97,West,Low,36.01
Rice,Flowering,Sandy,8.13,41.83,0.44,0.41,80.0,47.0,40.0,26.46,49.74,630.23,6.48,1.85,Rabi,Canal,Reservoir,6.7,No,66.09,West,Low,39.6
Cotton,Vegetative,Silt,7.94,52.85,0.83,2.41,117.0,46.0,19.0,40.88,50.16,2439.18,8.78,11.94,Rabi,Rainfed,Rainwater,13.55,No,31.4,West,Medium,22.8
Cotton,Sowing,Sandy,6.07,59.58,1.09,1.5,117.0,46.0,19.0,17.76,79.73,287.55,10.45,0.84,Kharif,Sprinkler,Reservoir,14.45,No,9.27,East,Low,4.4
Cotton,Harvest,Sandy,7.95,44.47,0.71,2.12,117.0,46.0,19.0,34.8,26.57,195.17,10.58,3.2,Zaid,Sprinkler,River,4.01,No,34.85,North,Medium,24.59
Maize,Flowering,Silt,7.62,20.93,0.88,0.21,76.0,48.5,20.0,39.84,46.15,1740.15,9.95,12.87,Kharif,Canal,River,4.68,Yes,102.74,Central,Medium,118.78
Cotton,Harvest,Clay,5.17,20.49,1.36,2.03,117.0,46.0,19.0,26.66,56.65,1750.59,5.96,3.43,Rabi,Rainfed,Rainwater,0.32,Yes,95.23,North,Low,39.93
Maize,Vegetative,Clay,5.17,57.17,0.62,1.15,76.0,48.5,20.0,41.83,67.05,2224.78,4.86,3.49,Kharif,Rainfed,Reservoir,5.1,Yes,67.87,South,Low,32.97
Rice,Sowing,Sandy,5.29,55.57,1.38,3.32,80.0,47.0,40.0,17.57,60.72,911.66,8.49,15.05,Kharif,Canal,Reservoir,12.52,Yes,89.4,West,Low,35.56
Cotton,Vegetative,Clay,7.1,59.96,1.49,2.3,117.0,46.0,19.0,30.29,29.45,1813.25,7.59,6.05,Zaid,Drip,Groundwater,7.88,No,18.9,West,Medium,11.65
Cotton,Harvest,Silt,6.45,26.58,1.47,0.78,117.0,46.0,19.0,38.51,28.89,1038.99,8.2,19.72,Rabi,Drip,Groundwater,13.81,Yes,15.3,South,Low,6.83
Rice,Harvest,Sandy,7.77,48.4,0.82,1.16,80.0,47.0,40.0,27.35,72.42,2000.22,7.11,13.54,Kharif,Canal,Rainwater,4.83,No,85.85,Central,Low,28.43
Rice,Flowering,Clay,6.02,38.74,1.36,2.75,80.0,47.0,40.0,39.95,78.49,435.76,8.19,6.79,Zaid,Drip,Groundwater,0.38,No,22.49,South,Medium,24.49
Rice,Vegetative,Clay,4.95,56.71,0.84,0.97,80.0,47.0,40.0,25.19,90.02,802.24,4.91,9.29,Zaid,Drip,Groundwater,2.6,No,75.72,Central,Low,32.2
Cotton,Sowing,Silt,7.68,12.63,0.89,0.54,117.0,46.0,19.0,27.02,77.54,1303.57,7.14,13.08,Zaid,Rainfed,River,13.23,No,62.82,Central,Medium,54.16
Cotton,Harvest,Silt,7.59,24.72,0.53,2.41,117.0,46.0,19.0,40.43,70.9,1063.39,10.08,13.3,Kharif,Drip,Rainwater,12.93,No,54.01,East,Medium,35.41
Rice,Flowering,Clay,8.19,10.29,0.71,2.44,80.0,47.0,40.0,18.04,92.01,2472.08,6.98,9.93,Kharif,Rainfed,Groundwater,3.49,No,118.3,South,Medium,111.61
Maize,Vegetative,Sandy,7.26,48.88,0.78,3.16,76.0,48.5,20.0,25.6,40.55,1806.84,10.7,18.44,Kharif,Sprinkler,Groundwater,12.96,Yes,37.92,North,Low,17.55
Maize,Vegetative,Sandy,7.89,38.64,0.8,3.33,76.0,48.5,20.0,21.23,42.51,2485.12,10.5,9.35,Rabi,Canal,River,9.24,No,61.34,North,Low,29.91
Rice,Flowering,Loamy,8.12,26.44,1.11,2.35,80.0,47.0,40.0,17.88,54.99,547.32,9.47,13.96,Zaid,Canal,Rainwater,5.9,Yes,59.4,North,Low,37.22
Cotton,Flowering,Sandy,5.76,22.39,1.34,3.31,117.0,46.0,19.0,18.9,82.21,2410.95,4.63,13.82,Rabi,Drip,Reservoir,2.26,Yes,118.29,East,Medium,110.56
Rice,Sowing,Sandy,8.04,23.9,0.39,1.94,80.0,47.0,40.0,36.19,54.01,1344.41,4.15,11.19,Kharif,Drip,River,6.88,No,112.77,North,Medium,102.78
Cotton,Vegetative,Clay,7.21,28.48,0.35,1.17,117.0,46.0,19.0,15.35,82.9,1433.38,4.53,4.2,Rabi,Rainfed,Rainwater,12.41,No,99.73,North,Low,49.82
Maize,Harvest,Loamy,6.61,8.21,0.98,2.0,76.0,48.5,20.0,40.84,85.04,176.19,10.24,17.31,Rabi,Rainfed,Rainwater,13.45,No,93.8,Central,High,112.62
Cotton,Flowering,Silt,6.42,52.56,0.63,2.16,117.0,46.0,19.0,17.32,66.22,1318.97,9.74,10.65,Zaid,Sprinkler,Rainwater,9.41,No,101.13,South,Medium,70.96
Rice,Sowing,Sandy,5.56,47.86,0.7,1.59,80.0,47.0,40.0,16.51,73.96,2063.33,9.0,12.62,Zaid,Canal,River,1.05,Yes,30.36,South,Low,12.91
Maize,Vegetative,Sandy,7.2,15.33,0.91,3.1,76.0,48.5,20.0,22.75,43.33,1347.17,4.22,19.27,Rabi,Sprinkler,Groundwater,13.22,Yes,54.74,West,Medium,45.21
Cotton,Flowering,Loamy,4.9,59.22,0.31,2.9,117.0,46.0,19.0,15.34,32.15,1247.38,5.1,10.01,Rabi,Rainfed,River,7.74,No,88.54,Central,Medium,56.64
Rice,Flowering,Sandy,5.48,21.91,0.65,2.19,80.0,47.0,40.0,38.4,32.59,2457.31,7.92,5.49,Kharif,Canal,Reservoir,10.01,No,111.68,North,Medium,126.53
Rice,Harvest,Silt,5.62,24.29,1.48,2.92,80.0,47.0,40.0,25.31,85.95,445.25,4.83,9.91,Kharif,Drip,Groundwater,5.2,No,110.62,Central,Low,48.06
Rice,Flowering,Clay,5.59,51.27,1.58,3.27,80.0,47.0,40.0,29.45,70.17,1071.06,4.57,10.26,Rabi,Rainfed,Rainwater,6.35,Yes,23.2,South,Low,13.06
Cotton,Flowering,Sandy,6.47,41.95,0.5,1.41,117.0,46.0,19.0,13.25,53.31,252.22,10.1,3.35,Kharif,Sprinkler,Reservoir,8.17,No,83.75,East,Medium,81.3
Cotton,Sowing,Loamy,7.22,20.45,0.77,0.44,117.0,46.0,19.0,29.71,46.22,1361.72,6.3,8.06,Zaid,Drip,River,7.71,No,11.04,South,Low,6.81
Cotton,Harvest,Sandy,6.77,45.12,0.72,3.38,117.0,46.0,19.0,40.71,55.41,571.25,4.0,13.17,Rabi,Drip,Groundwater,14.48,No,58.83,North,Low,22.6
Maize,Flowering,Clay,5.37,53.68,1.13,1.64,76.0,48.5,20.0,15.98,43.32,224.49,6.36,10.57,Rabi,Rainfed,River,4.11,No,11.83,East,Medium,10.58
Maize,Vegetative,Silt,7.47,27.88,0.7,1.79,76.0,48.5,20.0,25.01,59.63,1911.33,7.39,2.81,Rabi,Rainfed,Rainwater,9.18,No,94.65,West,Low,52.6
Maize,Harvest,Silt,5.99,39.42,0.9,1.89,76.0,48.5,20.0,24.52,82.52,900.38,5.81,18.81,Kharif,Rainfed,Rainwater,5.36,Yes,95.78,East,Low,33.57
Maize,Harvest,Silt,5.23,63.93,0.89,3.47,76.0,48.5,20.0,39.52,56.56,116.72,7.45,18.78,Zaid,Rainfed,Rainwater,14.95,Yes,29.89,West,Medium,19.02
Cotton,Sowing,Silt,6.72,24.06,1.46,1.54,117.0,46.0,19.0,29.47,93.36,1988.62,10.0,18.87,Rabi,Drip,River,12.07,Yes,11.66,South,Low,6.98
Rice,Vegetative,Sandy,5.28,33.16,1.03,3.25,80.0,47.0,40.0,17.3,82.92,1026.6,8.04,16.51,Zaid,Sprinkler,River,2.02,Yes,42.72,West,Low,20.96
Rice,Flowering,Silt,7.88,57.78,0.96,1.09,80.0,47.0,40.0,35.76,44.62,2075.77,4.07,5.02,Kharif,Canal,Groundwater,5.96,No,87.67,West,Medium,69.85
Maize,Vegetative,Loamy,6.46,29.95,0.76,3.49,76.0,48.5,20.0,25.02,72.45,2174.95,6.48,8.26,Zaid,Drip,River,8.63,Yes,112.03,Central,Low,61.21
Cotton,Vegetative,Sandy,7.95,14.43,0.98,2.73,117.0,46.0,19.0,13.28,47.18,532.17,6.07,14.74,Rabi,Drip,River,7.68,Yes,58.02,South,Medium,44.12
Cotton,Vegetative,Silt,6.77,24.13,0.59,2.47,117.0,46.0,19.0,40.82,83.52,149.3,10.8,16.37,Zaid,Rainfed,Groundwater,14.04,No,66.93,South,High,113.41
Rice,Sowing,Sandy,7.59,42.3,1.18,2.6,80.0,47.0,40.0,41.16,84.4,1606.55,6.76,8.68,Rabi,Drip,Reservoir,5.79,Yes,94.55,North,Low,53.28
Maize,Flowering,Sandy,6.28,61.01,0.93,2.41,76.0,48.5,20.0,27.48,51.69,661.04,5.33,17.92,Zaid,Canal,River,4.05,No,12.02,North,Medium,8.55
Cotton,Sowing,Loamy,7.47,34.24,0.83,3.31,117.0,46.0,19.0,21.82,35.48,947.84,8.59,13.95,Zaid,Drip,Reservoir,13.73,Yes,1.83,South,Low,0.93
Cotton,Flowering,Loamy,6.08,55.11,0.44,2.41,117.0,46.0,19.0,27.99,88.83,1575.91,10.8,14.38,Kharif,Canal,Groundwater,8.15,No,36.31,South,Medium,27.68
Cotton,Sowing,Sandy,6.95,22.38,0.58,0.75,117.0,46.0,19.0,24.26,36.91,2129.08,9.4,11.49,Kharif,Sprinkler,Groundwater,8.3,No,50.36,North,Medium,41.47
Maize,Flowering,Sandy,8.06,26.45,0.32,1.14,76.0,48.5,20.0,24.17,52.25,421.51,10.09,14.76,Zaid,Sprinkler,Reservoir,0.64,Yes,2.58,South,Low,1.91
Cotton,Vegetative,Loamy,7.75,64.41,0.51,3.4,117.0,46.0,19.0,35.64,37.46,1142.94,5.62,6.43,Rabi,Canal,Rainwater,5.64,Yes,104.91,East,Low,45.2
Maize,Harvest,Sandy,6.09,51.35,0.44,2.69,76.0,48.5,20.0,31.08,83.41,2101.17,9.14,12.98,Rabi,Drip,Groundwater,13.5,Yes,90.29,East,Low,30.09
Cotton,Vegetative,Loamy,6.05,37.17,1.29,2.75,117.0,46.0,19.0,37.85,27.9,1374.0,4.58,9.74,Zaid,Sprinkler,River,3.36,No,111.56,Central,Medium,92.33
Rice,Harvest,Silt,6.85,8.14,1.3,1.98,80.0,47.0,40.0,22.89,28.94,1523.2,9.67,11.35,Zaid,Drip,River,13.05,No,57.33,East,Medium,33.2
Cotton,Vegetative,Sandy,7.88,31.72,0.85,2.14,117.0,46.0,19.0,38.76,55.01,617.1,4.81,1.77,Kharif,Rainfed,Groundwater,3.67,No,67.5,West,Medium,59.04
Rice,Flowering,Loamy,8.19,32.62,0.91,1.03,80.0,47.0,40.0,34.58,69.57,248.38,5.24,4.13,Kharif,Rainfed,Reservoir,1.17,Yes,19.06,Central,Medium,24.55
Cotton,Flowering,Clay,6.48,39.74,1.23,2.22,117.0,46.0,19.0,15.09,45.73,174.33,9.99,10.68,Rabi,Drip,Rainwater,6.81,No,73.18,South,Medium,77.09
Cotton,Sowing,Sandy,5.41,41.16,0.58,0.6,117.0,46.0,19.0,12.9,76.52,1617.17,7.05,15.04,Kharif,Drip,River,0.92,Yes,99.81,West,Low,44.49
Maize,Sowing,Clay,6.54,56.81,1.33,2.55,76.0,48.5,20.0,37.1,65.35,2352.45,6.26,14.77,Zaid,Sprinkler,Reservoir,10.76,Yes,29.92,Central,Low,14.22
Rice,Sowing,Loamy,7.44,54.84,0.47,1.3,80.0,47.0,40.0,16.64,58.46,779.64,7.7,3.04,Kharif,Drip,Reservoir,11.25,Yes,34.58,Central,Low,13.72
Maize,Sowing,Sandy,7.48,40.26,0.46,2.84,76.0,48.5,20.0,30.2,37.61,837.62,5.4,6.43,Kharif,Rainfed,Rainwater,9.9,No,18.16,North,Low,9.54
Maize,Sowing,Silt,7.73,28.58,1.59,3.09,76.0,48.5,20.0,15.43,92.42,506.16,8.11,11.1,Kharif,Sprinkler,Rainwater,2.92,No,36.01,East,Low,18.34
Rice,Sowing,Silt,7.84,43.49,0.76,1.35,80.0,47.0,40.0,14.32,74.23,1171.28,7.91,14.8,Zaid,Drip,River,12.81,No,65.3,West,Low,28.48
Maize,Harvest,Sandy,5.46,21.16,0.68,3.02,76.0,48.5,20.0,12.75,77.94,1247.37,6.36,18.51,Zaid,Sprinkler,Rainwater,11.36,Yes,71.56,South,Low,26.43
Rice,Harvest,Clay,5.24,60.46,0.58,1.81,80.0,47.0,40.0,15.49,72.55,2328.06,9.96,12.67,Kharif,Sprinkler,Groundwater,7.41,Yes,59.27,East,Low,15.3
Cotton,Sowing,Sandy,8.12,40.77,1.37,0.81,117.0,46.0,19.0,40.28,31.83,1340.38,5.28,5.12,Zaid,Rainfed,Reservoir,3.45,No,11.73,West,Low,6.7
Maize,Vegetative,Loamy,6.64,9.3,1.47,0.39,76.0,48.5,20.0,30.83,72.57,1528.56,10.61,5.75,Zaid,Drip,Rainwater,11.17,Yes,115.53,South,Medium,103.31
Maize,Flowering,Sandy,6.65,57.13,1.2,2.6,76.0,48.5,20.0,29.89,44.25,2213.03,8.41,13.51,Rabi,Rainfed,Reservoir,9.71,No,93.45,West,Medium,71.0
Cotton,Vegetative,Silt,4.97,10.09,1.11,2.95,117.0,46.0,19.0,39.09,38.97,1476.06,5.86,3.43,Kharif,Drip,Reservoir,11.37,No,43.19,South,Medium,41.64
Maize,Flowering,Clay,7.33,32.86,1.38,3.03,76.0,48.5,20.0,21.68,86.82,723.95,4.97,8.99,Zaid,Rainfed,Groundwater,14.66,Yes,92.53,West,Low,57.22
Rice,Harvest,Silt,7.0,31.76,1.07,2.35,80.0,47.0,40.0,19.47,42.9,1778.83,7.63,5.59,Rabi,Drip,Reservoir,14.96,No,81.43,East,Low,28.97
Cotton,Sowing,Sandy,6.47,43.52,1.5,2.22,117.0,46.0,19.0,19.14,72.06,2361.46,6.22,14.34,Zaid,Canal,Rainwater,3.85,Yes,86.65,East,Low,39.52
Rice,Vegetative,Loamy,5.34,61.83,0.31,3.45,80.0,47.0,40.0,24.02,91.42,500.77,5.92,15.35,Zaid,Rainfed,Reservoir,3.1,Yes,116.04,East,Low,47.24
Maize,Flowering,Silt,5.47,48.43,0.44,2.91,76.0,48.5,20.0,33.68,50.67,794.68,9.56,17.33,Kharif,Canal,River,6.31,No,48.72,East,Medium,41.95
Rice,Harvest,Loamy,6.81,40.86,0.6,3.48,80.0,47.0,40.0,30.9,85.99,74.82,9.31,6.06,Zaid,Sprinkler,Groundwater,14.5,Yes,17.46,North,Low,9.4
Maize,Flowering,Clay,6.87,48.26,1.08,2.72,76.0,48.5,20.0,13.94,47.4,2033.77,7.89,14.29,Zaid,Rainfed,Rainwater,13.82,No,85.21,North,Medium,60.86
Rice,Flowering,Sandy,7.47,49.24,0.57,1.25,80.0,47.0,40.0,26.58,55.77,1870.55,5.35,7.14,Zaid,Sprinkler,Rainwater,6.5,Yes,64.06,North,Low,35.8
Rice,Harvest,Loamy,7.99,43.57,0.37,2.03,80.0,47.0,40.0,24.68,67.12,2265.41,10.75,14.05,Kharif,Sprinkler,River,12.46,Yes,49.34,South,Low,16.67
Rice,Harvest,Clay,7.61,19.87,0.47,2.76,80.0,47.0,40.0,24.03,49.3,1483.96,10.25,7.99,Kharif,Canal,Rainwater,7.4,Yes,24.76,East,Low,10.15
Maize,Sowing,Silt,7.17,53.25,1.13,3.19,76.0,48.5,20.0,24.68,94.73,2328.14,9.79,15.15,Rabi,Canal,River,12.45,Yes,27.83,South,Low,12.21
Rice,Vegetative,Sandy,5.44,31.14,1.45,2.72,80.0,47.0,40.0,26.93,41.77,2468.29,10.19,18.96,Kharif,Rainfed,Reservoir,5.74,Yes,116.34,Central,Low,64.13
Rice,Sowing,Loamy,6.84,41.92,0.44,2.51,80.0,47.0,40.0,29.02,71.34,844.02,10.97,8.17,Rabi,Canal,Groundwater,5.61,Yes,92.08,South,Low,47.1
Rice,Harvest,Clay,5.91,39.23,1.1,1.47,80.0,47.0,40.0,38.45,73.33,2241.04,7.87,7.18,Kharif,Sprinkler,River,2.55,No,31.71,East,Low,12.69
Cotton,Harvest,Silt,7.46,60.82,1.37,0.48,117.0,46.0,19.0,35.07,26.55,1888.23,7.78,3.5,Zaid,Canal,River,9.72,No,111.52,West,Low,34.87
Rice,Vegetative,Sandy,7.66,38.55,1.06,0.46,80.0,47.0,40.0,13.57,45.08,1812.84,6.04,0.98,Zaid,Drip,Groundwater,3.52,Yes,108.45,West,Low,49.5
Maize,Flowering,Silt,7.65,10.4,1.33,0.21,76.0,48.5,20.0,24.53,87.28,56.42,8.76,14.92,Zaid,Canal,River,6.66,No,49.32,Central,High,95.81
Maize,Harvest,Silt,5.15,11.96,1.21,1.91,76.0,48.5,20.0,22.83,71.89,1736.98,6.53,0.9,Kharif,Rainfed,Groundwater,11.29,No,38.14,North,Low,15.45
Rice,Sowing,Silt,7.65,8.42,0.38,2.38,80.0,47.0,40.0,40.74,43.61,696.71,6.12,13.91,Kharif,Rainfed,River,11.33,No,45.52,Central,Medium,44.23
Maize,Sowing,Clay,5.32,60.05,0.44,0.53,76.0,48.5,20.0,25.7,60.54,146.3,5.14,3.03,Rabi,Canal,Groundwater,3.6,Yes,69.29,South,Low,39.65
Rice,Vegetative,Sandy,6.4,56.19,0.34,0.6,80.0,47.0,40.0,16.53,63.14,1176.53,7.1,19.57,Kharif,Drip,Rainwater,12.19,No,36.45,South,Medium,20.34
Maize,Flowering,Clay,7.89,42.73,1.48,1.47,76.0,48.5,20.0,13.64,58.02,1538.95,4.08,8.93,Kharif,Sprinkler,Reservoir,10.55,Yes,9.22,Central,Low,4.86
Rice,Sowing,Clay,6.5,55.53,1.31,0.6,80.0,47.0,40.0,15.5,69.54,27.86,4.97,18.74,Kharif,Sprinkler,River,9.2,Yes,27.3,East,Low,16.03
Rice,Flowering,Sandy,6.35,17.45,0.36,3.49,80.0,47.0,40.0,41.75,93.0,808.3,8.04,11.47,Zaid,Sprinkler,Groundwater,8.88,Yes,21.04,Central,Medium,24.53
Maize,Sowing,Clay,7.16,18.92,1.11,1.68,76.0,48.5,20.0,32.74,62.19,1205.71,7.63,2.97,Rabi,Sprinkler,Groundwater,2.53,No,18.24,South,Medium,16.61
Maize,Vegetative,Silt,7.38,23.26,1.29,2.24,76.0,48.5,20.0,34.59,36.03,1424.52,8.3,13.0,Zaid,Sprinkler,Rainwater,10.67,No,81.69,West,High,95.88
Cotton,Flowering,Silt,6.14,13.19,1.17,2.27,117.0,46.0,19.0,22.36,69.28,970.4,10.87,17.11,Rabi,Canal,River,12.98,No,69.41,South,Medium,68.52
Maize,Flowering,Sandy,7.1,16.39,0.83,0.34,76.0,48.5,20.0,30.42,64.71,673.72,5.48,19.67,Kharif,Sprinkler,River,8.44,No,36.72,South,High,51.03
Rice,Vegetative,Loamy,6.42,37.0,0.4,3.32,80.0,47.0,40.0,14.39,80.86,383.86,9.7,15.03,Rabi,Drip,Rainwater,10.81,Yes,44.52,East,Low,23.58
Cotton,Vegetative,Silt,7.28,57.0,1.13,1.36,117.0,46.0,19.0,30.3,58.24,236.6,8.94,18.12,Kharif,Sprinkler,Reservoir,0.6,No,71.61,East,High,76.79
Maize,Sowing,Silt,8.04,63.22,1.36,3.18,76.0,48.5,20.0,31.08,36.31,2111.95,7.15,1.02,Kharif,Sprinkler,Rainwater,0.39,No,11.07,East,Low,4.64
Rice,Sowing,Clay,7.64,45.08,0.68,0.5,80.0,47.0,40.0,22.2,76.99,764.87,8.09,17.99,Zaid,Rainfed,River,3.25,Yes,75.1,East,Low,34.85
Cotton,Flowering,Sandy,7.87,46.52,1.58,0.23,117.0,46.0,19.0,16.41,25.26,1634.04,5.3,8.5,Rabi,Drip,River,4.26,No,68.42,South,Low,35.34
Rice,Vegetative,Sandy,6.36,43.5,0.68,1.41,80.0,47.0,40.0,13.59,38.18,526.76,6.46,2.2,Kharif,Canal,Groundwater,12.9,Yes,99.59,South,Low,43.43
Rice,Vegetative,Loamy,5.66,16.39,0.75,2.7,80.0,47.0,40.0,33.52,78.97,1784.14,9.78,3.72,Zaid,Canal,Reservoir,5.21,No,104.11,North,Medium,95.47
Cotton,Vegetative,Silt,4.87,30.01,1.52,1.4,117.0,46.0,19.0,31.12,74.47,545.26,9.35,1.25,Rabi,Sprinkler,Rainwater,3.72,Yes,43.55,West,Low,25.23
Rice,Sowing,Sandy,6.58,33.22,1.26,0.9,80.0,47.0,40.0,31.91,35.4,1530.24,10.23,8.1,Zaid,Canal,Rainwater,6.61,No,75.71,Central,Low,43.01
Rice,Vegetative,Silt,6.59,15.32,0.51,0.87,80.0,47.0,40.0,23.85,73.36,442.29,6.57,13.27,Kharif,Sprinkler,Groundwater,6.74,No,61.61,South,Medium,55.83
Rice,Vegetative,Loamy,5.35,63.84,1.25,3.21,80.0,47.0,40.0,25.32,31.11,509.07,4.17,5.76,Zaid,Sprinkler,Reservoir,6.92,Yes,97.87,South,Low,39.12
Maize,Vegetative,Silt,6.05,14.76,1.28,2.56,76.0,48.5,20.0,37.41,72.7,1264.79,4.35,15.64,Rabi,Sprinkler,River,3.79,No,66.77,South,High,82.45
Rice,Sowing,Loamy,6.24,22.74,0.59,1.56,80.0,47.0,40.0,35.28,39.85,1163.04,8.08,7.14,Rabi,Rainfed,Reservoir,0.7,Yes,90.83,West,Low,58.0
Maize,Flowering,Silt,7.7,14.6,0.72,3.27,76.0,48.5,20.0,32.09,84.19,1134.64,8.7,8.9,Rabi,Canal,Rainwater,2.49,Yes,5.62,East,Medium,6.1
Rice,Sowing,Clay,6.28,53.98,1.33,2.87,80.0,47.0,40.0,29.15,89.19,1888.08,4.17,11.11,Kharif,Drip,Groundwater,8.38,No,32.12,West,Low,14.62
Rice,Flowering,Clay,5.8,41.4,1.56,3.08,80.0,47.0,40.0,25.5,87.45,1065.12,8.55,18.75,Zaid,Rainfed,River,8.91,No,57.55,East,Medium,48.99
Rice,Vegetative,Loamy,6.01,27.6,1.19,2.33,80.0,47.0,40.0,15.28,61.47,2004.16,6.64,11.72,Rabi,Canal,Groundwater,11.46,No,88.13,East,Medium,63.3
Rice,Vegetative,Sandy,7.16,13.01,0.39,2.05,80.0,47.0,40.0,24.77,62.0,674.19,8.52,10.24,Rabi,Drip,Reservoir,11.27,Yes,3.16,East,Medium,2.66
Rice,Vegetative,Clay,7.42,56.9,1.41,1.71,80.0,47.0,40.0,38.15,56.34,25.95,6.32,11.29,Zaid,Sprinkler,Groundwater,1.85,Yes,84.6,West,Medium,87.58
Rice,Sowing,Loamy,5.63,35.57,1.38,3.37,80.0,47.0,40.0,31.3,66.19,45.57,8.19,9.35,Kharif,Drip,Reservoir,8.88,No,77.75,East,Medium,91.7
Rice,Vegetative,Silt,4.97,55.72,0.91,3.17,80.0,47.0,40.0,41.18,89.42,576.05,10.49,3.24,Zaid,Sprinkler,Reservoir,7.57,No,37.31,East,Medium,26.29
Cotton,Harvest,Loamy,6.93,52.74,0.32,2.47,117.0,46.0,19.0,12.7,55.46,2067.59,5.91,7.28,Kharif,Sprinkler,Reservoir,12.46,No,23.56,North,Low,6.57
Rice,Vegetative,Sandy,5.89,21.09,0.46,0.2,80.0,47.0,40.0,36.78,70.31,466.53,10.92,7.42,Zaid,Canal,Reservoir,4.45,Yes,25.14,Central,Medium,24.96
Rice,Vegetative,Sandy,5.6,11.9,0.87,0.54,80.0,47.0,40.0,22.21,69.77,374.82,8.4,10.52,Zaid,Rainfed,Groundwater,3.47,No,91.05,North,Medium,86.31
Rice,Flowering,Clay,5.27,41.94,1.01,0.27,80.0,47.0,40.0,35.65,57.31,736.61,5.94,1.47,Kharif,Drip,Groundwater,8.81,Yes,41.92,South,Low,27.37
Rice,Harvest,Silt,4.92,24.51,0.73,1.59,80.0,47.0,40.0,38.04,70.45,1835.59,9.23,18.84,Rabi,Canal,River,0.31,No,117.28,South,Medium,75.7
Rice,Flowering,Silt,7.31,11.68,0.33,1.29,80.0,47.0,40.0,37.04,68.89,1343.67,4.39,19.72,Rabi,Canal,Rainwater,2.66,Yes,103.57,East,Medium,117.66
Maize,Flowering,Clay,5.88,35.7,1.54,1.62,76.0,48.5,20.0,38.62,37.61,2477.93,8.29,3.87,Kharif,Sprinkler,Reservoir,2.24,Yes,35.07,Central,Low,24.87
Rice,Harvest,Sandy,6.27,48.62,0.49,3.22,80.0,47.0,40.0,40.74,72.5,1339.93,7.38,16.82,Rabi,Sprinkler,Reservoir,0.47,Yes,89.1,North,Low,33.09
Rice,Flowering,Clay,6.54,18.56,0.7,1.67,80.0,47.0,40.0,25.86,33.55,371.8,7.11,1.64,Zaid,Drip,Rainwater,5.23,No,47.6,Central,Medium,56.33
Cotton,Sowing,Silt,5.91,64.68,0.58,1.38,117.0,46.0,19.0,33.2,68.01,318.9,9.84,19.52,Kharif,Rainfed,Reservoir,10.11,Yes,42.53,East,Low,21.64
Rice,Sowing,Sandy,6.3,45.17,0.37,1.62,80.0,47.0,40.0,32.97,34.31,952.73,5.06,9.37,Zaid,Drip,Reservoir,14.99,No,113.46,Central,Low,58.43
Maize,Sowing,Clay,6.48,31.37,0.75,2.67,76.0,48.5,20.0,20.57,75.07,1552.04,9.65,19.26,Rabi,Drip,Rainwater,9.52,No,108.32,South,Low,55.88
Rice,Flowering,Sandy,6.91,25.82,1.01,3.26,80.0,47.0,40.0,38.7,87.71,971.02,7.34,0.54,Kharif,Rainfed,Groundwater,5.29,Yes,10.71,North,Low,8.26
Cotton,Flowering,Loamy,7.2,36.32,0.3,2.59,117.0,46.0,19.0,37.51,34.78,328.76,9.74,19.98,Rabi,Rainfed,Groundwater,10.12,Yes,58.51,Central,Medium,70.12
Maize,Vegetative,Loamy,7.11,51.9,0.9,2.1,76.0,48.5,20.0,24.28,86.28,106.91,8.49,11.32,Zaid,Drip,River,12.95,Yes,17.88,North,Medium,16.17
Rice,Sowing,Sandy,7.77,15.55,1.22,2.37,80.0,47.0,40.0,20.29,70.49,509.27,4.22,10.66,Rabi,Rainfed,River,9.76,Yes,79.5,Central,Low,45.53
Cotton,Vegetative,Silt,6.2,54.68,0.94,1.45,117.0,46.0,19.0,33.85,88.55,364.12,9.74,14.78,Zaid,Canal,Rainwater,13.39,Yes,69.42,East,Medium,54.54
Maize,Flowering,Loamy,7.83,61.39,1.1,0.95,76.0,48.5,20.0,33.35,64.44,1609.71,5.84,14.42,Zaid,Rainfed,Groundwater,2.15,No,45.03,South,Medium,33.72
Cotton,Harvest,Loamy,7.38,41.17,1.05,0.76,117.0,46.0,19.0,30.85,81.78,1453.66,10.18,6.11,Zaid,Sprinkler,Groundwater,10.82,Yes,35.62,East,Low,13.07
Rice,Vegetative,Clay,6.83,32.15,1.55,2.16,80.0,47.0,40.0,13.81,77.06,1612.56,4.95,14.2,Zaid,Rainfed,Rainwater,2.26,Yes,94.53,Central,Low,45.62
Maize,Harvest,Loamy,5.11,27.0,0.88,0.22,76.0,48.5,20.0,24.31,93.08,2189.41,4.51,14.89,Rabi,Rainfed,Reservoir,9.81,No,48.81,Central,Low,18.99
Rice,Harvest,Sandy,6.71,9.01,1.13,1.01,80.0,47.0,40.0,19.04,70.16,1271.56,10.87,7.18,Rabi,Drip,River,9.78,Yes,118.72,East,Low,46.23
Rice,Flowering,Loamy,7.41,9.29,0.73,2.93,80.0,47.0,40.0,40.25,76.0,2272.12,9.43,16.97,Kharif,Drip,Rainwater,1.91,No,99.15,Central,High,150.3
Rice,Vegetative,Loamy,6.19,52.25,0.79,0.41,80.0,47.0,40.0,41.38,49.94,302.47,8.41,4.07,Kharif,Sprinkler,River,12.73,Yes,55.28,East,Low,34.73
Cotton,Vegetative,Loamy,5.81,59.67,0.42,3.42,117.0,46.0,19.0,19.71,39.79,974.27,5.13,14.09,Zaid,Canal,Reservoir,11.73,Yes,58.43,East,Low,22.74
Cotton,Flowering,Loamy,5.34,60.35,1.53,0.97,117.0,46.0,19.0,38.94,54.17,1194.28,5.33,18.47,Rabi,Sprinkler,River,7.74,Yes,102.16,North,Medium,81.4
Rice,Harvest,Sandy,6.28,40.0,0.9,0.67,80.0,47.0,40.0,17.39,86.23,654.8,4.42,17.52,Zaid,Rainfed,Reservoir,10.44,Yes,49.38,South,Low,15.98
Rice,Sowing,Loamy,6.76,10.56,1.0,1.74,80.0,47.0,40.0,35.98,65.4,2113.37,5.47,2.84,Kharif,Canal,Groundwater,2.94,Yes,51.9,Central,Low,34.07
Cotton,Sowing,Loamy,7.35,31.33,0.31,1.9,117.0,46.0,19.0,14.36,54.93,481.84,8.8,19.39,Zaid,Sprinkler,Groundwater,12.5,No,68.68,South,Low,34.85
Rice,Flowering,Silt,7.72,46.96,1.32,2.04,80.0,47.0,40.0,17.63,39.36,1328.84,6.9,19.62,Kharif,Drip,River,0.44,No,70.87,North,Medium,52.76
Cotton,Vegetative,Silt,5.85,13.78,0.51,3.27,117.0,46.0,19.0,34.11,40.88,1881.45,6.38,5.85,Zaid,Rainfed,Rainwater,0.44,Yes,116.09,East,Medium,107.03
Rice,Harvest,Clay,5.2,15.96,0.84,2.5,80.0,47.0,40.0,41.59,40.15,521.12,6.94,10.29,Zaid,Rainfed,Reservoir,7.6,No,3.96,West,Medium,2.7
Cotton,Flowering,Silt,8.06,10.59,0.43,1.59,117.0,46.0,19.0,24.3,42.47,438.95,4.43,16.08,Zaid,Drip,Groundwater,9.33,No,59.38,North,Medium,65.07
Cotton,Sowing,Clay,7.2,40.77,0.86,2.08,117.0,46.0,19.0,38.74,47.41,606.45,6.29,19.79,Zaid,Drip,Rainwater,10.04,Yes,52.93,Central,Low,29.92
Maize,Harvest,Sandy,7.69,46.8,1.55,1.61,76.0,48.5,20.0,40.14,62.24,984.86,4.51,4.78,Kharif,Sprinkler,Groundwater,12.63,No,70.6,North,Low,26.69
Maize,Vegetative,Loamy,6.28,27.36,0.34,0.38,76.0,48.5,20.0,39.29,29.24,1469.6,10.66,13.62,Rabi,Canal,Rainwater,7.09,No,7.92,West,Medium,7.22
Rice,Harvest,Clay,7.96,28.63,1.07,2.12,80.0,47.0,40.0,31.74,72.82,1808.2,7.83,16.15,Rabi,Drip,Groundwater,14.58,Yes,2.64,Central,Low,1.09
Rice,Flowering,Clay,6.81,25.91,1.27,1.52,80.0,47.0,40.0,32.48,51.91,557.03,5.09,11.92,Rabi,Drip,River,14.17,Yes,31.17,West,Medium,32.43
Maize,Sowing,Silt,7.87,46.35,0.32,3.33,76.0,48.5,20.0,28.65,65.45,223.42,9.69,4.68,Kharif,Canal,Reservoir,9.31,Yes,118.68,East,Low,75.96
Rice,Vegetative,Silt,5.23,36.35,1.36,0.68,80.0,47.0,40.0,38.93,43.15,1281.4,5.56,10.3,Kharif,Sprinkler,River,5.16,Yes,102.42,East,Medium,86.2
Maize,Sowing,Silt,6.19,54.97,0.84,2.06,76.0,48.5,20.0,16.61,88.43,698.94,10.76,19.92,Kharif,Canal,River,5.04,No,104.72,East,Low,41.48
Maize,Flowering,Loamy,6.41,27.16,1.3,2.21,76.0,48.5,20.0,20.82,56.01,1560.69,8.15,12.89,Kharif,Canal,Rainwater,6.9,Yes,54.91,West,Low,35.29
Rice,Sowing,Sandy,6.6,33.77,1.51,0.6,80.0,47.0,40.0,17.35,81.74,706.0,7.68,16.48,Rabi,Sprinkler,Groundwater,10.55,No,92.89,East,Low,45.37
Rice,Harvest,Clay,5.06,27.68,1.28,2.63,80.0,47.0,40.0,29.51,86.58,609.51,5.18,17.82,Rabi,Sprinkler,Rainwater,10.51,Yes,89.39,North,Low,36.4
Cotton,Vegetative,Loamy,5.27,37.38,1.32,2.63,117.0,46.0,19.0,32.74,29.7,2389.53,4.88,13.5,Zaid,Sprinkler,Rainwater,7.41,No,81.14,West,Medium,63.99
Maize,Harvest,Loamy,7.72,12.88,1.35,2.85,76.0,48.5,20.0,32.08,58.62,755.06,4.83,3.09,Zaid,Sprinkler,River,3.38,Yes,108.33,South,Low,48.03
Cotton,Harvest,Loamy,6.66,31.05,1.06,0.95,117.0,46.0,19.0,29.81,87.88,2265.39,7.18,9.92,Zaid,Rainfed,River,14.09,No,92.76,East,Low,36.83
Cotton,Flowering,Loamy,6.87,36.21,1.37,1.38,117.0,46.0,19.0,32.07,64.68,550.9,7.1,12.99,Kharif,Canal,Reservoir,1.66,No,91.68,Central,Medium,87.12
Rice,Flowering,Silt,5.11,63.05,0.71,0.72,80.0,47.0,40.0,32.8,36.04,1757.69,9.77,13.55,Rabi,Canal,Groundwater,5.33,No,98.99,East,Medium,72.37
Rice,Flowering,Silt,6.41,63.33,0.37,1.95,80.0,47.0,40.0,39.28,30.54,1617.85,8.87,5.85,Kharif,Canal,Reservoir,2.52,No,43.93,South,Medium,33.94
Cotton,Flowering,Clay,5.46,56.52,0.93,1.73,117.0,46.0,19.0,40.44,59.59,1624.08,10.46,16.0,Rabi,Drip,Rainwater,3.4,Yes,12.24,South,Medium,10.26
Cotton,Harvest,Sandy,5.51,25.99,1.49,1.18,117.0,46.0,19.0,36.31,78.58,2076.51,10.57,16.74,Kharif,Sprinkler,Rainwater,12.67,Yes,7.93,North,Low,3.49
Cotton,Vegetative,Loamy,6.17,30.4,0.38,1.27,117.0,46.0,19.0,22.88,28.37,2115.16,7.79,3.64,Rabi,Canal,Reservoir,6.86,Yes,35.1,West,Low,18.7
Rice,Vegetative,Sandy,5.51,48.0,1.13,1.0,80.0,47.0,40.0,13.19,53.81,662.1,8.17,8.58,Zaid,Drip,Rainwater,3.36,Yes,27.68,West,Low,11.56
Rice,Harvest,Clay,7.01,8.94,1.38,1.94,80.0,47.0,40.0,18.75,63.53,1698.06,8.38,1.36,Zaid,Canal,River,10.09,No,38.62,West,Low,14.99
Maize,Vegetative,Clay,7.76,16.33,1.16,1.61,76.0,48.5,20.0,23.45,66.88,1753.8,4.42,8.27,Kharif,Drip,Rainwater,3.59,No,58.48,West,Medium,48.65
Cotton,Vegetative,Sandy,7.34,55.29,0.85,0.77,117.0,46.0,19.0,38.03,25.34,2175.8,10.27,19.94,Kharif,Canal,Rainwater,14.91,No,99.67,West,Medium,69.35
Rice,Flowering,Clay,5.28,59.59,0.59,1.57,80.0,47.0,40.0,30.09,74.25,1501.71,7.88,1.45,Rabi,Sprinkler,Reservoir,8.13,Yes,51.12,North,Low,26.52
Rice,Vegetative,Sandy,6.12,30.69,1.58,1.53,80.0,47.0,40.0,21.04,65.98,1782.46,6.89,10.89,Zaid,Drip,Reservoir,12.96,Yes,37.86,Central,Low,19.74
Maize,Harvest,Loamy,7.77,63.77,0.72,2.56,76.0,48.5,20.0,39.58,53.8,927.3,7.24,3.21,Rabi,Canal,Reservoir,7.1,No,23.26,Central,Low,7.32
Rice,Flowering,Clay,6.02,36.42,1.06,0.16,80.0,47.0,40.0,41.56,43.06,2187.04,7.83,6.38,Rabi,Rainfed,Groundwater,8.21,No,37.72,West,Medium,38.43
Cotton,Vegetative,Loamy,5.79,58.39,0.5,0.82,117.0,46.0,19.0,30.29,68.67,2303.68,9.38,12.45,Rabi,Drip,Reservoir,3.17,No,38.37,South,Medium,24.06
Cotton,Flowering,Clay,8.07,30.2,0.98,1.21,117.0,46.0,19.0,20.68,78.09,1781.03,9.13,14.65,Zaid,Canal,Rainwater,3.29,Yes,11.63,West,Low,7.28
Rice,Flowering,Sandy,7.02,9.66,0.97,3.12,80.0,47.0,40.0,13.62,75.66,572.24,6.31,3.96,Zaid,Sprinkler,Reservoir,0.42,No,109.99,North,Medium,100.38
Rice,Sowing,Sandy,8.06,30.3,1.47,1.21,80.0,47.0,40.0,21.81,62.8,2499.58,7.09,7.07,Rabi,Rainfed,Rainwater,6.88,No,117.3,West,Low,61.85
Maize,Flowering,Loamy,6.31,63.36,1.45,2.92,76.0,48.5,20.0,13.94,57.96,2159.69,9.51,4.31,Zaid,Sprinkler,Reservoir,3.14,No,100.48,East,Low,42.78
Rice,Vegetative,Silt,7.37,28.01,0.5,0.96,80.0,47.0,40.0,33.6,94.54,527.69,8.64,12.12,Rabi,Rainfed,River,9.02,Yes,34.48,East,Medium,29.69
Cotton,Harvest,Clay,5.53,19.01,1.14,1.85,117.0,46.0,19.0,38.59,47.54,2382.88,6.56,10.25,Rabi,Drip,Rainwater,3.42,Yes,74.08,East,Medium,49.77
Cotton,Flowering,Sandy,5.05,55.76,0.58,2.3,117.0,46.0,19.0,39.27,29.98,2134.38,7.65,11.38,Zaid,Rainfed,River,4.19,Yes,7.56,West,Medium,6.35
Cotton,Vegetative,Loamy,7.68,25.03,0.86,3.26,117.0,46.0,19.0,31.45,48.55,661.54,8.14,0.87,Kharif,Sprinkler,Groundwater,6.02,Yes,86.15,East,Low,52.15
Maize,Sowing,Loamy,7.98,43.36,0.41,3.35,76.0,48.5,20.0,32.0,61.47,295.41,5.92,14.96,Rabi,Rainfed,Groundwater,4.46,Yes,69.85,North,Medium,64.01
Rice,Harvest,Silt,7.67,29.34,0.82,1.83,80.0,47.0,40.0,27.23,37.88,525.64,10.26,18.82,Rabi,Drip,Groundwater,14.53,Yes,83.57,Central,Low,32.83
Rice,Harvest,Silt,6.74,19.87,0.68,0.5,80.0,47.0,40.0,18.25,49.62,1412.02,4.48,8.15,Kharif,Canal,River,10.02,Yes,86.8,Central,Low,33.51
Rice,Vegetative,Loamy,7.98,54.23,0.57,3.0,80.0,47.0,40.0,21.7,48.92,462.97,7.48,19.15,Rabi,Rainfed,River,11.42,No,118.38,East,Medium,75.79
Maize,Harvest,Sandy,6.72,17.58,0.46,1.53,76.0,48.5,20.0,18.63,85.4,297.74,4.11,14.91,Rabi,Rainfed,River,3.51,No,85.11,Central,Medium,58.12
Rice,Harvest,Sandy,6.31,25.67,1.38,1.07,80.0,47.0,40.0,15.41,73.78,1728.91,10.48,2.19,Zaid,Sprinkler,Rainwater,1.96,No,74.08,North,Low,26.52
Cotton,Harvest,Loamy,6.8,63.1,1.18,1.41,117.0,46.0,19.0,27.84,60.14,964.7,5.82,9.13,Kharif,Canal,Rainwater,11.74,Yes,113.36,North,Low,32.27
Rice,Harvest,Loamy,5.63,34.22,0.53,1.88,80.0,47.0,40.0,13.52,74.67,99.92,8.07,9.36,Zaid,Sprinkler,River,2.34,Yes,88.82,North,Low,42.33
Maize,Vegetative,Sandy,7.42,16.61,1.09,3.23,76.0,48.5,20.0,32.46,75.61,2338.45,5.15,11.53,Rabi,Sprinkler,Groundwater,0.4,No,104.99,South,High,123.94
Rice,Flowering,Clay,6.89,15.12,0.97,2.91,80.0,47.0,40.0,18.07,31.49,1170.81,10.5,10.13,Rabi,Canal,Rainwater,13.64,Yes,19.47,East,Medium,18.37
Maize,Flowering,Silt,8.04,30.84,0.39,0.66,76.0,48.5,20.0,19.41,51.65,1640.76,6.16,19.78,Rabi,Canal,Reservoir,9.69,No,17.09,East,Medium,15.0
Rice,Harvest,Sandy,5.64,35.26,1.55,0.96,80.0,47.0,40.0,33.04,77.56,1178.11,4.31,10.78,Kharif,Rainfed,Rainwater,8.09,Yes,57.83,East,Low,22.83
Cotton,Flowering,Loamy,7.29,38.99,0.84,0.65,117.0,46.0,19.0,14.12,72.78,1143.44,7.48,6.42,Kharif,Rainfed,Rainwater,7.28,No,9.85,North,Low,5.37
Cotton,Harvest,Clay,5.04,26.02,1.13,3.49,117.0,46.0,19.0,24.98,51.36,464.17,5.92,4.68,Zaid,Sprinkler,River,7.22,Yes,74.59,West,Low,31.29
Rice,Sowing,Sandy,5.03,62.0,0.8,0.17,80.0,47.0,40.0,12.83,27.24,2334.96,9.15,19.58,Zaid,Sprinkler,Groundwater,13.08,No,59.13,South,Low,21.31
Maize,Flowering,Loamy,8.05,56.17,0.51,2.27,76.0,48.5,20.0,23.54,79.73,1877.04,8.64,13.07,Kharif,Canal,Groundwater,4.31,Yes,110.05,West,Low,55.56
Cotton,Vegetative,Sandy,7.55,29.56,0.65,1.26,117.0,46.0,19.0,27.91,77.89,2230.53,6.7,14.38,Rabi,Sprinkler,Groundwater,9.27,No,87.72,South,Medium,70.67
Rice,Harvest,Silt,8.09,24.01,1.52,0.67,80.0,47.0,40.0,32.74,32.0,1780.96,10.97,13.6,Kharif,Canal,Groundwater,0.81,Yes,4.85,North,Medium,3.0
Rice,Vegetative,Sandy,6.42,45.81,0.55,3.18,80.0,47.0,40.0,29.24,67.93,140.71,8.71,5.3,Rabi,Canal,Reservoir,10.07,No,54.16,West,Medium,53.3
Cotton,Sowing,Clay,7.27,63.91,0.39,1.02,117.0,46.0,19.0,13.63,50.21,729.41,7.1,13.13,Rabi,Canal,Rainwater,0.59,Yes,16.96,North,Low,5.98
Maize,Vegetative,Loamy,6.06,43.72,1.14,1.61,76.0,48.5,20.0,28.83,63.25,840.46,7.39,6.99,Kharif,Sprinkler,River,11.73,No,34.95,North,Low,17.55
Maize,Vegetative,Silt,5.43,58.25,1.4,3.14,76.0,48.5,20.0,31.44,31.2,2493.45,10.46,9.42,Zaid,Drip,Reservoir,5.78,No,101.23,East,Medium,64.26
Maize,Harvest,Loamy,5.13,51.14,1.57,1.67,76.0,48.5,20.0,39.0,47.42,1633.15,10.28,7.95,Kharif,Rainfed,Groundwater,4.64,Yes,63.83,West,Low,22.91
Cotton,Flowering,Clay,5.2,59.33,0.88,2.76,117.0,46.0,19.0,31.45,89.02,1340.29,6.32,2.19,Zaid,Drip,Reservoir,0.63,No,36.17,West,Medium,27.23
Cotton,Harvest,Loamy,6.69,39.44,1.58,1.16,117.0,46.0,19.0,15.79,38.6,622.16,10.51,13.41,Kharif,Canal,Groundwater,8.3,No,104.55,West,Low,33.42
Cotton,Harvest,Clay,5.78,22.56,0.38,1.16,117.0,46.0,19.0,21.96,58.44,216.78,10.37,18.38,Zaid,Sprinkler,River,10.55,No,56.71,West,Medium,41.96
Cotton,Sowing,Clay,8.0,32.83,1.12,0.45,117.0,46.0,19.0,12.6,65.08,410.67,6.95,17.26,Kharif,Drip,Reservoir,1.86,No,49.73,West,Low,26.66
Maize,Sowing,Sandy,7.39,37.43,0.57,2.0,76.0,48.5,20.0,20.86,37.59,1450.81,6.28,18.3,Rabi,Drip,Reservoir,2.55,Yes,65.48,West,Low,32.15
Cotton,Flowering,Sandy,8.11,13.51,0.99,0.93,117.0,46.0,19.0,29.11,48.11,1364.57,10.19,19.69,Kharif,Canal,Groundwater,14.53,Yes,81.33,South,Medium,85.86
Cotton,Sowing,Loamy,5.77,14.23,0.62,0.87,117.0,46.0,19.0,29.57,45.7,2393.19,4.27,6.94,Rabi,Canal,River,12.43,No,89.14,North,Low,55.14
Rice,Flowering,Sandy,5.46,31.08,0.81,0.95,80.0,47.0,40.0,13.2,69.48,1440.02,6.42,2.86,Zaid,Canal,Groundwater,14.23,Yes,28.89,Central,Low,16.88
Rice,Harvest,Loamy,5.62,34.65,1.29,1.41,80.0,47.0,40.0,29.34,71.89,2030.62,10.61,13.23,Zaid,Canal,Reservoir,14.25,Yes,110.46,West,Low,42.34
Rice,Flowering,Loamy,7.11,55.99,1.04,0.36,80.0,47.0,40.0,33.27,44.54,1880.94,6.97,6.96,Kharif,Rainfed,Reservoir,13.34,No,58.23,South,Medium,46.23
Maize,Flowering,Sandy,7.82,19.94,1.31,2.05,76.0,48.5,20.0,38.75,28.28,660.33,4.4,2.54,Kharif,Sprinkler,River,12.25,No,109.36,Central,Medium,126.14
Maize,Sowing,Silt,6.14,57.73,0.62,0.44,76.0,48.5,20.0,34.41,53.97,2086.06,4.23,16.16,Rabi,Canal,Groundwater,14.03,Yes,9.43,West,Low,4.33
Maize,Flowering,Silt,6.35,21.22,0.42,1.82,76.0,48.5,20.0,13.91,89.41,631.16,8.3,8.01,Kharif,Rainfed,Reservoir,10.83,Yes,96.59,West,Medium,87.32
Cotton,Vegetative,Clay,5.4,64.13,0.33,1.87,117.0,46.0,19.0,13.65,39.28,1453.32,5.08,12.06,Kharif,Drip,Rainwater,14.68,No,105.32,Central,Medium,52.91
Rice,Sowing,Clay,6.04,62.21,0.59,1.21,80.0,47.0,40.0,13.13,74.56,534.74,7.44,7.67,Zaid,Rainfed,Rainwater,13.28,No,17.21,Central,Low,6.19
Rice,Harvest,Clay,7.37,34.9,1.25,2.25,80.0,47.0,40.0,26.7,81.64,3.88,6.71,5.84,Rabi,Rainfed,River,9.33,No,108.41,North,Low,62.02
Maize,Vegetative,Silt,6.88,33.6,0.95,0.25,76.0,48.5,20.0,36.33,32.75,858.19,10.7,0.82,Rabi,Rainfed,River,6.25,No,85.08,North,Medium,71.66
Cotton,Harvest,Loamy,6.04,27.09,1.34,2.1,117.0,46.0,19.0,40.2,43.45,2323.37,7.17,8.77,Kharif,Rainfed,Reservoir,3.82,No,106.12,East,Low,47.77
Cotton,Flowering,Clay,5.51,38.42,1.16,2.56,117.0,46.0,19.0,41.82,34.17,1901.92,10.44,10.63,Rabi,Drip,Rainwater,11.66,Yes,89.27,South,Medium,89.35
Cotton,Vegetative,Clay,7.44,33.8,1.25,1.31,117.0,46.0,19.0,40.11,87.72,1003.21,7.17,10.16,Zaid,Canal,Rainwater,5.54,No,2.28,North,Medium,1.98
Rice,Flowering,Sandy,6.45,10.09,0.7,0.84,80.0,47.0,40.0,33.5,31.92,2321.82,7.61,7.14,Zaid,Canal,Groundwater,12.73,No,111.37,West,Medium,122.53
Rice,Sowing,Sandy,6.77,64.01,1.53,3.48,80.0,47.0,40.0,41.05,84.24,1280.83,8.78,12.46,Rabi,Canal,Groundwater,11.39,Yes,103.8,West,Low,46.7
Cotton,Sowing,Sandy,7.78,25.77,0.41,3.47,117.0,46.0,19.0,40.76,93.5,1800.63,6.01,16.17,Zaid,Sprinkler,Groundwater,7.42,Yes,8.07,South,Low,5.25
Maize,Harvest,Loamy,7.75,18.62,0.44,0.74,76.0,48.5,20.0,26.33,27.11,689.81,4.03,7.51,Zaid,Sprinkler,Groundwater,1.71,Yes,33.14,East,Low,13.9
Rice,Sowing,Silt,6.33,30.99,1.4,0.82,80.0,47.0,40.0,31.46,69.47,1806.31,7.72,4.56,Zaid,Sprinkler,Rainwater,3.21,Yes,102.42,South,Low,59.04
Rice,Harvest,Silt,6.86,39.92,0.75,1.81,80.0,47.0,40.0,36.88,79.09,981.41,4.44,18.72,Zaid,Drip,Rainwater,7.51,No,91.21,South,Low,35.78
Maize,Vegetative,Clay,6.7,24.65,0.91,1.46,76.0,48.5,20.0,15.34,78.38,2377.0,8.71,3.01,Zaid,Sprinkler,Reservoir,4.31,No,95.61,West,Medium,70.38
Cotton,Sowing,Loamy,7.01,50.33,1.04,1.2,117.0,46.0,19.0,26.43,55.49,2263.24,6.9,14.04,Zaid,Drip,River,6.48,Yes,66.4,West,Low,30.54
Maize,Harvest,Silt,7.35,59.95,1.58,0.86,76.0,48.5,20.0,15.1,88.85,2240.15,7.26,15.6,Rabi,Rainfed,River,12.68,Yes,36.65,West,Low,9.47
Rice,Harvest,Clay,7.2,34.77,1.31,3.3,80.0,47.0,40.0,24.45,62.47,996.3,8.29,3.25,Zaid,Drip,Groundwater,0.66,Yes,14.17,North,Low,5.17
Cotton,Sowing,Loamy,5.57,50.87,0.34,2.57,117.0,46.0,19.0,36.99,72.19,1083.45,8.97,4.89,Rabi,Drip,Groundwater,6.25,Yes,10.27,West,Low,5.19
Rice,Harvest,Clay,6.0,54.83,0.61,2.92,80.0,47.0,40.0,40.07,81.76,992.01,5.51,15.35,Zaid,Rainfed,Reservoir,5.56,No,92.97,West,Low,32.41
Maize,Sowing,Clay,7.17,13.88,1.17,0.27,76.0,48.5,20.0,34.13,39.54,939.1,10.91,16.31,Zaid,Rainfed,Reservoir,3.77,Yes,104.62,South,Medium,96.48
Maize,Harvest,Sandy,5.49,14.59,0.72,0.4,76.0,48.5,20.0,20.88,26.26,1762.44,6.87,16.81,Rabi,Drip,Groundwater,14.84,No,75.13,West,Medium,42.61
Rice,Flowering,Clay,5.53,56.03,0.9,2.07,80.0,47.0,40.0,27.96,86.3,1046.12,9.88,5.42,Zaid,Drip,River,12.07,No,57.62,North,Low,30.44
Cotton,Vegetative,Silt,5.82,28.88,0.48,1.53,117.0,46.0,19.0,19.8,58.43,241.53,10.08,9.98,Zaid,Drip,Groundwater,2.08,Yes,113.03,South,Medium,108.89
Rice,Sowing,Clay,7.35,33.86,1.22,2.82,80.0,47.0,40.0,28.06,74.45,573.38,5.13,7.38,Zaid,Drip,Reservoir,6.79,No,86.46,North,Low,47.09
Cotton,Harvest,Sandy,8.06,58.96,0.53,1.5,117.0,46.0,19.0,19.28,53.49,442.3,7.78,2.81,Rabi,Rainfed,Rainwater,4.77,Yes,9.02,South,Low,2.68
Maize,Sowing,Silt,5.09,15.59,0.61,0.61,76.0,48.5,20.0,37.31,70.19,498.25,6.11,11.5,Zaid,Rainfed,Rainwater,4.51,No,11.29,South,Medium,11.01
Maize,Sowing,Loamy,5.55,36.62,0.52,1.5,76.0,48.5,20.0,20.92,89.35,1229.38,5.79,2.84,Kharif,Rainfed,Reservoir,1.83,No,61.23,Central,Low,30.3
Rice,Sowing,Loamy,5.97,57.66,1.47,1.84,80.0,47.0,40.0,15.57,67.04,2455.44,5.65,8.43,Zaid,Rainfed,River,1.0,No,40.74,North,Low,15.5
Rice,Vegetative,Sandy,7.47,11.02,0.53,2.05,80.0,47.0,40.0,16.1,56.75,1144.52,6.34,9.53,Kharif,Rainfed,Groundwater,7.39,Yes,35.1,West,Medium,27.02
Maize,Flowering,Silt,5.39,49.09,1.25,3.23,76.0,48.5,20.0,17.7,52.08,1588.05,8.31,17.22,Rabi,Drip,Rainwater,4.21,Yes,118.91,North,Low,60.73
Maize,Harvest,Silt,5.96,52.59,1.46,1.42,76.0,48.5,20.0,17.27,44.69,761.63,6.58,18.08,Zaid,Drip,Reservoir,5.46,No,20.5,South,Low,5.87
Rice,Sowing,Loamy,5.99,37.94,1.23,1.31,80.0,47.0,40.0,29.84,37.5,150.53,10.38,17.31,Rabi,Drip,River,1.06,No,47.56,East,Medium,50.27
Cotton,Flowering,Sandy,5.79,59.75,1.12,2.8,117.0,46.0,19.0,31.48,70.04,1411.53,7.41,6.78,Zaid,Rainfed,Reservoir,12.65,No,49.6,South,Medium,37.18
Cotton,Harvest,Loamy,7.44,35.24,1.22,3.1,117.0,46.0,19.0,17.57,73.03,677.83,5.74,8.77,Zaid,Rainfed,Rainwater,13.8,Yes,33.77,East,Low,11.43
Maize,Vegetative,Loamy,6.83,54.44,1.08,1.64,76.0,48.5,20.0,20.24,64.53,1317.95,6.29,5.42,Zaid,Sprinkler,Groundwater,12.41,Yes,5.4,Central,Low,2.24
Cotton,Vegetative,Sandy,6.99,33.7,1.23,0.75,117.0,46.0,19.0,14.8,51.01,1722.57,8.9,9.73,Zaid,Rainfed,Reservoir,7.91,No,117.74,North,Low,56.07
Maize,Sowing,Sandy,7.38,39.84,1.48,2.66,76.0,48.5,20.0,37.12,89.3,1963.84,5.48,15.69,Kharif,Sprinkler,Rainwater,3.46,Yes,93.36,East,Low,52.47
Rice,Flowering,Loamy,5.2,8.16,0.49,1.2,80.0,47.0,40.0,25.46,34.35,1584.81,7.65,12.68,Zaid,Canal,Groundwater,14.27,No,11.35,East,Medium,11.56
Cotton,Sowing,Silt,7.63,28.84,0.64,0.96,117.0,46.0,19.0,39.21,86.87,1315.74,7.77,7.91,Kharif,Canal,Rainwater,10.03,No,99.9,East,Low,62.9
Maize,Sowing,Clay,6.76,47.31,0.5,1.75,76.0,48.5,20.0,25.28,65.0,1293.64,6.82,16.57,Kharif,Canal,Groundwater,6.74,Yes,34.44,East,Low,16.14
Maize,Sowing,Sandy,5.49,34.67,1.19,1.7,76.0,48.5,20.0,34.98,56.02,793.12,6.05,5.43,Rabi,Drip,Groundwater,12.3,No,115.84,East,Low,66.85
Rice,Flowering,Silt,6.26,19.95,0.6,1.62,80.0,47.0,40.0,22.54,79.86,1115.9,5.95,3.92,Rabi,Sprinkler,Groundwater,13.41,Yes,97.07,North,Medium,96.01
Cotton,Sowing,Clay,6.48,60.73,0.58,0.11,117.0,46.0,19.0,30.9,77.17,1224.98,9.25,0.66,Kharif,Rainfed,Rainwater,12.28,No,72.51,South,Low,31.19
Maize,Sowing,Clay,8.05,57.33,0.54,1.78,76.0,48.5,20.0,28.62,94.47,396.86,8.78,8.02,Kharif,Rainfed,River,11.81,No,95.22,North,Low,47.07
Rice,Vegetative,Loamy,5.24,37.15,1.16,1.6,80.0,47.0,40.0,28.4,93.08,1078.46,8.41,4.37,Rabi,Sprinkler,Reservoir,6.28,No,15.15,Central,Low,8.04
Rice,Sowing,Clay,7.17,43.28,0.94,2.69,80.0,47.0,40.0,38.66,53.0,2242.58,7.37,1.24,Kharif,Rainfed,Groundwater,3.83,No,31.94,Central,Low,17.63
Cotton,Harvest,Silt,6.52,25.25,0.8,0.31,117.0,46.0,19.0,38.88,38.48,638.83,10.5,4.89,Rabi,Sprinkler,Reservoir,4.36,Yes,101.98,South,Low,46.14
Cotton,Sowing,Silt,7.94,24.07,1.53,2.06,117.0,46.0,19.0,12.74,84.12,1894.31,5.48,14.85,Zaid,Rainfed,Reservoir,9.48,No,55.33,North,Medium,40.76
Maize,Vegetative,Loamy,7.7,41.57,0.96,1.67,76.0,48.5,20.0,37.34,57.1,205.68,6.97,3.42,Rabi,Drip,Reservoir,4.88,Yes,77.23,West,Medium,81.17
Cotton,Flowering,Clay,6.04,64.45,1.55,3.47,117.0,46.0,19.0,22.58,92.81,523.7,8.48,3.68,Rabi,Canal,Reservoir,1.17,Yes,57.54,Central,Low,26.26
Rice,Harvest,Sandy,6.52,19.9,1.4,0.8,80.0,47.0,40.0,23.14,92.72,579.3,5.2,12.82,Rabi,Sprinkler,Reservoir,5.62,No,23.58,East,Medium,13.69
Rice,Harvest,Loamy,7.83,27.61,1.41,1.61,80.0,47.0,40.0,31.39,49.56,1844.72,5.54,5.89,Kharif,Rainfed,Rainwater,11.72,No,77.3,South,Low,32.06
Rice,Flowering,Loamy,6.42,41.3,0.83,2.13,80.0,47.0,40.0,13.16,89.82,2376.71,9.75,18.0,Kharif,Sprinkler,Rainwater,10.55,Yes,55.5,South,Low,29.65
Cotton,Sowing,Loamy,7.71,10.17,1.24,2.11,117.0,46.0,19.0,34.15,68.62,2071.42,5.65,4.68,Kharif,Drip,River,1.43,Yes,13.09,Central,Low,8.45
Rice,Sowing,Sandy,6.4,58.01,0.43,0.22,80.0,47.0,40.0,33.49,76.0,1639.59,6.91,17.36,Zaid,Rainfed,Groundwater,10.53,Yes,41.62,East,Low,18.9
Maize,Harvest,Clay,5.24,62.39,1.49,1.09,76.0,48.5,20.0,28.15,60.81,770.53,6.59,19.63,Zaid,Rainfed,River,7.4,No,58.47,West,Low,16.83
Rice,Harvest,Clay,7.71,61.61,0.66,0.69,80.0,47.0,40.0,34.4,87.88,868.11,10.64,16.64,Kharif,Canal,Groundwater,2.72,No,29.81,West,Low,9.18
Cotton,Harvest,Silt,4.98,20.79,0.83,2.32,117.0,46.0,19.0,30.3,76.78,1729.84,8.91,16.28,Zaid,Canal,River,11.5,Yes,28.94,East,Medium,17.92
Maize,Harvest,Clay,6.5,22.8,0.93,0.45,76.0,48.5,20.0,12.44,25.91,1066.29,4.2,12.75,Zaid,Rainfed,Rainwater,7.19,Yes,64.28,West,Low,23.44
Rice,Flowering,Silt,7.5,63.26,0.31,1.14,80.0,47.0,40.0,14.09,53.28,1133.74,6.59,15.19,Rabi,Sprinkler,Reservoir,7.8,Yes,114.56,West,Low,48.83
Cotton,Vegetative,Silt,6.69,29.7,0.91,3.06,117.0,46.0,19.0,31.53,91.61,977.53,9.7,9.24,Zaid,Canal,Rainwater,7.99,No,40.37,Central,Medium,33.63
Cotton,Harvest,Sandy,7.57,58.29,1.09,2.7,117.0,46.0,19.0,37.24,58.06,107.45,8.75,1.11,Kharif,Sprinkler,Reservoir,11.0,Yes,35.41,South,Low,16.58
Rice,Sowing,Loamy,6.86,47.25,1.0,2.23,80.0,47.0,40.0,15.5,61.31,15.06,8.82,3.0,Kharif,Canal,River,7.53,Yes,26.21,South,Low,16.89
Cotton,Harvest,Silt,5.95,33.47,0.61,1.39,117.0,46.0,19.0,29.89,75.28,1603.16,9.91,16.58,Zaid,Sprinkler,Reservoir,6.11,Yes,56.9,West,Low,22.15
Maize,Vegetative,Silt,6.52,62.68,0.39,0.84,76.0,48.5,20.0,17.52,55.24,1284.49,9.94,5.05,Kharif,Canal,River,1.85,Yes,65.17,East,Low,23.96
Cotton,Harvest,Clay,4.93,58.2,1.18,1.75,117.0,46.0,19.0,36.19,49.93,2338.13,4.98,2.02,Zaid,Drip,Groundwater,14.97,Yes,110.88,West,Low,36.05
Maize,Sowing,Loamy,7.36,59.11,0.71,2.98,76.0,48.5,20.0,16.45,57.52,611.03,9.78,9.59,Zaid,Canal,Reservoir,11.9,Yes,66.28,East,Low,25.07
Cotton,Vegetative,Loamy,6.59,57.69,0.75,0.83,117.0,46.0,19.0,19.93,44.47,1963.0,4.42,1.85,Kharif,Sprinkler,Groundwater,6.09,No,7.0,Central,Low,2.79
Rice,Sowing,Clay,5.02,45.61,1.05,3.12,80.0,47.0,40.0,33.39,74.14,72.55,10.48,14.16,Zaid,Canal,Rainwater,12.22,Yes,58.92,East,Medium,63.44
Cotton,Flowering,Clay,6.79,11.96,1.18,3.14,117.0,46.0,19.0,12.72,37.82,1090.09,4.85,2.21,Rabi,Canal,Groundwater,14.71,No,46.46,West,Medium,42.4
Maize,Flowering,Loamy,5.76,41.96,1.26,0.31,76.0,48.5,20.0,23.23,37.39,2054.58,10.36,8.36,Kharif,Rainfed,River,6.99,Yes,84.58,West,Low,49.01
Cotton,Vegetative,Silt,6.65,25.33,0.63,2.42,117.0,46.0,19.0,12.37,84.63,369.07,6.62,15.35,Zaid,Rainfed,Groundwater,0.53,Yes,16.48,Central,Low,9.76
Cotton,Flowering,Sandy,6.07,25.93,0.94,3.46,117.0,46.0,19.0,38.68,45.62,2064.9,9.33,0.65,Zaid,Rainfed,Rainwater,14.45,Yes,90.2,West,Low,69.46
Maize,Flowering,Silt,6.12,51.41,1.01,1.19,76.0,48.5,20.0,41.91,56.49,997.45,9.09,3.11,Rabi,Rainfed,River,8.01,No,75.96,Central,Medium,67.18
Cotton,Harvest,Clay,7.16,10.29,1.01,0.85,117.0,46.0,19.0,34.44,44.64,1831.02,5.78,1.17,Rabi,Drip,Groundwater,1.99,Yes,60.78,Central,Low,27.54
Cotton,Vegetative,Clay,5.77,19.19,1.43,2.76,117.0,46.0,19.0,28.98,90.9,1458.84,7.58,8.77,Kharif,Rainfed,River,10.09,Yes,72.92,Central,Medium,64.07
Cotton,Sowing,Sandy,7.59,58.4,1.09,2.34,117.0,46.0,19.0,29.42,55.12,246.29,10.45,5.87,Zaid,Drip,Groundwater,2.97,No,56.58,South,Low,31.66
Cotton,Sowing,Loamy,7.71,55.47,1.15,0.5,117.0,46.0,19.0,13.82,36.55,1957.59,7.53,2.1,Zaid,Canal,Groundwater,3.14,Yes,87.73,South,Low,33.96
Rice,Harvest,Silt,5.02,54.41,1.33,3.45,80.0,47.0,40.0,39.31,78.22,997.08,6.85,3.69,Rabi,Drip,Groundwater,7.65,No,26.22,South,Low,9.13
Maize,Vegetative,Silt,6.55,55.34,1.38,0.67,76.0,48.5,20.0,36.95,62.66,926.71,5.39,10.25,Zaid,Drip,River,13.51,No,19.98,East,Medium,13.76
Rice,Harvest,Loamy,6.8,16.41,0.81,2.09,80.0,47.0,40.0,22.36,56.62,202.58,5.22,18.67,Zaid,Canal,River,2.2,No,42.22,West,Medium,32.35
Cotton,Vegetative,Silt,7.49,39.22,1.06,0.16,117.0,46.0,19.0,33.16,43.19,2167.82,6.03,18.64,Zaid,Sprinkler,Rainwater,8.33,No,62.53,Central,Medium,48.7
Maize,Vegetative,Silt,6.87,57.05,1.49,0.11,76.0,48.5,20.0,25.92,84.39,1523.43,4.37,10.56,Zaid,Rainfed,Reservoir,13.31,Yes,114.08,Central,Low,48.69
Maize,Harvest,Clay,6.2,61.33,1.32,0.71,76.0,48.5,20.0,40.13,41.66,1424.5,10.11,4.37,Rabi,Canal,Rainwater,14.06,No,50.82,North,Low,16.51
Maize,Flowering,Clay,6.41,52.72,0.57,1.71,76.0,48.5,20.0,20.22,87.47,497.92,6.12,19.58,Kharif,Sprinkler,Reservoir,8.01,Yes,29.83,South,Low,15.51
Cotton,Vegetative,Loamy,6.21,45.21,1.25,1.44,117.0,46.0,19.0,13.5,66.08,74.9,8.08,10.64,Zaid,Drip,River,9.35,No,82.01,Central,Medium,73.48
Rice,Sowing,Clay,5.58,14.39,1.46,2.93,80.0,47.0,40.0,22.65,49.23,1244.22,10.84,16.97,Zaid,Rainfed,Groundwater,2.01,No,2.21,South,Medium,1.82
Maize,Vegetative,Clay,4.82,48.46,0.49,2.39,76.0,48.5,20.0,23.39,26.8,1036.17,8.82,8.7,Kharif,Canal,Groundwater,14.02,No,11.5,North,Low,5.23
Rice,Harvest,Loamy,7.01,64.59,1.16,3.28,80.0,47.0,40.0,29.47,31.14,1907.28,10.65,12.9,Rabi,Canal,Groundwater,3.11,No,46.98,West,Low,13.35
Maize,Flowering,Loamy,7.72,36.29,1.02,0.52,76.0,48.5,20.0,27.23,51.69,1022.29,10.56,11.77,Rabi,Sprinkler,River,5.28,Yes,104.88,Central,Low,66.57
Maize,Harvest,Sandy,5.16,47.31,1.22,2.96,76.0,48.5,20.0,40.71,52.62,1881.1,6.22,5.07,Rabi,Canal,Groundwater,10.61,Yes,29.44,North,Low,11.07
Rice,Vegetative,Clay,6.87,39.81,0.72,3.09,80.0,47.0,40.0,16.84,53.71,154.43,6.21,13.06,Kharif,Rainfed,Groundwater,7.0,No,93.64,West,Medium,85.01
Rice,Sowing,Sandy,5.73,20.73,1.59,1.89,80.0,47.0,40.0,22.8,37.06,1821.5,4.12,5.47,Rabi,Drip,River,13.33,Yes,57.47,Central,Low,33.06
Rice,Flowering,Sandy,7.24,61.71,1.07,0.59,80.0,47.0,40.0,38.49,67.68,1965.85,9.65,15.32,Kharif,Canal,River,8.83,No,40.36,Central,Medium,31.54
Cotton,Vegetative,Sandy,7.77,24.18,1.34,0.91,117.0,46.0,19.0,30.29,45.41,565.36,6.91,7.35,Rabi,Drip,Rainwater,13.44,Yes,38.63,South,Medium,33.26
Maize,Sowing,Sandy,6.06,41.3,0.89,1.31,76.0,48.5,20.0,38.57,66.17,1089.9,8.43,11.48,Kharif,Sprinkler,Rainwater,13.44,Yes,110.8,East,Low,62.24
Maize,Harvest,Silt,5.51,44.13,1.56,3.14,76.0,48.5,20.0,29.24,31.52,1397.25,7.33,12.6,Rabi,Rainfed,River,9.15,No,8.75,North,Low,3.08
Rice,Sowing,Silt,7.44,48.89,0.34,1.83,80.0,47.0,40.0,15.24,91.52,122.96,7.71,15.65,Rabi,Sprinkler,Rainwater,11.34,Yes,69.67,West,Low,40.85
Rice,Vegetative,Clay,6.27,9.08,0.74,2.42,80.0,47.0,40.0,25.92,57.73,1471.02,4.44,1.3,Zaid,Rainfed,Reservoir,3.45,Yes,116.51,South,Medium,99.36
Maize,Flowering,Sandy,5.45,13.99,0.93,3.42,76.0,48.5,20.0,32.97,33.06,221.3,9.65,3.9,Kharif,Canal,Reservoir,1.08,Yes,37.27,West,High,69.57
Rice,Vegetative,Clay,7.88,28.49,0.3,2.76,80.0,47.0,40.0,25.53,48.47,2016.42,6.05,15.66,Kharif,Sprinkler,Rainwater,7.35,No,85.17,North,Medium,67.63
Maize,Flowering,Sandy,4.87,44.53,0.64,2.64,76.0,48.5,20.0,29.5,73.53,1266.54,6.6,9.25,Kharif,Drip,River,2.03,No,94.15,East,Low,56.66
Maize,Flowering,Clay,6.92,54.47,1.37,0.89,76.0,48.5,20.0,18.34,49.19,2057.97,7.6,9.46,Zaid,Drip,Reservoir,10.62,Yes,3.99,North,Low,1.94
Rice,Vegetative,Clay,5.86,54.57,1.15,2.51,80.0,47.0,40.0,18.69,47.55,394.44,7.53,13.98,Kharif,Sprinkler,River,7.46,No,12.23,South,Medium,8.06
Rice,Harvest,Silt,5.89,45.95,1.37,0.91,80.0,47.0,40.0,18.76,79.45,1847.66,5.56,12.01,Rabi,Rainfed,Rainwater,1.17,Yes,98.2,East,Low,30.51
Cotton,Flowering,Silt,7.96,18.44,0.4,0.36,117.0,46.0,19.0,24.73,44.48,2387.81,4.64,2.28,Zaid,Rainfed,Reservoir,2.57,No,48.51,North,Medium,49.06
Maize,Sowing,Loamy,5.56,20.23,0.7,1.62,76.0,48.5,20.0,15.93,88.63,2153.87,7.75,2.6,Zaid,Rainfed,Rainwater,0.91,No,8.28,North,Low,4.45
Maize,Harvest,Clay,5.07,43.86,0.69,2.21,76.0,48.5,20.0,20.03,78.41,990.32,9.37,3.08,Zaid,Sprinkler,Groundwater,4.3,No,101.52,North,Low,32.61
Rice,Sowing,Silt,7.77,37.64,0.93,3.47,80.0,47.0,40.0,27.37,70.47,1024.39,7.34,18.07,Kharif,Rainfed,Groundwater,14.25,No,98.62,South,Low,51.61
Rice,Sowing,Loamy,7.72,63.33,0.74,0.31,80.0,47.0,40.0,29.88,57.36,2133.33,10.12,14.84,Rabi,Sprinkler,Rainwater,14.05,No,34.53,North,Low,14.28
Rice,Sowing,Sandy,7.19,61.85,1.14,2.01,80.0,47.0,40.0,23.81,86.07,2359.93,9.0,2.39,Kharif,Canal,River,8.17,Yes,108.56,West,Low,43.02
Rice,Vegetative,Loamy,6.69,26.04,1.18,1.32,80.0,47.0,40.0,33.01,58.26,1583.04,4.71,17.0,Kharif,Rainfed,River,8.6,No,44.37,South,Medium,38.61
Cotton,Flowering,Sandy,5.87,56.72,1.44,1.14,117.0,46.0,19.0,38.33,49.8,927.17,8.14,13.63,Kharif,Sprinkler,Reservoir,4.18,Yes,32.36,West,Medium,26.68
Cotton,Sowing,Clay,6.58,16.54,1.22,2.39,117.0,46.0,19.0,15.56,44.31,1467.24,5.72,7.12,Kharif,Rainfed,Reservoir,5.41,No,46.82,South,Low,25.08
Maize,Harvest,Clay,5.31,48.81,0.6,2.37,76.0,48.5,20.0,26.73,56.8,158.52,6.65,4.64,Zaid,Rainfed,Rainwater,11.02,No,11.57,North,Low,5.22
Maize,Harvest,Sandy,7.04,43.73,0.49,3.25,76.0,48.5,20.0,34.28,32.48,2166.69,7.63,14.31,Zaid,Rainfed,River,0.81,Yes,11.63,West,Low,4.3
Cotton,Sowing,Sandy,5.46,36.75,0.55,0.23,117.0,46.0,19.0,33.88,35.03,703.54,7.47,4.71,Zaid,Drip,Rainwater,9.77,Yes,59.59,East,Low,33.43
Maize,Vegetative,Sandy,6.13,63.13,1.31,1.7,76.0,48.5,20.0,13.33,47.07,2199.56,5.93,5.6,Kharif,Sprinkler,Reservoir,9.91,No,91.13,North,Low,32.42
Rice,Flowering,Silt,8.02,47.45,0.64,0.76,80.0,47.0,40.0,34.09,56.6,1862.99,4.36,8.98,Rabi,Canal,River,9.65,No,32.63,South,Medium,28.47
Rice,Harvest,Clay,5.64,22.33,0.88,1.93,80.0,47.0,40.0,36.89,38.53,1207.98,5.44,1.34,Kharif,Drip,Reservoir,1.82,No,39.34,Central,Medium,25.57
Cotton,Vegetative,Sandy,7.32,24.76,1.18,3.2,117.0,46.0,19.0,21.69,38.53,998.45,7.75,2.04,Rabi,Canal,Rainwater,2.84,No,16.89,Central,Medium,13.29
Cotton,Flowering,Silt,7.3,59.3,1.32,1.05,117.0,46.0,19.0,32.85,56.34,1050.6,6.96,9.47,Zaid,Sprinkler,Rainwater,0.59,Yes,94.61,East,Low,50.53
Maize,Vegetative,Loamy,6.36,24.31,0.61,0.12,76.0,48.5,20.0,27.07,36.9,507.81,8.58,8.5,Zaid,Rainfed,Rainwater,11.58,No,29.2,Central,Medium,24.78
Rice,Harvest,Silt,6.74,22.76,1.2,3.01,80.0,47.0,40.0,41.35,87.62,1769.53,10.22,5.44,Kharif,Drip,Reservoir,3.64,No,84.9,Central,Medium,56.53
Maize,Sowing,Silt,7.79,16.04,0.6,1.3,76.0,48.5,20.0,23.58,33.33,353.11,8.74,6.46,Rabi,Rainfed,River,13.64,No,16.53,Central,Low,11.34
Cotton,Flowering,Clay,5.82,60.04,0.64,0.36,117.0,46.0,19.0,15.13,37.9,1289.83,7.4,5.38,Kharif,Canal,Reservoir,8.35,No,7.29,Central,Low,3.23
Maize,Harvest,Clay,5.53,12.48,0.46,2.87,76.0,48.5,20.0,24.12,90.68,379.98,5.19,14.06,Rabi,Rainfed,Reservoir,9.12,No,103.98,Central,Medium,70.03
Rice,Harvest,Clay,7.76,46.14,0.84,1.0,80.0,47.0,40.0,38.58,84.14,1207.5,7.22,8.58,Rabi,Rainfed,Groundwater,4.17,No,46.92,South,Low,17.63
Cotton,Vegetative,Clay,7.11,36.09,1.47,1.84,117.0,46.0,19.0,12.44,52.34,1528.28,7.78,2.79,Zaid,Rainfed,Reservoir,2.29,Yes,109.91,South,Low,51.27
Rice,Sowing,Silt,7.69,51.47,1.35,3.4,80.0,47.0,40.0,18.18,75.0,1955.79,8.49,7.77,Zaid,Drip,Reservoir,9.36,No,58.12,West,Low,24.28
Rice,Flowering,Clay,6.43,9.9,1.45,1.55,80.0,47.0,40.0,26.96,49.06,2136.65,10.68,10.53,Zaid,Rainfed,Reservoir,4.17,No,69.26,South,Medium,71.61
Rice,Sowing,Loamy,6.72,32.44,1.51,0.28,80.0,47.0,40.0,20.85,84.5,1564.31,9.33,16.14,Zaid,Sprinkler,Reservoir,4.23,No,56.56,North,Low,29.0
Rice,Harvest,Clay,6.61,52.03,0.79,3.24,80.0,47.0,40.0,12.33,73.67,252.32,8.36,15.33,Zaid,Sprinkler,Groundwater,10.08,No,36.22,North,Medium,18.59
Maize,Harvest,Silt,5.87,12.19,1.05,2.74,76.0,48.5,20.0,27.5,64.58,1883.67,8.13,14.04,Zaid,Sprinkler,Reservoir,9.56,Yes,104.89,East,Low,44.52
Maize,Flowering,Loamy,6.01,16.92,0.44,2.44,76.0,48.5,20.0,18.29,50.24,1254.53,8.73,10.49,Zaid,Canal,Groundwater,13.43,Yes,23.22,West,Medium,21.97
Cotton,Vegetative,Clay,8.06,55.06,0.33,1.73,117.0,46.0,19.0,13.6,79.76,1408.01,5.42,15.94,Kharif,Drip,Rainwater,0.95,Yes,0.75,North,Low,0.29
Cotton,Sowing,Loamy,7.77,19.2,0.73,1.25,117.0,46.0,19.0,39.9,26.83,214.65,5.41,19.49,Kharif,Drip,Reservoir,6.58,Yes,19.52,North,Medium,24.98
Maize,Flowering,Silt,7.94,25.1,1.11,0.4,76.0,48.5,20.0,35.81,87.78,1080.0,5.23,9.01,Rabi,Sprinkler,Rainwater,14.11,Yes,62.07,North,Low,46.9
Rice,Sowing,Silt,7.97,47.05,0.87,0.83,80.0,47.0,40.0,41.83,89.42,2456.59,10.45,10.33,Zaid,Canal,River,13.06,No,112.67,Central,Low,60.69
Rice,Sowing,Sandy,8.04,61.8,1.41,0.43,80.0,47.0,40.0,28.1,57.75,1694.42,4.34,17.86,Zaid,Rainfed,Groundwater,4.19,Yes,91.08,North,Low,37.68
Cotton,Sowing,Sandy,6.73,54.64,1.46,1.14,117.0,46.0,19.0,22.62,73.21,5.39,9.58,1.86,Zaid,Rainfed,Rainwater,7.82,No,83.17,North,Low,54.0
Maize,Sowing,Clay,5.31,30.58,0.38,1.58,76.0,48.5,20.0,40.03,93.38,1585.43,7.36,6.03,Rabi,Drip,River,14.02,Yes,17.29,Central,Low,10.8
Rice,Sowing,Silt,6.4,41.55,1.39,1.79,80.0,47.0,40.0,23.05,61.49,1974.82,8.81,14.88,Kharif,Drip,River,5.24,No,59.19,South,Low,28.64
Maize,Vegetative,Sandy,4.81,56.11,1.49,1.33,76.0,48.5,20.0,16.61,36.67,186.02,4.6,2.71,Kharif,Drip,Reservoir,6.46,Yes,18.87,South,Medium,14.22
Rice,Vegetative,Silt,7.28,8.84,1.12,3.28,80.0,47.0,40.0,31.12,65.19,2097.92,5.58,10.47,Kharif,Sprinkler,Reservoir,9.36,Yes,5.91,West,Medium,5.3
Cotton,Sowing,Loamy,7.52,23.3,0.85,2.11,117.0,46.0,19.0,40.22,78.1,157.83,6.53,1.26,Kharif,Drip,Groundwater,10.46,Yes,108.61,West,Medium,141.6
Cotton,Harvest,Sandy,8.01,18.89,0.86,2.66,117.0,46.0,19.0,29.49,71.09,282.95,4.98,14.5,Kharif,Drip,Groundwater,12.63,Yes,21.91,East,Medium,16.9
Cotton,Vegetative,Silt,5.67,19.61,0.76,2.69,117.0,46.0,19.0,12.9,36.84,705.69,9.57,4.66,Zaid,Sprinkler,Reservoir,14.81,No,84.05,North,Medium,63.92
Cotton,Flowering,Sandy,7.44,21.76,1.12,1.56,117.0,46.0,19.0,13.16,44.93,690.72,5.33,17.87,Rabi,Sprinkler,Reservoir,3.06,No,54.19,South,Medium,48.78
Rice,Sowing,Loamy,7.22,51.32,1.28,2.77,80.0,47.0,40.0,33.93,42.61,325.72,9.09,18.17,Kharif,Sprinkler,Reservoir,6.77,No,17.6,East,Low,10.37
Rice,Sowing,Sandy,4.94,30.03,0.53,0.18,80.0,47.0,40.0,21.33,27.79,1978.88,4.02,3.35,Kharif,Drip,Reservoir,1.16,No,29.92,South,Low,15.73
Maize,Vegetative,Clay,6.11,50.94,0.38,2.1,76.0,48.5,20.0,28.52,51.62,1193.11,8.79,2.67,Kharif,Drip,Groundwater,0.45,Yes,114.89,Central,Low,53.61
Maize,Flowering,Clay,4.88,38.66,0.55,2.93,76.0,48.5,20.0,22.46,88.59,526.86,6.99,6.04,Zaid,Drip,Rainwater,4.08,No,14.34,West,Low,8.5
Cotton,Vegetative,Clay,5.25,20.43,0.75,0.46,117.0,46.0,19.0,34.43,60.03,234.75,4.55,3.85,Kharif,Rainfed,Rainwater,1.55,Yes,83.86,East,High,130.38
Maize,Harvest,Sandy,8.16,40.82,0.5,0.86,76.0,48.5,20.0,33.11,43.07,2125.44,4.08,5.17,Rabi,Drip,Rainwater,7.26,No,55.05,North,Low,20.7
Maize,Flowering,Silt,5.98,39.4,1.59,2.39,76.0,48.5,20.0,37.98,45.0,541.36,4.66,18.9,Kharif,Sprinkler,River,12.26,No,88.73,West,Medium,86.48
Cotton,Flowering,Clay,7.99,39.47,1.18,0.48,117.0,46.0,19.0,22.55,30.47,1431.88,4.87,7.39,Kharif,Drip,Groundwater,6.74,Yes,17.95,South,Low,10.57
Rice,Flowering,Clay,7.24,26.23,1.02,3.23,80.0,47.0,40.0,12.86,69.84,1664.55,8.28,10.18,Rabi,Canal,Rainwater,2.6,Yes,51.93,Central,Low,31.58
Rice,Sowing,Loamy,7.37,32.97,0.8,0.15,80.0,47.0,40.0,41.6,39.89,485.79,5.25,0.68,Zaid,Drip,Groundwater,9.87,Yes,5.85,South,Low,3.73
Maize,Flowering,Clay,5.1,34.81,1.55,3.16,76.0,48.5,20.0,19.38,33.69,1310.12,10.04,16.89,Rabi,Sprinkler,Groundwater,6.69,No,81.87,East,Medium,69.42
Maize,Harvest,Clay,7.73,23.89,0.86,3.32,76.0,48.5,20.0,25.21,68.14,1919.37,10.19,1.79,Zaid,Canal,Groundwater,1.71,Yes,115.02,South,Low,46.3
Maize,Vegetative,Silt,7.56,29.65,1.06,0.23,76.0,48.5,20.0,38.51,70.62,968.77,8.84,19.79,Zaid,Drip,Reservoir,13.98,Yes,111.36,West,Medium,98.88
Rice,Harvest,Loamy,4.91,42.12,1.53,1.1,80.0,47.0,40.0,19.33,29.18,2429.74,4.45,7.32,Kharif,Drip,River,11.89,Yes,69.54,Central,Low,22.54
Rice,Vegetative,Silt,5.94,28.05,1.38,2.68,80.0,47.0,40.0,33.16,52.79,1147.72,5.27,5.75,Zaid,Rainfed,Groundwater,7.35,No,108.26,Central,Medium,92.82
Maize,Harvest,Clay,7.9,22.42,0.82,1.18,76.0,48.5,20.0,20.16,36.18,768.73,9.2,7.01,Zaid,Rainfed,Rainwater,3.31,Yes,113.52,North,Low,43.9
Cotton,Flowering,Sandy,4.95,12.14,1.04,2.0,117.0,46.0,19.0,16.64,34.32,1598.38,5.19,10.5,Rabi,Sprinkler,Reservoir,6.77,Yes,31.96,North,Medium,29.7
Cotton,Sowing,Sandy,5.82,21.87,1.01,2.07,117.0,46.0,19.0,21.71,71.78,1997.64,10.78,11.26,Rabi,Rainfed,Rainwater,6.54,Yes,92.06,West,Low,51.9
Rice,Sowing,Loamy,6.19,21.99,1.0,0.66,80.0,47.0,40.0,38.21,94.04,693.2,5.62,7.01,Zaid,Drip,Rainwater,14.23,Yes,42.99,East,Low,28.35
Cotton,Harvest,Sandy,8.19,60.05,1.49,1.05,117.0,46.0,19.0,38.93,47.31,2480.47,7.14,6.99,Zaid,Sprinkler,Groundwater,14.49,Yes,26.1,East,Low,8.52
Cotton,Flowering,Loamy,5.92,53.1,1.05,0.36,117.0,46.0,19.0,27.13,50.39,442.92,9.65,5.81,Kharif,Rainfed,Groundwater,13.28,Yes,86.94,West,Low,50.93
Rice,Sowing,Loamy,6.9,60.71,1.01,0.36,80.0,47.0,40.0,41.74,39.82,412.82,10.87,16.32,Kharif,Drip,Rainwater,10.23,Yes,107.58,South,Low,56.05
Cotton,Harvest,Sandy,7.24,26.79,0.54,0.34,117.0,46.0,19.0,31.09,91.27,385.72,4.96,15.97,Kharif,Sprinkler,River,14.36,Yes,66.07,North,Low,31.44
Maize,Harvest,Loamy,7.88,64.66,1.56,2.11,76.0,48.5,20.0,31.39,87.29,478.44,5.89,17.83,Zaid,Canal,Rainwater,8.36,Yes,38.31,West,Low,11.61
Rice,Flowering,Sandy,6.7,57.59,0.77,0.24,80.0,47.0,40.0,18.63,56.6,1206.63,6.52,14.41,Rabi,Rainfed,Groundwater,14.95,No,99.69,South,Medium,67.28
Maize,Flowering,Loamy,7.0,45.98,0.85,1.58,76.0,48.5,20.0,31.97,94.82,832.82,8.52,1.14,Zaid,Sprinkler,Reservoir,5.09,Yes,10.18,West,Low,6.18
Maize,Harvest,Silt,7.5,19.09,1.33,2.61,76.0,48.5,20.0,24.13,88.28,990.91,9.44,7.61,Kharif,Sprinkler,Groundwater,14.83,No,107.83,North,Low,44.26
Rice,Harvest,Sandy,4.94,19.4,1.1,1.06,80.0,47.0,40.0,12.67,65.99,657.16,10.62,1.53,Kharif,Rainfed,Groundwater,1.45,Yes,32.4,South,Low,12.07
Rice,Harvest,Clay,7.29,35.26,1.1,1.87,80.0,47.0,40.0,27.11,69.66,757.73,10.44,9.46,Rabi,Rainfed,Rainwater,14.52,Yes,79.36,East,Low,29.61
Rice,Harvest,Clay,8.16,44.36,0.4,1.9,80.0,47.0,40.0,25.17,75.85,1633.66,4.37,12.25,Zaid,Canal,Rainwater,9.89,No,47.6,East,Low,16.04
Rice,Flowering,Silt,7.3,11.76,1.05,1.39,80.0,47.0,40.0,13.45,61.66,1524.38,6.31,3.13,Rabi,Sprinkler,Rainwater,12.5,Yes,112.91,South,Medium,103.04
Rice,Vegetative,Loamy,5.15,15.7,1.51,1.08,80.0,47.0,40.0,39.51,87.9,2138.29,10.3,6.35,Rabi,Sprinkler,Rainwater,8.99,No,19.54,North,Medium,18.91
Maize,Flowering,Silt,6.61,37.73,0.89,1.0,76.0,48.5,20.0,20.44,66.76,1317.38,8.92,19.88,Rabi,Rainfed,Reservoir,11.02,No,64.8,South,Medium,54.16
Maize,Sowing,Loamy,5.79,17.22,1.03,0.72,76.0,48.5,20.0,25.43,46.92,2208.43,9.06,10.77,Zaid,Canal,River,11.47,Yes,25.07,East,Low,14.89
Maize,Flowering,Loamy,6.98,60.02,0.59,0.39,76.0,48.5,20.0,28.56,28.79,1292.92,10.3,4.67,Kharif,Sprinkler,Rainwater,4.93,Yes,111.84,West,Low,56.9
Maize,Sowing,Loamy,5.51,8.89,1.42,0.98,76.0,48.5,20.0,25.85,87.98,1801.38,4.87,15.76,Rabi,Rainfed,River,1.54,Yes,54.83,South,Low,32.71
Rice,Vegetative,Clay,7.78,16.59,1.3,1.79,80.0,47.0,40.0,26.59,47.84,581.47,7.72,11.99,Rabi,Sprinkler,Rainwater,9.14,Yes,82.26,North,Medium,70.61
Rice,Harvest,Sandy,7.96,32.11,0.7,0.78,80.0,47.0,40.0,37.38,36.78,2310.77,5.73,16.81,Kharif,Canal,Reservoir,11.57,Yes,3.52,North,Low,1.49
Cotton,Harvest,Silt,6.29,43.66,0.66,2.99,117.0,46.0,19.0,35.76,77.69,1990.08,10.32,13.95,Kharif,Canal,Groundwater,10.03,No,20.54,Central,Low,7.71
Maize,Sowing,Silt,6.96,53.46,0.77,0.52,76.0,48.5,20.0,33.23,64.39,201.51,6.25,3.88,Kharif,Drip,Groundwater,14.48,No,21.45,North,Medium,19.4
Cotton,Flowering,Silt,4.86,55.45,1.14,0.63,117.0,46.0,19.0,38.72,58.81,86.96,9.06,5.39,Rabi,Drip,Rainwater,14.99,Yes,65.22,Central,Medium,79.27
Rice,Harvest,Clay,7.26,56.25,1.1,2.79,80.0,47.0,40.0,23.96,75.44,2103.82,7.76,17.46,Rabi,Sprinkler,Groundwater,0.62,No,30.01,Central,Low,8.87
Rice,Vegetative,Loamy,7.69,50.09,1.48,2.89,80.0,47.0,40.0,22.02,57.74,343.9,10.34,19.7,Kharif,Canal,Rainwater,8.81,Yes,98.48,Central,Low,51.5
Rice,Harvest,Loamy,5.9,33.1,0.58,1.82,80.0,47.0,40.0,25.1,89.52,1560.59,10.81,4.51,Zaid,Rainfed,River,13.84,Yes,100.26,South,Low,37.37
Cotton,Sowing,Loamy,7.11,44.92,1.6,1.61,117.0,46.0,19.0,19.97,81.26,2299.62,5.58,5.06,Rabi,Drip,Rainwater,14.92,Yes,77.81,West,Low,35.33
Maize,Flowering,Loamy,5.35,18.04,1.31,0.13,76.0,48.5,20.0,19.1,35.32,1632.85,4.39,10.01,Kharif,Rainfed,River,0.37,No,70.07,Central,Medium,66.86
Rice,Vegetative,Loamy,7.14,17.37,1.01,1.4,80.0,47.0,40.0,28.04,88.32,372.78,5.88,5.62,Kharif,Canal,Rainwater,11.83,No,13.87,East,Medium,13.96
Maize,Vegetative,Silt,5.54,16.04,1.44,0.32,76.0,48.5,20.0,39.94,35.98,127.17,6.18,3.99,Rabi,Drip,Rainwater,6.27,Yes,18.82,East,High,33.46
Maize,Sowing,Loamy,7.42,40.77,0.53,2.02,76.0,48.5,20.0,30.86,83.81,362.29,6.41,9.05,Zaid,Drip,Rainwater,14.09,No,99.24,North,Low,60.93
Cotton,Flowering,Silt,6.4,30.43,1.5,1.82,117.0,46.0,19.0,12.39,67.28,1411.97,10.81,6.87,Rabi,Drip,Reservoir,3.08,No,80.01,East,Low,47.01
Maize,Sowing,Sandy,4.88,48.07,1.16,2.14,76.0,48.5,20.0,28.89,35.81,2011.82,10.79,17.48,Kharif,Drip,Groundwater,0.68,Yes,86.34,South,Low,41.6
Rice,Harvest,Silt,6.87,60.92,0.34,2.47,80.0,47.0,40.0,33.0,85.67,821.36,9.2,14.21,Zaid,Drip,Reservoir,7.34,No,59.64,East,Low,18.27
Maize,Sowing,Clay,6.21,46.82,0.65,3.25,76.0,48.5,20.0,15.47,71.31,977.19,9.58,17.27,Kharif,Canal,Reservoir,8.39,No,113.73,West,Low,48.3
Cotton,Flowering,Sandy,5.85,38.5,0.32,1.98,117.0,46.0,19.0,30.68,40.39,642.38,8.08,1.24,Zaid,Rainfed,Rainwater,7.02,No,54.18,West,Medium,49.8
Maize,Vegetative,Sandy,5.41,47.91,0.32,1.18,76.0,48.5,20.0,22.29,36.83,476.34,5.06,9.3,Rabi,Canal,Rainwater,8.7,Yes,39.81,West,Low,18.89
Cotton,Flowering,Clay,7.05,64.82,1.1,0.89,117.0,46.0,19.0,39.58,61.12,262.32,7.07,8.34,Rabi,Canal,Reservoir,3.75,No,36.3,North,Medium,35.08
Cotton,Vegetative,Clay,7.09,9.92,1.03,0.35,117.0,46.0,19.0,27.08,71.48,727.88,7.62,6.24,Kharif,Rainfed,River,12.77,No,41.24,South,Medium,35.57
Rice,Flowering,Loamy,5.66,11.72,0.6,2.54,80.0,47.0,40.0,32.37,71.22,2194.81,10.14,4.36,Rabi,Sprinkler,Rainwater,11.77,No,114.14,North,Medium,124.27
Rice,Vegetative,Silt,7.64,50.35,1.45,1.42,80.0,47.0,40.0,39.48,47.46,1043.45,10.18,15.54,Rabi,Rainfed,Rainwater,6.47,Yes,37.77,West,Medium,28.01
Rice,Sowing,Sandy,7.39,15.77,0.66,3.23,80.0,47.0,40.0,31.34,93.16,775.19,6.22,18.77,Kharif,Canal,River,12.73,No,39.41,South,Medium,35.41
Rice,Flowering,Loamy,6.45,57.37,0.96,1.98,80.0,47.0,40.0,25.51,75.41,550.15,6.06,18.46,Kharif,Drip,Reservoir,8.89,Yes,74.71,East,Low,37.98
Maize,Vegetative,Loamy,5.09,41.41,1.25,1.83,76.0,48.5,20.0,28.45,65.24,935.74,4.56,0.95,Rabi,Rainfed,Rainwater,5.54,No,97.31,South,Low,49.74
Maize,Flowering,Sandy,7.67,61.84,0.67,0.91,76.0,48.5,20.0,14.76,57.01,1698.35,8.77,18.06,Kharif,Sprinkler,River,6.18,Yes,96.84,Central,Low,41.95
Rice,Vegetative,Sandy,7.24,40.75,1.58,0.49,80.0,47.0,40.0,17.69,56.47,715.82,6.75,17.9,Rabi,Sprinkler,Groundwater,8.4,Yes,43.51,North,Low,20.05
Rice,Flowering,Sandy,7.16,17.74,0.78,0.43,80.0,47.0,40.0,40.89,73.99,2305.59,8.99,9.07,Zaid,Sprinkler,Groundwater,13.61,No,103.6,Central,Medium,120.81
Maize,Vegetative,Sandy,8.0,64.38,0.43,1.04,76.0,48.5,20.0,12.83,76.18,610.75,7.1,10.56,Zaid,Rainfed,River,14.94,Yes,16.35,Central,Low,5.73
Rice,Sowing,Silt,6.84,10.81,0.93,1.47,80.0,47.0,40.0,38.96,76.86,1877.72,4.46,17.96,Kharif,Rainfed,River,2.09,No,86.64,West,Medium,83.43
Maize,Vegetative,Clay,8.12,48.12,0.94,3.04,76.0,48.5,20.0,37.72,61.99,608.17,8.12,14.4,Kharif,Canal,Rainwater,2.5,No,51.54,South,Medium,38.47
Maize,Sowing,Sandy,7.5,11.64,0.33,1.84,76.0,48.5,20.0,27.64,80.05,842.72,7.36,10.69,Rabi,Sprinkler,Rainwater,11.51,No,92.63,South,Medium,80.34
Maize,Sowing,Loamy,6.79,24.52,0.82,3.1,76.0,48.5,20.0,14.42,60.78,1264.81,9.07,1.91,Rabi,Drip,Reservoir,14.58,No,98.36,Central,Low,50.54
Cotton,Harvest,Silt,7.08,25.46,1.29,0.25,117.0,46.0,19.0,20.22,33.68,2414.46,7.15,14.07,Kharif,Canal,Rainwater,1.66,Yes,117.46,East,Low,44.36
Maize,Vegetative,Sandy,5.11,36.97,1.39,0.27,76.0,48.5,20.0,40.61,30.36,1506.64,6.09,9.44,Kharif,Sprinkler,Reservoir,11.48,No,34.92,North,Medium,29.5
Maize,Flowering,Loamy,7.07,8.67,1.57,1.65,76.0,48.5,20.0,29.07,80.05,243.99,9.17,10.52,Kharif,Sprinkler,River,0.51,No,88.66,Central,High,156.68
Maize,Harvest,Loamy,5.76,25.16,1.09,2.24,76.0,48.5,20.0,32.88,38.74,2214.79,4.5,7.99,Kharif,Rainfed,Groundwater,13.15,No,53.42,West,Low,22.91
Cotton,Vegetative,Silt,6.87,25.7,0.79,0.57,117.0,46.0,19.0,38.32,39.6,1306.02,8.08,18.59,Kharif,Drip,River,4.09,No,94.49,South,Medium,86.51
Cotton,Sowing,Silt,5.5,34.97,1.08,1.7,117.0,46.0,19.0,39.64,72.18,1064.87,6.41,17.87,Zaid,Sprinkler,Groundwater,11.18,No,95.21,West,Low,57.13
Rice,Vegetative,Loamy,6.91,40.02,1.37,3.49,80.0,47.0,40.0,25.36,69.7,743.46,5.56,4.49,Kharif,Drip,Groundwater,4.59,Yes,44.66,South,Low,22.43
Rice,Sowing,Sandy,5.24,54.1,1.12,1.31,80.0,47.0,40.0,32.49,34.05,2486.29,9.63,9.43,Zaid,Drip,Reservoir,11.19,No,76.58,Central,Low,35.92
Cotton,Flowering,Loamy,5.7,18.85,1.32,1.55,117.0,46.0,19.0,26.13,75.71,1227.1,4.72,5.41,Zaid,Sprinkler,Rainwater,4.76,Yes,12.74,North,Medium,13.06
Cotton,Vegetative,Loamy,7.64,57.69,1.34,1.57,117.0,46.0,19.0,16.28,49.43,1055.58,5.16,4.87,Kharif,Sprinkler,Groundwater,8.22,Yes,53.43,South,Low,20.48
Maize,Harvest,Loamy,6.46,49.19,0.65,2.73,76.0,48.5,20.0,14.02,33.74,597.77,6.46,14.43,Zaid,Rainfed,Groundwater,6.54,Yes,61.89,Central,Low,17.88
Cotton,Flowering,Clay,5.57,9.23,1.15,2.49,117.0,46.0,19.0,31.48,51.34,1337.27,10.39,15.27,Rabi,Canal,Groundwater,2.63,Yes,89.64,East,Medium,96.78
Rice,Vegetative,Sandy,7.91,13.16,1.4,0.93,80.0,47.0,40.0,17.54,63.68,2442.87,9.57,10.15,Kharif,Rainfed,River,2.7,No,26.3,West,Medium,20.57
Cotton,Flowering,Clay,5.58,49.14,0.84,2.81,117.0,46.0,19.0,22.93,39.11,2319.68,8.66,6.56,Zaid,Drip,River,1.27,No,21.27,East,Low,11.47
Cotton,Harvest,Silt,6.1,9.61,0.98,1.25,117.0,46.0,19.0,29.58,44.26,2173.46,9.75,8.42,Kharif,Canal,Reservoir,3.14,Yes,98.37,West,Low,42.6
Rice,Flowering,Clay,7.22,41.21,0.58,1.05,80.0,47.0,40.0,39.02,28.95,1274.59,5.32,13.38,Zaid,Sprinkler,Rainwater,11.89,No,98.89,West,Medium,95.68
Rice,Vegetative,Clay,4.95,54.17,0.45,0.63,80.0,47.0,40.0,31.82,31.3,1925.84,8.16,14.94,Kharif,Rainfed,Groundwater,0.83,No,48.14,East,Medium,32.03
Cotton,Flowering,Loamy,7.64,42.8,0.38,1.42,117.0,46.0,19.0,21.09,87.36,1244.01,7.81,4.54,Kharif,Sprinkler,Groundwater,4.96,No,16.78,Central,Low,9.44
Cotton,Harvest,Clay,5.65,14.32,0.8,0.57,117.0,46.0,19.0,30.78,85.73,1340.68,5.76,10.39,Zaid,Sprinkler,Reservoir,9.25,Yes,12.26,North,Medium,7.67
Cotton,Sowing,Silt,7.07,64.1,0.72,0.98,117.0,46.0,19.0,23.74,88.59,1848.04,10.01,16.21,Rabi,Rainfed,Reservoir,9.82,No,32.89,East,Low,12.69
Maize,Vegetative,Sandy,6.26,59.62,0.64,0.4,76.0,48.5,20.0,20.62,93.0,2415.66,4.23,6.02,Rabi,Rainfed,Reservoir,7.83,Yes,76.37,North,Low,30.03
Rice,Harvest,Sandy,5.02,25.22,0.51,2.69,80.0,47.0,40.0,18.52,32.88,1153.64,5.56,2.53,Rabi,Drip,Rainwater,3.89,No,54.42,South,Low,20.23
Cotton,Harvest,Loamy,7.91,46.66,0.59,2.38,117.0,46.0,19.0,23.55,63.17,1049.04,7.73,1.31,Kharif,Canal,Reservoir,3.54,No,0.94,North,Low,0.3
Rice,Flowering,Sandy,6.24,62.37,0.48,2.93,80.0,47.0,40.0,12.38,89.55,2079.71,9.12,15.93,Zaid,Sprinkler,Rainwater,2.0,Yes,48.8,South,Low,21.01
Rice,Harvest,Sandy,6.3,44.91,0.86,2.27,80.0,47.0,40.0,19.25,57.51,629.44,6.11,19.99,Kharif,Rainfed,Reservoir,10.35,No,107.37,West,Low,33.87
Maize,Harvest,Silt,6.93,53.56,1.52,2.1,76.0,48.5,20.0,32.99,87.73,2220.98,5.15,19.3,Rabi,Canal,Groundwater,9.21,No,43.09,South,Low,14.29
Rice,Sowing,Clay,6.6,47.32,0.69,0.8,80.0,47.0,40.0,17.44,77.69,790.13,5.79,7.94,Zaid,Canal,Reservoir,11.63,No,109.16,Central,Low,47.14
Maize,Sowing,Sandy,6.37,25.39,0.42,0.71,76.0,48.5,20.0,14.31,69.18,1835.13,10.03,2.62,Zaid,Canal,Rainwater,3.78,No,6.72,West,Low,3.43
Cotton,Harvest,Loamy,5.75,30.73,1.11,2.19,117.0,46.0,19.0,13.42,94.57,715.73,7.1,10.17,Zaid,Drip,Reservoir,14.81,No,85.42,North,Low,29.2
Rice,Sowing,Clay,7.77,30.25,1.12,2.7,80.0,47.0,40.0,15.15,61.07,2265.68,7.01,9.18,Zaid,Sprinkler,Rainwater,6.91,Yes,92.09,Central,Low,45.23
Rice,Harvest,Loamy,6.25,28.08,1.58,3.4,80.0,47.0,40.0,22.17,73.69,1467.62,8.02,14.29,Rabi,Drip,Groundwater,13.67,No,109.92,South,Low,41.48
Maize,Vegetative,Silt,5.44,36.44,0.52,2.72,76.0,48.5,20.0,35.08,70.41,2321.47,10.26,1.21,Zaid,Rainfed,Groundwater,3.26,No,86.24,North,Medium,70.07
Rice,Flowering,Clay,7.43,62.09,1.16,1.08,80.0,47.0,40.0,21.98,35.83,851.45,6.28,6.78,Kharif,Rainfed,Groundwater,1.8,Yes,12.36,South,Low,5.75
Cotton,Harvest,Sandy,6.41,61.64,1.23,0.85,117.0,46.0,19.0,26.83,42.27,1899.1,9.39,19.94,Rabi,Sprinkler,Rainwater,1.81,No,26.77,West,Low,7.67
Maize,Flowering,Sandy,7.24,8.34,0.52,3.31,76.0,48.5,20.0,41.67,32.5,1591.29,4.35,19.93,Kharif,Drip,Rainwater,7.55,No,41.19,South,High,62.44
Cotton,Harvest,Loamy,5.92,22.11,1.0,2.78,117.0,46.0,19.0,33.06,76.47,691.11,7.15,10.8,Kharif,Canal,Groundwater,10.98,No,20.53,West,Medium,12.91
Rice,Sowing,Loamy,8.04,13.26,0.36,2.97,80.0,47.0,40.0,13.74,92.94,1100.05,5.56,8.25,Zaid,Canal,Rainwater,3.86,No,7.04,South,Low,3.75
Cotton,Vegetative,Silt,4.88,28.51,1.42,2.89,117.0,46.0,19.0,13.19,87.58,1774.25,8.53,14.35,Zaid,Sprinkler,Rainwater,7.6,Yes,51.35,Central,Low,25.55
Maize,Sowing,Clay,6.08,23.63,0.52,2.94,76.0,48.5,20.0,22.05,75.63,1687.24,4.85,19.19,Zaid,Drip,River,7.56,Yes,95.46,North,Low,53.27
Maize,Harvest,Loamy,7.85,37.13,0.77,2.37,76.0,48.5,20.0,33.89,26.51,1003.0,4.29,7.83,Kharif,Sprinkler,Reservoir,1.92,No,59.46,West,Low,23.28
Rice,Flowering,Clay,5.83,29.25,1.17,2.94,80.0,47.0,40.0,20.09,70.71,674.93,9.7,7.88,Rabi,Rainfed,Rainwater,5.57,No,53.15,West,Low,33.32
Rice,Flowering,Clay,6.88,61.12,1.2,1.29,80.0,47.0,40.0,31.55,39.67,638.59,5.1,1.58,Zaid,Rainfed,River,1.44,Yes,25.18,South,Low,13.02
Maize,Harvest,Silt,6.29,57.98,1.18,1.11,76.0,48.5,20.0,25.71,57.65,816.98,10.62,6.57,Zaid,Canal,Groundwater,6.53,No,12.95,North,Low,3.82
Cotton,Sowing,Clay,7.27,30.47,1.02,1.27,117.0,46.0,19.0,15.45,31.15,1765.59,7.86,16.71,Zaid,Drip,Rainwater,6.43,Yes,27.97,North,Low,13.76
Rice,Harvest,Silt,5.5,48.61,0.88,2.75,80.0,47.0,40.0,16.94,27.71,2251.49,7.21,10.48,Zaid,Rainfed,Reservoir,14.32,No,27.49,East,Low,8.16
Cotton,Harvest,Loamy,7.97,63.45,0.62,0.57,117.0,46.0,19.0,26.05,67.97,1766.95,7.02,13.4,Kharif,Drip,River,0.44,Yes,27.05,Central,Low,7.53
Cotton,Harvest,Clay,5.7,38.64,0.43,0.55,117.0,46.0,19.0,40.64,41.32,1236.63,6.88,18.81,Rabi,Drip,River,12.8,No,29.03,Central,Low,11.84
Maize,Harvest,Loamy,5.11,18.68,0.71,2.06,76.0,48.5,20.0,37.08,29.56,2047.24,9.95,10.46,Rabi,Rainfed,Rainwater,7.96,No,75.85,West,Medium,50.29
Maize,Harvest,Loamy,5.76,39.28,0.72,3.0,76.0,48.5,20.0,32.97,55.05,2329.46,9.55,15.18,Zaid,Canal,River,14.98,Yes,93.09,South,Low,35.44
Cotton,Vegetative,Clay,7.58,19.83,1.43,3.05,117.0,46.0,19.0,31.53,80.96,787.79,10.85,0.57,Rabi,Canal,River,1.79,Yes,30.29,North,Medium,27.27
Rice,Flowering,Loamy,7.39,19.87,1.59,2.75,80.0,47.0,40.0,35.25,49.6,1986.74,6.55,19.13,Rabi,Canal,Reservoir,12.3,No,73.61,South,High,106.98
Cotton,Harvest,Loamy,5.69,23.74,0.75,3.34,117.0,46.0,19.0,38.72,38.07,2462.07,5.19,5.41,Zaid,Drip,Groundwater,14.71,Yes,70.83,South,Low,32.39
Rice,Harvest,Sandy,5.63,48.57,1.28,0.32,80.0,47.0,40.0,34.78,75.81,86.03,10.51,3.72,Zaid,Rainfed,River,14.44,Yes,72.27,Central,Low,37.17
Cotton,Flowering,Sandy,6.3,13.43,0.85,2.92,117.0,46.0,19.0,31.05,44.3,403.36,5.9,3.14,Kharif,Drip,Reservoir,4.27,No,80.35,Central,Medium,97.18
Maize,Vegetative,Silt,7.2,22.65,0.58,3.26,76.0,48.5,20.0,12.85,90.89,974.65,7.58,3.09,Zaid,Canal,Groundwater,8.12,Yes,95.56,East,Medium,71.19
Rice,Harvest,Sandy,4.94,53.99,0.31,3.11,80.0,47.0,40.0,28.35,82.99,1158.84,6.07,19.45,Kharif,Canal,River,8.33,Yes,47.48,West,Low,15.01
Maize,Flowering,Loamy,4.84,23.71,0.48,2.77,76.0,48.5,20.0,36.95,81.79,213.58,7.78,17.31,Zaid,Drip,Rainwater,2.35,No,85.89,West,High,162.46
Rice,Flowering,Sandy,7.06,32.72,0.8,0.23,80.0,47.0,40.0,40.45,41.12,1408.3,6.58,12.44,Kharif,Rainfed,Rainwater,4.49,Yes,51.85,East,Medium,54.55
Cotton,Harvest,Loamy,5.53,31.45,0.74,0.54,117.0,46.0,19.0,33.14,92.74,1016.17,9.38,15.49,Rabi,Sprinkler,Reservoir,10.88,No,72.16,Central,Low,29.46
Rice,Harvest,Sandy,6.27,36.71,0.45,2.08,80.0,47.0,40.0,17.31,62.15,924.24,10.51,15.59,Zaid,Rainfed,Groundwater,14.35,Yes,34.08,West,Low,11.35
Cotton,Harvest,Loamy,5.47,54.43,1.45,1.92,117.0,46.0,19.0,36.59,64.53,688.5,8.44,19.5,Rabi,Canal,Rainwater,3.53,Yes,94.61,East,Low,32.14
Maize,Sowing,Clay,5.19,53.5,1.34,2.46,76.0,48.5,20.0,37.13,62.57,1956.6,9.25,5.82,Kharif,Drip,River,8.83,Yes,22.1,North,Low,10.88
Rice,Vegetative,Silt,4.88,13.76,0.78,1.1,80.0,47.0,40.0,20.29,77.48,1207.57,10.98,4.32,Rabi,Drip,Groundwater,7.51,No,65.87,West,Medium,53.04
Maize,Sowing,Silt,5.17,39.49,1.39,0.47,76.0,48.5,20.0,29.91,28.57,1970.87,10.69,19.64,Zaid,Drip,Groundwater,7.14,Yes,78.3,East,Low,41.3
Maize,Vegetative,Loamy,7.45,51.0,1.26,2.25,76.0,48.5,20.0,21.41,37.5,1610.68,8.7,6.6,Zaid,Rainfed,Groundwater,7.81,No,98.56,East,Low,42.8
Rice,Sowing,Loamy,6.85,21.23,1.13,3.39,80.0,47.0,40.0,33.41,65.08,588.22,4.43,11.92,Rabi,Canal,Rainwater,13.85,Yes,38.84,South,Medium,35.24
Maize,Flowering,Loamy,6.01,51.3,0.4,1.79,76.0,48.5,20.0,32.84,60.56,1761.98,6.23,17.67,Kharif,Canal,River,9.22,Yes,50.71,South,Medium,42.1
Rice,Flowering,Silt,8.02,27.66,0.39,1.8,80.0,47.0,40.0,12.4,92.1,1105.45,8.93,17.46,Rabi,Canal,Reservoir,3.11,Yes,58.0,West,Low,34.87
Maize,Flowering,Sandy,5.59,28.44,0.85,3.5,76.0,48.5,20.0,41.47,33.69,248.87,7.68,0.5,Rabi,Canal,Groundwater,8.38,No,19.24,West,Medium,26.92
Maize,Flowering,Sandy,4.96,63.02,0.5,1.86,76.0,48.5,20.0,20.17,47.75,1833.65,6.61,6.69,Rabi,Canal,Groundwater,10.56,Yes,72.33,Central,Low,32.69
Rice,Harvest,Loamy,5.87,38.26,1.05,3.39,80.0,47.0,40.0,17.17,92.8,147.41,8.4,1.06,Kharif,Sprinkler,Reservoir,13.31,Yes,57.18,East,Low,26.02
Cotton,Vegetative,Clay,5.19,59.48,0.39,0.45,117.0,46.0,19.0,14.34,26.35,1939.85,6.72,14.74,Zaid,Drip,Reservoir,5.4,No,1.59,South,Medium,0.84
Rice,Flowering,Sandy,7.65,37.18,1.07,2.05,80.0,47.0,40.0,38.42,58.29,2323.99,10.16,13.14,Rabi,Rainfed,River,10.93,Yes,45.86,North,Medium,45.77
Cotton,Sowing,Clay,4.89,59.62,0.45,2.13,117.0,46.0,19.0,21.31,43.45,296.37,9.61,19.74,Zaid,Canal,Groundwater,11.15,No,71.27,North,Medium,49.78
Cotton,Flowering,Loamy,7.64,31.05,1.27,2.78,117.0,46.0,19.0,18.91,62.8,1502.02,10.99,8.12,Rabi,Rainfed,Groundwater,11.86,No,8.92,South,Low,5.44
Maize,Harvest,Silt,5.28,21.13,1.34,0.26,76.0,48.5,20.0,33.92,37.51,548.56,6.89,3.1,Kharif,Sprinkler,Reservoir,13.42,No,2.61,East,Medium,1.67
Rice,Harvest,Silt,7.81,21.26,1.01,1.69,80.0,47.0,40.0,17.98,28.98,998.6,4.27,13.46,Zaid,Drip,Reservoir,9.31,No,86.12,West,Medium,46.9
Rice,Vegetative,Silt,7.28,45.75,0.49,3.24,80.0,47.0,40.0,19.21,47.62,662.73,8.56,2.04,Zaid,Drip,Reservoir,11.35,Yes,29.72,North,Low,13.28
Cotton,Vegetative,Sandy,6.72,45.56,0.7,0.75,117.0,46.0,19.0,40.89,75.19,282.19,10.56,11.57,Kharif,Canal,Rainwater,1.57,Yes,75.61,West,Medium,73.73
Cotton,Vegetative,Loamy,7.72,11.08,1.5,2.96,117.0,46.0,19.0,17.28,64.93,1229.58,7.62,9.82,Zaid,Rainfed,River,10.86,Yes,29.34,East,Medium,22.88
Cotton,Sowing,Sandy,5.38,44.05,0.37,2.46,117.0,46.0,19.0,29.4,35.31,1141.12,9.7,9.37,Zaid,Sprinkler,Rainwater,6.78,No,18.07,South,Low,9.09
Rice,Vegetative,Silt,8.02,55.28,0.48,3.15,80.0,47.0,40.0,30.49,47.73,82.32,9.51,16.15,Rabi,Sprinkler,River,4.81,Yes,81.82,South,Medium,77.27
Cotton,Vegetative,Sandy,5.4,55.79,0.66,2.94,117.0,46.0,19.0,39.32,36.82,1606.23,9.51,8.35,Rabi,Canal,River,11.04,Yes,4.63,West,Low,2.27
Maize,Flowering,Sandy,7.73,39.78,1.26,2.76,76.0,48.5,20.0,25.82,52.44,517.95,6.87,3.33,Rabi,Sprinkler,Reservoir,5.16,Yes,80.39,North,Low,49.13
Cotton,Flowering,Sandy,5.73,61.45,1.24,0.81,117.0,46.0,19.0,37.99,85.02,1434.21,10.29,0.89,Rabi,Sprinkler,Reservoir,12.01,No,69.51,Central,Medium,54.25
Rice,Sowing,Clay,5.25,16.49,1.45,3.49,80.0,47.0,40.0,40.43,39.18,2362.92,4.5,2.14,Kharif,Drip,River,10.7,No,94.02,East,Medium,91.36
Maize,Vegetative,Clay,7.42,39.79,1.49,0.47,76.0,48.5,20.0,23.81,30.55,2323.22,9.92,19.67,Kharif,Drip,Rainwater,6.84,No,3.24,Central,Medium,2.29
Cotton,Sowing,Sandy,6.06,24.54,1.31,1.1,117.0,46.0,19.0,20.57,90.28,825.86,5.59,19.73,Zaid,Drip,Groundwater,13.05,No,75.15,East,Medium,58.57
Rice,Harvest,Silt,6.23,39.23,1.58,1.52,80.0,47.0,40.0,16.45,49.59,1458.58,5.84,13.29,Zaid,Drip,River,1.85,Yes,39.45,South,Low,12.73
Rice,Vegetative,Clay,7.97,38.14,0.97,1.12,80.0,47.0,40.0,15.1,27.88,583.59,4.9,1.42,Zaid,Sprinkler,Rainwater,5.63,No,69.06,East,Low,31.67
Maize,Harvest,Sandy,6.27,12.46,0.44,1.09,76.0,48.5,20.0,16.09,65.49,1527.36,10.31,18.25,Rabi,Drip,Groundwater,8.42,Yes,21.58,Central,Low,8.14
Cotton,Sowing,Silt,6.39,50.48,0.36,2.24,117.0,46.0,19.0,20.56,62.2,1550.16,8.66,17.81,Rabi,Drip,Reservoir,8.23,No,62.25,South,Low,26.94
Maize,Sowing,Clay,6.25,17.63,1.37,0.67,76.0,48.5,20.0,21.8,59.7,598.76,8.92,13.87,Kharif,Canal,Rainwater,7.73,Yes,84.05,West,Low,48.12
Cotton,Sowing,Clay,7.14,40.22,0.47,0.24,117.0,46.0,19.0,27.69,44.52,748.54,4.32,7.59,Zaid,Canal,River,13.73,Yes,4.39,North,Low,2.25
Maize,Vegetative,Sandy,6.44,30.14,1.58,3.26,76.0,48.5,20.0,28.1,86.37,457.03,10.93,18.5,Zaid,Drip,River,0.76,No,84.46,West,Medium,72.57
Rice,Sowing,Silt,4.95,56.14,1.59,0.14,80.0,47.0,40.0,37.6,42.47,400.16,6.3,6.69,Zaid,Canal,Reservoir,8.23,No,62.04,South,Low,33.65
Cotton,Vegetative,Loamy,7.58,8.25,1.08,1.34,117.0,46.0,19.0,41.18,66.93,1420.99,10.76,16.01,Kharif,Canal,Rainwater,4.49,No,28.31,East,High,35.76
Cotton,Harvest,Loamy,8.17,37.65,1.22,2.69,117.0,46.0,19.0,34.59,85.9,423.23,9.72,7.36,Zaid,Rainfed,Reservoir,11.5,No,50.68,East,Low,21.95
Maize,Flowering,Sandy,6.18,20.38,1.54,0.63,76.0,48.5,20.0,35.01,61.05,1205.84,6.38,10.15,Kharif,Drip,River,14.23,No,100.08,Central,High,144.71
Maize,Flowering,Loamy,4.84,50.38,0.88,0.36,76.0,48.5,20.0,27.87,50.88,1536.32,4.2,7.79,Kharif,Rainfed,Rainwater,2.6,No,5.24,East,Low,2.93
Rice,Vegetative,Loamy,5.38,10.45,0.48,2.24,80.0,47.0,40.0,14.92,70.55,2198.91,5.96,2.09,Rabi,Sprinkler,Rainwater,13.85,Yes,106.98,North,Medium,81.36
Cotton,Harvest,Clay,7.02,55.4,1.17,0.13,117.0,46.0,19.0,32.01,37.07,612.57,4.87,6.92,Zaid,Rainfed,Rainwater,9.68,Yes,21.19,South,Low,6.83
Cotton,Flowering,Sandy,7.48,55.47,1.21,0.33,117.0,46.0,19.0,19.37,83.29,433.13,10.58,2.65,Rabi,Canal,River,4.65,Yes,86.77,South,Low,46.25
Cotton,Flowering,Sandy,7.14,8.82,0.43,0.92,117.0,46.0,19.0,21.43,45.33,1679.66,5.51,0.9,Zaid,Rainfed,River,11.98,Yes,36.94,South,Medium,36.12
Cotton,Harvest,Sandy,5.9,56.33,0.52,0.45,117.0,46.0,19.0,35.16,58.82,527.4,8.35,1.85,Rabi,Sprinkler,Rainwater,11.57,Yes,80.15,East,Low,26.34
Rice,Harvest,Loamy,6.65,49.21,1.58,0.7,80.0,47.0,40.0,40.18,63.05,328.08,7.19,18.23,Zaid,Canal,River,10.15,Yes,6.18,West,Low,2.74
Cotton,Flowering,Sandy,6.34,49.64,0.32,2.5,117.0,46.0,19.0,32.33,86.87,352.98,7.61,11.13,Kharif,Rainfed,Rainwater,5.59,Yes,48.16,South,Medium,47.6
Rice,Sowing,Clay,6.23,38.13,0.95,2.53,80.0,47.0,40.0,41.12,65.06,209.7,9.48,19.51,Zaid,Canal,River,13.48,Yes,97.68,South,Medium,108.1
Maize,Harvest,Loamy,5.45,56.86,0.43,1.43,76.0,48.5,20.0,39.84,27.1,2017.46,4.17,6.68,Kharif,Sprinkler,River,1.07,No,61.33,Central,Low,20.89
Maize,Vegetative,Sandy,5.21,59.35,1.39,0.41,76.0,48.5,20.0,39.59,31.66,1684.04,5.69,19.2,Rabi,Canal,Reservoir,13.97,No,69.78,North,Medium,47.11
Rice,Vegetative,Clay,5.05,49.77,0.81,2.99,80.0,47.0,40.0,21.8,54.45,2225.8,5.11,18.73,Kharif,Drip,Groundwater,9.92,No,63.11,Central,Medium,39.8
Maize,Sowing,Clay,6.21,9.05,1.47,1.14,76.0,48.5,20.0,28.22,45.03,1900.35,10.77,14.87,Kharif,Drip,River,5.46,Yes,98.39,Central,Low,60.07
Cotton,Sowing,Loamy,5.84,28.58,0.96,2.13,117.0,46.0,19.0,37.22,58.24,1266.74,8.46,6.95,Kharif,Sprinkler,Reservoir,12.77,No,70.26,Central,Low,43.56
Rice,Flowering,Loamy,7.38,14.97,0.36,0.19,80.0,47.0,40.0,18.44,55.25,907.81,4.04,7.86,Rabi,Drip,Rainwater,8.8,No,25.76,East,Medium,24.41
Rice,Flowering,Sandy,6.6,38.94,0.41,0.28,80.0,47.0,40.0,24.78,56.39,1831.89,5.98,17.47,Rabi,Rainfed,Rainwater,3.16,Yes,106.91,Central,Low,64.69
Rice,Vegetative,Sandy,7.19,53.06,0.33,2.12,80.0,47.0,40.0,30.41,89.09,2115.38,10.91,15.74,Kharif,Rainfed,River,1.67,No,3.8,South,Medium,2.52
Rice,Vegetative,Clay,5.68,19.47,1.19,1.05,80.0,47.0,40.0,32.03,33.95,2135.99,9.48,16.26,Kharif,Sprinkler,Groundwater,4.51,No,96.0,West,High,112.87
Cotton,Flowering,Sandy,8.0,35.65,0.98,0.59,117.0,46.0,19.0,22.04,68.05,302.86,4.63,4.82,Zaid,Canal,Rainwater,4.92,Yes,13.07,South,Low,9.72
Cotton,Sowing,Sandy,7.63,17.13,0.95,0.51,117.0,46.0,19.0,29.73,33.65,499.89,7.08,13.44,Rabi,Canal,Groundwater,2.35,No,46.28,Central,Medium,42.01
Rice,Vegetative,Silt,6.04,52.38,0.59,2.39,80.0,47.0,40.0,29.0,52.52,30.45,10.54,13.2,Rabi,Canal,Groundwater,2.47,No,55.96,West,Medium,55.66
Maize,Flowering,Silt,7.09,20.03,0.68,0.66,76.0,48.5,20.0,30.1,50.45,732.17,4.54,14.53,Kharif,Rainfed,River,14.78,No,68.49,West,High,94.87
Cotton,Sowing,Sandy,6.93,58.16,0.94,1.87,117.0,46.0,19.0,34.33,36.75,814.9,4.8,4.98,Rabi,Rainfed,River,1.44,No,88.2,East,Low,40.3
Maize,Sowing,Sandy,8.13,35.55,0.37,1.99,76.0,48.5,20.0,17.29,54.49,628.25,7.21,4.32,Zaid,Canal,Reservoir,1.32,Yes,17.47,South,Low,8.4
Rice,Sowing,Clay,6.38,28.48,0.35,3.33,80.0,47.0,40.0,31.83,47.41,1488.64,8.69,18.01,Rabi,Drip,Groundwater,14.99,No,62.2,North,Low,36.74
Rice,Harvest,Silt,7.58,26.55,0.94,0.28,80.0,47.0,40.0,38.87,82.37,1353.78,9.32,17.27,Kharif,Rainfed,Rainwater,7.06,No,55.42,North,Low,24.81
Maize,Sowing,Loamy,6.49,39.04,0.31,0.89,76.0,48.5,20.0,41.39,37.68,2276.82,8.62,5.19,Rabi,Drip,Rainwater,4.78,No,9.36,East,Low,5.43
Cotton,Sowing,Sandy,7.96,53.88,0.68,1.37,117.0,46.0,19.0,12.89,78.38,1052.68,10.08,6.05,Rabi,Drip,River,7.75,Yes,31.75,West,Low,12.5
Rice,Flowering,Loamy,7.83,25.71,0.92,0.4,80.0,47.0,40.0,12.34,67.51,1639.81,6.33,8.01,Kharif,Canal,Groundwater,11.94,No,1.63,West,Low,1.0
Rice,Harvest,Loamy,5.81,35.1,0.48,2.83,80.0,47.0,40.0,33.26,43.51,1354.2,4.63,1.81,Kharif,Drip,Reservoir,10.7,Yes,41.53,West,Low,16.45
Maize,Vegetative,Loamy,6.65,11.93,1.05,0.44,76.0,48.5,20.0,15.17,31.8,770.7,5.16,18.59,Kharif,Rainfed,Reservoir,1.78,No,1.21,South,Medium,0.92
Cotton,Harvest,Sandy,6.45,36.29,0.81,0.45,117.0,46.0,19.0,15.33,92.41,1800.03,5.26,9.83,Rabi,Canal,River,6.73,Yes,66.59,South,Low,21.78
Rice,Vegetative,Loamy,7.63,25.13,0.48,2.69,80.0,47.0,40.0,37.82,72.27,1871.04,4.66,7.62,Rabi,Canal,Groundwater,13.52,No,77.35,South,Medium,70.83
Cotton,Sowing,Loamy,6.21,13.16,1.46,2.94,117.0,46.0,19.0,20.34,94.58,2301.15,5.19,11.38,Kharif,Canal,River,3.18,No,64.06,South,Medium,51.61
Maize,Flowering,Clay,4.86,57.58,0.91,2.09,76.0,48.5,20.0,36.75,51.13,1910.01,4.91,15.0,Zaid,Sprinkler,River,13.76,Yes,106.51,North,Medium,85.8
Cotton,Vegetative,Loamy,5.39,58.2,0.42,0.99,117.0,46.0,19.0,30.69,68.26,1434.28,10.44,8.09,Rabi,Sprinkler,Groundwater,1.81,Yes,91.8,Central,Low,40.53
Cotton,Harvest,Clay,6.91,49.54,1.53,2.33,117.0,46.0,19.0,38.96,43.64,1610.43,4.21,18.58,Rabi,Drip,Groundwater,5.91,Yes,24.6,Central,Low,8.97
Rice,Flowering,Loamy,6.16,55.4,0.71,3.4,80.0,47.0,40.0,18.8,54.95,2175.75,9.77,16.07,Rabi,Sprinkler,Reservoir,11.39,Yes,99.54,North,Low,48.23
Rice,Vegetative,Silt,7.88,45.77,1.23,3.0,80.0,47.0,40.0,34.8,50.46,137.82,9.16,3.01,Zaid,Canal,Reservoir,7.45,Yes,27.91,West,Medium,29.01
Maize,Vegetative,Sandy,5.61,49.05,0.35,2.49,76.0,48.5,20.0,31.44,40.51,279.74,10.64,8.85,Zaid,Rainfed,Rainwater,5.88,No,47.49,South,Medium,41.51
Rice,Sowing,Silt,6.93,51.68,1.47,2.93,80.0,47.0,40.0,15.5,71.01,2230.79,9.59,8.36,Kharif,Drip,Reservoir,6.44,No,110.58,West,Low,44.77
Rice,Harvest,Loamy,7.09,22.87,1.36,1.62,80.0,47.0,40.0,36.66,88.52,614.21,7.63,1.3,Kharif,Sprinkler,Rainwater,7.14,Yes,105.89,North,Low,47.88
Cotton,Sowing,Clay,4.91,60.01,1.02,3.04,117.0,46.0,19.0,35.33,37.81,2142.45,9.23,13.65,Rabi,Canal,Groundwater,1.94,Yes,7.08,South,Low,3.2
Cotton,Harvest,Clay,7.13,28.89,1.48,2.32,117.0,46.0,19.0,18.63,39.8,1470.77,4.15,13.13,Kharif,Canal,Reservoir,6.36,No,22.05,Central,Low,7.96
Cotton,Sowing,Loamy,5.52,49.55,0.93,1.68,117.0,46.0,19.0,38.52,40.28,1407.19,6.39,19.88,Zaid,Rainfed,Groundwater,9.61,Yes,73.57,West,Low,38.17
Rice,Sowing,Clay,7.72,32.35,0.71,2.12,80.0,47.0,40.0,22.59,83.45,545.65,5.07,1.68,Kharif,Rainfed,Groundwater,1.17,Yes,42.08,West,Low,21.98
Maize,Flowering,Clay,5.0,9.42,1.08,0.24,76.0,48.5,20.0,12.6,65.95,608.26,10.87,5.81,Kharif,Sprinkler,Reservoir,3.35,Yes,24.8,East,Medium,22.63
Rice,Flowering,Loamy,5.53,11.76,1.18,1.67,80.0,47.0,40.0,41.45,46.8,2374.11,10.47,3.02,Zaid,Rainfed,River,4.25,No,83.39,Central,Medium,97.24
Maize,Flowering,Loamy,6.27,63.0,1.37,1.78,76.0,48.5,20.0,30.68,39.9,226.09,6.41,16.79,Kharif,Canal,Reservoir,1.35,Yes,119.52,East,Medium,111.99
Maize,Flowering,Silt,5.42,36.89,0.73,1.16,76.0,48.5,20.0,18.83,76.16,1567.79,6.79,16.87,Kharif,Canal,Reservoir,2.56,No,36.91,Central,Medium,30.55
Cotton,Sowing,Clay,7.27,22.63,0.62,1.47,117.0,46.0,19.0,30.84,48.26,629.33,7.52,14.49,Zaid,Drip,Reservoir,4.37,No,45.06,North,Medium,39.48
Rice,Sowing,Sandy,5.87,9.2,0.87,2.46,80.0,47.0,40.0,33.24,75.43,505.87,7.96,2.85,Kharif,Drip,Reservoir,11.09,Yes,78.32,East,Low,51.13
Rice,Flowering,Sandy,7.62,23.56,1.55,0.39,80.0,47.0,40.0,35.65,76.61,464.32,8.74,5.35,Zaid,Drip,River,0.97,No,65.25,South,Medium,75.64
Rice,Harvest,Sandy,6.12,19.28,1.53,2.69,80.0,47.0,40.0,31.69,51.75,2264.62,4.09,1.48,Zaid,Drip,Groundwater,14.44,Yes,74.36,Central,Low,32.85
Maize,Vegetative,Loamy,6.7,12.98,1.24,0.14,76.0,48.5,20.0,36.34,85.9,902.83,5.25,16.52,Rabi,Sprinkler,River,4.64,No,48.41,North,High,59.21
Rice,Sowing,Clay,5.36,58.99,1.07,0.75,80.0,47.0,40.0,40.64,36.37,310.75,5.68,1.52,Kharif,Rainfed,River,14.41,Yes,83.88,Central,Low,48.72
Rice,Sowing,Loamy,5.97,43.23,0.98,1.85,80.0,47.0,40.0,17.08,93.13,1321.84,4.55,19.41,Kharif,Drip,Groundwater,8.62,Yes,42.16,West,Low,18.86
Rice,Sowing,Silt,6.16,11.01,0.63,2.02,80.0,47.0,40.0,40.42,61.78,1165.71,8.06,18.28,Kharif,Canal,Reservoir,2.23,No,50.62,West,Medium,49.19
Cotton,Sowing,Loamy,6.44,14.28,0.65,1.34,117.0,46.0,19.0,41.74,31.44,1267.78,10.8,19.16,Zaid,Rainfed,Reservoir,5.58,No,36.66,North,Medium,35.62
Rice,Sowing,Sandy,5.8,52.42,1.11,1.89,80.0,47.0,40.0,30.83,67.33,2316.63,8.11,5.88,Zaid,Rainfed,Reservoir,7.35,No,27.5,Central,Low,12.92
Rice,Flowering,Loamy,6.21,49.37,0.96,1.97,80.0,47.0,40.0,21.73,37.29,1186.15,10.67,6.83,Kharif,Rainfed,River,12.68,Yes,37.14,North,Low,19.74
Maize,Vegetative,Loamy,7.48,62.26,0.33,2.51,76.0,48.5,20.0,15.99,51.61,977.4,4.21,8.34,Kharif,Canal,Groundwater,8.64,No,88.38,South,Low,32.1
Maize,Vegetative,Sandy,6.66,47.51,1.35,1.69,76.0,48.5,20.0,38.0,79.39,2443.08,7.69,18.57,Zaid,Sprinkler,River,14.71,No,52.1,South,Medium,39.22
Rice,Sowing,Loamy,5.72,18.23,0.9,2.98,80.0,47.0,40.0,39.96,56.64,1248.2,7.8,5.24,Zaid,Rainfed,River,6.79,No,32.96,Central,Medium,32.02
Rice,Harvest,Sandy,8.2,59.58,0.63,0.6,80.0,47.0,40.0,19.66,57.44,2203.65,5.74,5.5,Zaid,Sprinkler,Rainwater,7.83,Yes,35.56,East,Low,9.69
Cotton,Harvest,Silt,5.85,25.82,0.59,2.23,117.0,46.0,19.0,34.92,27.62,1048.46,8.94,0.63,Kharif,Canal,River,14.03,No,12.43,East,Low,5.4
Rice,Vegetative,Clay,7.81,15.42,1.55,0.14,80.0,47.0,40.0,26.11,50.78,1600.36,7.26,5.07,Rabi,Rainfed,Groundwater,12.35,Yes,25.89,Central,Medium,22.12
Maize,Flowering,Sandy,7.1,55.12,0.77,0.94,76.0,48.5,20.0,18.38,34.0,448.57,7.29,6.25,Zaid,Sprinkler,River,7.5,No,82.26,South,Low,42.91
Maize,Flowering,Silt,5.96,8.14,0.36,2.11,76.0,48.5,20.0,37.59,37.94,1653.22,10.66,15.62,Zaid,Drip,Groundwater,2.24,Yes,4.41,West,Medium,5.03
Maize,Flowering,Sandy,6.65,55.43,1.56,1.65,76.0,48.5,20.0,32.4,92.35,690.26,7.75,11.2,Kharif,Rainfed,Rainwater,1.46,No,52.16,East,Medium,41.32
Maize,Harvest,Sandy,7.66,22.95,1.33,1.78,76.0,48.5,20.0,14.85,43.32,1929.38,9.49,6.96,Rabi,Drip,Groundwater,8.93,No,99.87,West,Low,36.37
Maize,Harvest,Sandy,5.95,45.97,1.42,1.05,76.0,48.5,20.0,14.01,53.94,1866.44,9.5,12.4,Kharif,Canal,Groundwater,7.84,No,6.16,North,Low,1.84
Maize,Flowering,Clay,5.94,28.82,0.76,2.43,76.0,48.5,20.0,24.49,62.0,1063.3,6.17,1.87,Zaid,Drip,Reservoir,7.72,No,73.33,Central,Low,48.27
Rice,Flowering,Loamy,5.28,16.02,0.45,0.8,80.0,47.0,40.0,29.85,33.12,2150.77,8.74,10.59,Zaid,Canal,River,11.56,No,12.46,West,Medium,13.25
Rice,Vegetative,Clay,7.71,57.19,1.05,2.12,80.0,47.0,40.0,37.5,33.31,447.88,6.11,14.16,Zaid,Drip,River,8.26,No,34.37,West,Medium,25.17
Maize,Harvest,Loamy,4.86,63.69,0.83,2.62,76.0,48.5,20.0,21.89,80.63,542.23,10.85,19.48,Kharif,Canal,Groundwater,10.16,No,110.99,North,Low,29.56
Cotton,Sowing,Clay,5.04,14.29,0.47,0.5,117.0,46.0,19.0,33.03,87.13,2266.99,4.89,12.85,Kharif,Sprinkler,River,8.31,Yes,41.99,North,Medium,38.33
Rice,Sowing,Sandy,6.74,40.89,1.15,3.0,80.0,47.0,40.0,33.9,68.91,1256.37,4.34,18.32,Kharif,Drip,River,10.06,No,53.26,North,Low,28.79
Maize,Harvest,Sandy,7.37,12.56,1.37,2.98,76.0,48.5,20.0,19.6,61.27,253.18,5.7,11.72,Zaid,Sprinkler,Rainwater,14.62,Yes,79.09,North,Medium,56.59
Maize,Sowing,Loamy,7.65,56.49,1.05,0.31,76.0,48.5,20.0,32.81,51.02,814.1,9.26,14.09,Zaid,Drip,Groundwater,14.39,Yes,118.33,South,Low,54.28
Maize,Harvest,Sandy,6.69,10.73,0.71,2.52,76.0,48.5,20.0,39.27,91.29,177.59,10.87,18.75,Zaid,Rainfed,River,1.71,No,24.6,West,High,29.32
Rice,Vegetative,Clay,5.08,17.09,1.0,2.37,80.0,47.0,40.0,41.33,65.52,1985.02,8.67,2.05,Kharif,Canal,River,12.9,Yes,72.12,West,Medium,70.08
Maize,Flowering,Sandy,7.86,18.04,0.56,1.05,76.0,48.5,20.0,24.99,39.74,634.19,7.65,14.88,Zaid,Rainfed,Reservoir,4.82,Yes,104.9,West,Medium,106.36
Maize,Vegetative,Clay,5.23,60.37,1.54,0.99,76.0,48.5,20.0,27.75,91.73,1442.65,7.04,1.13,Zaid,Sprinkler,Reservoir,6.54,Yes,6.55,West,Low,2.74
Maize,Sowing,Sandy,7.88,39.02,1.03,2.84,76.0,48.5,20.0,29.5,82.11,454.08,6.34,19.62,Zaid,Canal,Groundwater,0.55,Yes,39.28,West,Low,22.24
Maize,Flowering,Silt,6.82,34.48,0.62,1.11,76.0,48.5,20.0,13.34,39.93,1209.74,8.0,11.04,Zaid,Sprinkler,River,2.84,No,102.76,East,Medium,83.33
Maize,Vegetative,Silt,6.53,48.37,0.73,2.0,76.0,48.5,20.0,35.5,42.33,803.96,10.93,14.43,Zaid,Sprinkler,Reservoir,10.61,Yes,51.2,South,Medium,37.37
Maize,Harvest,Silt,8.01,54.62,1.44,0.26,76.0,48.5,20.0,28.87,60.28,510.29,9.16,12.27,Rabi,Drip,Groundwater,7.99,No,31.26,South,Low,10.01
Rice,Sowing,Sandy,6.66,39.0,1.42,3.13,80.0,47.0,40.0,18.07,63.99,609.88,10.52,14.3,Rabi,Drip,Groundwater,11.29,Yes,56.26,East,Low,26.45
Rice,Vegetative,Sandy,8.04,46.48,0.53,1.29,80.0,47.0,40.0,37.99,91.0,1414.75,9.82,16.42,Zaid,Sprinkler,Groundwater,9.66,Yes,112.19,Central,Medium,85.3
Cotton,Flowering,Silt,7.56,40.43,0.42,2.35,117.0,46.0,19.0,12.02,93.71,2029.03,9.51,3.02,Rabi,Drip,Reservoir,12.6,No,111.72,South,Low,60.15
Maize,Flowering,Clay,7.73,15.0,1.15,2.23,76.0,48.5,20.0,36.94,84.5,518.12,5.64,9.77,Zaid,Rainfed,River,10.86,No,15.4,East,Medium,17.6
Rice,Vegetative,Sandy,5.22,56.56,0.68,1.75,80.0,47.0,40.0,33.39,93.05,2033.54,7.8,5.55,Rabi,Rainfed,River,0.59,Yes,19.81,North,Low,9.13
Rice,Vegetative,Loamy,6.21,50.64,0.65,0.28,80.0,47.0,40.0,14.77,73.15,1823.56,4.62,18.21,Zaid,Canal,Rainwater,14.68,Yes,55.47,South,Low,22.57
Rice,Harvest,Clay,7.76,32.19,0.41,1.21,80.0,47.0,40.0,36.46,75.32,2356.58,9.06,17.66,Zaid,Rainfed,Rainwater,2.38,No,33.96,East,Low,14.2
Maize,Vegetative,Sandy,5.7,43.19,0.5,2.86,76.0,48.5,20.0,21.72,48.66,2185.74,9.45,13.04,Kharif,Drip,Reservoir,10.6,Yes,28.36,East,Low,13.33
Cotton,Harvest,Sandy,4.81,42.63,0.62,2.27,117.0,46.0,19.0,37.64,47.7,204.55,9.64,13.11,Rabi,Sprinkler,Reservoir,13.13,Yes,111.08,Central,Medium,81.22
Cotton,Vegetative,Clay,5.14,35.04,1.54,3.23,117.0,46.0,19.0,31.69,28.84,1842.37,10.85,1.18,Rabi,Rainfed,Groundwater,1.38,Yes,23.7,Central,Low,13.23
Cotton,Vegetative,Sandy,5.74,17.93,1.41,2.17,117.0,46.0,19.0,25.6,61.86,872.03,7.55,16.99,Rabi,Canal,Reservoir,2.91,No,53.3,East,Medium,45.31
Maize,Flowering,Clay,7.0,34.81,1.54,2.35,76.0,48.5,20.0,20.52,65.67,385.52,6.4,1.11,Rabi,Rainfed,Reservoir,9.32,No,30.9,East,Low,21.22
Maize,Sowing,Silt,7.11,40.67,0.99,0.16,76.0,48.5,20.0,37.3,45.72,2441.87,7.63,5.59,Rabi,Drip,Groundwater,14.62,Yes,12.89,North,Low,7.2
Rice,Vegetative,Loamy,7.56,13.17,1.35,1.45,80.0,47.0,40.0,27.27,78.35,605.03,8.84,10.81,Kharif,Canal,Groundwater,4.79,No,89.36,North,Medium,77.22
Rice,Harvest,Silt,5.17,61.01,1.24,1.2,80.0,47.0,40.0,17.37,75.62,1156.39,10.14,17.74,Rabi,Sprinkler,Rainwater,7.33,Yes,39.22,East,Low,10.27
Cotton,Flowering,Loamy,7.84,18.49,0.84,3.27,117.0,46.0,19.0,20.1,90.1,361.14,6.91,12.08,Zaid,Drip,Reservoir,14.08,Yes,88.21,South,Medium,99.36
Maize,Harvest,Silt,6.97,15.6,1.53,1.21,76.0,48.5,20.0,40.09,52.74,1619.27,7.48,10.8,Kharif,Drip,Rainwater,10.12,No,84.08,North,Medium,57.19
Rice,Sowing,Clay,7.11,18.46,1.34,0.82,80.0,47.0,40.0,25.36,27.53,1705.48,8.84,8.75,Kharif,Rainfed,Rainwater,2.49,No,100.16,East,Low,59.46
Cotton,Vegetative,Silt,6.41,42.4,1.46,0.2,117.0,46.0,19.0,19.17,42.52,1405.26,10.25,1.35,Rabi,Sprinkler,River,1.29,No,57.66,East,Low,26.58
Maize,Vegetative,Sandy,5.94,42.73,1.23,1.65,76.0,48.5,20.0,28.35,56.79,1436.76,4.99,11.69,Zaid,Canal,Reservoir,9.69,No,2.42,East,Medium,1.74
Maize,Vegetative,Sandy,5.8,39.58,1.55,2.78,76.0,48.5,20.0,17.93,84.79,1486.68,7.18,9.84,Kharif,Rainfed,Groundwater,12.44,Yes,115.69,West,Low,54.01
Maize,Sowing,Sandy,7.77,45.35,1.42,3.0,76.0,48.5,20.0,40.49,64.89,1897.01,10.6,7.52,Zaid,Canal,River,4.63,Yes,118.65,Central,Low,64.97
Rice,Sowing,Sandy,5.53,63.65,1.02,2.54,80.0,47.0,40.0,30.92,78.65,1930.86,5.95,12.94,Rabi,Drip,Rainwater,7.78,No,38.71,West,Low,16.11
Cotton,Harvest,Loamy,7.03,52.02,1.22,2.58,117.0,46.0,19.0,21.52,64.95,878.6,9.54,15.85,Kharif,Canal,Rainwater,3.38,No,64.67,Central,Low,19.48
Rice,Sowing,Silt,7.64,57.44,0.42,1.25,80.0,47.0,40.0,38.75,55.24,2185.75,7.28,5.25,Kharif,Rainfed,River,7.86,Yes,91.17,West,Low,43.68
Cotton,Vegetative,Silt,8.03,49.47,0.7,0.14,117.0,46.0,19.0,41.94,53.1,2412.55,8.73,16.66,Kharif,Canal,Rainwater,5.57,Yes,71.06,East,Medium,53.4
Cotton,Vegetative,Sandy,7.54,12.3,1.3,3.46,117.0,46.0,19.0,22.51,93.2,1073.26,10.09,14.56,Kharif,Canal,River,6.92,No,28.16,West,Medium,23.2
Cotton,Sowing,Loamy,7.48,55.74,1.49,2.77,117.0,46.0,19.0,13.97,42.67,806.74,5.09,11.13,Rabi,Rainfed,Groundwater,3.03,No,56.21,South,Low,21.7
Cotton,Flowering,Clay,5.37,54.43,0.78,1.45,117.0,46.0,19.0,15.26,61.65,1431.15,5.11,11.04,Rabi,Sprinkler,Groundwater,3.62,Yes,9.5,North,Low,4.47
Cotton,Sowing,Clay,4.91,25.84,0.83,1.94,117.0,46.0,19.0,13.66,63.41,2170.5,8.58,7.99,Kharif,Canal,Reservoir,2.97,Yes,2.63,North,Low,1.34
Rice,Flowering,Loamy,7.87,47.91,1.17,0.85,80.0,47.0,40.0,36.06,89.88,23.57,4.4,11.85,Kharif,Drip,Rainwater,6.51,Yes,5.61,North,Medium,7.51
Cotton,Harvest,Loamy,5.61,60.17,0.77,0.5,117.0,46.0,19.0,25.59,74.25,29.58,5.59,6.33,Zaid,Drip,River,9.2,No,40.79,North,Low,17.7
Rice,Sowing,Silt,8.1,57.1,0.87,0.51,80.0,47.0,40.0,20.12,45.59,2113.36,10.96,14.03,Rabi,Sprinkler,River,13.82,Yes,31.47,West,Low,12.65
Cotton,Harvest,Clay,4.89,53.2,0.59,1.28,117.0,46.0,19.0,34.09,86.63,632.59,5.79,13.46,Kharif,Sprinkler,Groundwater,9.89,No,90.61,West,Low,30.48
Rice,Vegetative,Clay,7.47,25.99,0.34,0.73,80.0,47.0,40.0,22.83,51.62,1175.33,10.85,7.52,Rabi,Drip,Groundwater,6.02,No,50.72,West,Low,28.0
Rice,Sowing,Loamy,5.89,28.25,0.91,2.5,80.0,47.0,40.0,14.02,63.95,2402.73,6.55,3.66,Kharif,Drip,River,5.78,Yes,10.96,Central,Low,5.46
Maize,Sowing,Silt,4.93,10.65,0.57,3.06,76.0,48.5,20.0,16.97,33.43,1151.44,10.72,14.47,Zaid,Rainfed,River,4.53,Yes,51.66,East,Low,28.1
Rice,Vegetative,Clay,7.92,8.9,0.89,2.06,80.0,47.0,40.0,15.85,42.62,339.54,10.69,5.77,Rabi,Drip,Groundwater,5.2,No,7.25,Central,Medium,6.62
Maize,Harvest,Silt,5.27,35.19,0.66,1.49,76.0,48.5,20.0,25.08,54.16,2279.13,5.0,17.31,Zaid,Drip,Reservoir,5.66,No,53.74,South,Low,19.67
Maize,Harvest,Clay,5.73,19.06,1.59,0.17,76.0,48.5,20.0,36.19,44.62,860.77,7.62,17.9,Kharif,Drip,Groundwater,1.79,Yes,95.22,West,Medium,62.63
Maize,Vegetative,Silt,5.04,18.69,0.79,0.88,76.0,48.5,20.0,27.57,50.52,1792.96,9.59,8.37,Zaid,Drip,Reservoir,13.76,No,111.67,North,Medium,96.79
Rice,Harvest,Clay,7.39,55.23,0.52,1.0,80.0,47.0,40.0,41.55,83.34,1241.47,6.12,2.01,Rabi,Sprinkler,Groundwater,9.3,No,110.23,West,Low,38.26
Cotton,Sowing,Loamy,6.45,57.47,0.67,0.98,117.0,46.0,19.0,13.97,89.62,1798.84,9.13,8.4,Kharif,Rainfed,Reservoir,11.03,Yes,111.06,Central,Low,42.08
Cotton,Flowering,Loamy,7.96,56.16,0.31,2.27,117.0,46.0,19.0,27.05,35.81,214.34,8.36,17.72,Kharif,Canal,River,1.03,No,64.32,South,Medium,63.35
Rice,Flowering,Silt,7.9,49.69,1.41,1.85,80.0,47.0,40.0,18.51,74.41,498.09,9.67,6.2,Rabi,Rainfed,Groundwater,5.88,No,59.49,Central,Low,31.31
Maize,Sowing,Silt,6.89,8.49,1.35,0.67,76.0,48.5,20.0,32.71,46.46,982.39,9.7,2.9,Zaid,Drip,Groundwater,8.36,No,76.2,North,Medium,69.35
Maize,Sowing,Loamy,6.92,17.02,0.48,2.81,76.0,48.5,20.0,31.54,47.67,167.46,10.77,15.43,Rabi,Canal,Rainwater,14.43,No,107.11,East,High,171.32
Cotton,Sowing,Silt,6.16,21.67,0.56,1.82,117.0,46.0,19.0,12.01,46.7,2298.01,7.2,9.33,Kharif,Sprinkler,River,5.51,No,19.93,Central,Low,10.47
Cotton,Sowing,Clay,8.15,63.3,1.47,1.14,117.0,46.0,19.0,15.77,88.51,1967.84,9.39,1.22,Rabi,Sprinkler,Rainwater,14.94,Yes,37.64,West,Low,13.48
Maize,Vegetative,Sandy,6.28,21.52,0.72,2.26,76.0,48.5,20.0,20.15,44.21,749.4,9.71,18.05,Rabi,Sprinkler,Groundwater,11.87,No,40.8,North,Medium,32.42
Maize,Flowering,Sandy,5.14,64.09,0.55,1.04,76.0,48.5,20.0,16.65,78.52,271.6,4.43,11.71,Zaid,Rainfed,Groundwater,11.66,No,94.37,Central,Medium,73.02
Cotton,Harvest,Sandy,4.86,62.02,1.14,2.31,117.0,46.0,19.0,30.91,78.64,980.56,10.5,17.72,Zaid,Canal,Groundwater,2.31,Yes,67.2,East,Low,19.94
Rice,Harvest,Silt,7.57,49.1,1.17,0.65,80.0,47.0,40.0,37.58,91.51,1214.25,5.93,14.69,Rabi,Rainfed,Groundwater,14.99,Yes,40.73,South,Low,14.74
Rice,Harvest,Loamy,6.77,46.23,0.46,2.48,80.0,47.0,40.0,34.06,31.66,1995.93,10.22,12.87,Zaid,Sprinkler,Groundwater,6.92,No,85.52,North,Low,30.83
Rice,Flowering,Silt,6.87,12.96,0.88,1.59,80.0,47.0,40.0,14.4,30.96,782.4,4.55,19.15,Zaid,Rainfed,River,12.08,Yes,3.23,North,Medium,2.95
Maize,Harvest,Sandy,6.06,63.22,0.45,1.33,76.0,48.5,20.0,18.7,53.93,598.64,4.46,13.3,Zaid,Rainfed,Reservoir,9.31,Yes,117.16,North,Low,30.34
Cotton,Sowing,Clay,5.82,50.84,0.75,2.83,117.0,46.0,19.0,26.17,56.9,1957.3,6.62,7.42,Kharif,Canal,River,6.82,No,17.17,Central,Low,7.84
Maize,Vegetative,Silt,8.2,27.48,0.85,2.79,76.0,48.5,20.0,14.59,92.94,1775.37,4.82,15.76,Kharif,Rainfed,River,6.62,Yes,45.97,West,Low,23.06
Maize,Sowing,Sandy,6.94,17.15,0.53,2.28,76.0,48.5,20.0,17.44,81.23,1997.5,4.05,14.53,Zaid,Sprinkler,Reservoir,0.96,No,36.13,East,Medium,28.22
Cotton,Flowering,Clay,7.46,11.36,1.43,1.29,117.0,46.0,19.0,25.9,53.75,1275.71,7.71,19.82,Zaid,Drip,Groundwater,7.66,Yes,74.51,East,Medium,76.23
Cotton,Flowering,Silt,6.01,55.9,0.81,2.32,117.0,46.0,19.0,38.24,86.71,821.79,7.91,14.51,Kharif,Rainfed,Rainwater,7.45,No,85.71,South,Medium,71.24
Maize,Vegetative,Sandy,6.75,61.71,0.96,0.55,76.0,48.5,20.0,27.47,31.53,1930.96,10.5,19.4,Zaid,Rainfed,Groundwater,1.23,No,112.87,West,Medium,66.37
Rice,Vegetative,Clay,7.63,46.57,1.54,2.89,80.0,47.0,40.0,31.56,35.04,802.29,8.9,2.19,Zaid,Rainfed,River,11.77,Yes,60.26,North,Low,30.22
Maize,Sowing,Silt,7.14,20.14,1.0,1.36,76.0,48.5,20.0,24.78,91.78,370.22,9.79,14.04,Kharif,Rainfed,River,5.84,No,100.16,Central,Medium,97.75
Maize,Vegetative,Silt,7.88,39.59,0.33,2.23,76.0,48.5,20.0,36.82,86.7,339.49,6.49,16.05,Kharif,Rainfed,Rainwater,14.25,No,20.13,West,Medium,19.23
Cotton,Flowering,Clay,4.93,28.02,1.56,0.95,117.0,46.0,19.0,34.01,41.7,1392.96,6.0,18.25,Zaid,Rainfed,River,3.51,Yes,74.74,North,Medium,77.52
Maize,Flowering,Clay,5.85,12.64,0.8,2.96,76.0,48.5,20.0,18.83,53.49,2154.73,6.48,5.19,Rabi,Rainfed,Reservoir,3.97,Yes,20.75,West,Medium,19.74
Cotton,Sowing,Silt,5.36,48.2,0.55,1.06,117.0,46.0,19.0,26.87,89.48,418.0,10.16,10.82,Zaid,Canal,Rainwater,3.21,Yes,87.16,Central,Low,45.64
Rice,Harvest,Loamy,8.02,18.27,0.31,0.72,80.0,47.0,40.0,39.64,48.33,2082.56,5.38,2.29,Zaid,Sprinkler,Reservoir,4.64,Yes,44.33,West,Low,21.04
Cotton,Vegetative,Loamy,5.0,21.32,0.6,3.12,117.0,46.0,19.0,28.06,77.39,765.16,7.97,15.42,Zaid,Canal,Groundwater,11.6,Yes,51.03,East,Medium,43.99
Cotton,Harvest,Silt,7.28,62.87,1.19,1.44,117.0,46.0,19.0,41.82,31.36,325.94,9.94,12.56,Zaid,Rainfed,Groundwater,11.91,No,103.88,South,Low,39.92
Cotton,Vegetative,Clay,6.74,50.21,0.81,0.32,117.0,46.0,19.0,20.69,93.8,2244.81,9.67,10.78,Rabi,Sprinkler,Groundwater,11.45,No,74.23,West,Medium,46.07
Cotton,Flowering,Silt,5.69,19.37,0.43,3.42,117.0,46.0,19.0,37.84,83.74,2085.71,10.55,16.92,Kharif,Sprinkler,Rainwater,14.78,No,57.53,North,High,85.57
Maize,Sowing,Loamy,5.16,59.99,0.56,2.58,76.0,48.5,20.0,39.18,76.66,1225.82,10.72,3.35,Zaid,Drip,Reservoir,9.85,No,107.4,Central,Low,50.22
Rice,Flowering,Loamy,5.97,28.7,0.43,0.55,80.0,47.0,40.0,38.1,85.19,1140.96,9.36,11.59,Rabi,Canal,Groundwater,8.84,No,96.0,South,Medium,102.73
Rice,Vegetative,Loamy,6.96,50.88,1.58,2.97,80.0,47.0,40.0,26.64,65.35,371.94,8.07,15.86,Kharif,Sprinkler,Rainwater,14.39,No,66.23,Central,Medium,50.18
Rice,Harvest,Clay,8.19,25.51,0.9,2.38,80.0,47.0,40.0,22.49,60.94,1652.69,10.75,15.26,Kharif,Canal,Reservoir,12.74,No,32.28,North,Low,12.48
Maize,Sowing,Clay,6.08,34.53,0.8,0.77,76.0,48.5,20.0,30.76,67.91,2434.56,5.38,3.73,Zaid,Rainfed,Groundwater,6.08,No,111.07,Central,Low,61.72
Cotton,Harvest,Sandy,7.71,52.38,0.73,2.15,117.0,46.0,19.0,36.73,27.23,364.92,6.57,8.79,Rabi,Drip,Groundwater,3.2,No,80.41,West,Low,32.52
Rice,Flowering,Loamy,5.2,30.43,1.46,3.27,80.0,47.0,40.0,41.94,36.48,856.39,9.27,18.34,Rabi,Canal,Groundwater,6.74,Yes,76.26,West,Medium,81.79
Cotton,Harvest,Loamy,7.14,56.21,0.32,0.68,117.0,46.0,19.0,40.64,89.5,1274.35,5.15,12.5,Rabi,Rainfed,Rainwater,4.64,Yes,17.87,West,Low,6.14
Cotton,Flowering,Loamy,6.19,10.68,1.31,1.85,117.0,46.0,19.0,22.8,92.71,512.52,6.61,11.06,Zaid,Rainfed,Groundwater,6.32,No,87.26,South,Medium,87.64
Rice,Sowing,Clay,6.17,19.79,0.8,1.61,80.0,47.0,40.0,19.09,48.23,1606.53,7.9,16.71,Zaid,Rainfed,Groundwater,14.96,Yes,53.28,West,Low,29.65
Rice,Flowering,Silt,5.21,39.05,0.69,1.49,80.0,47.0,40.0,23.81,73.42,1940.56,7.92,10.3,Rabi,Drip,Reservoir,2.04,No,19.57,West,Medium,16.73
Maize,Sowing,Sandy,7.74,26.9,1.37,3.05,76.0,48.5,20.0,28.69,62.65,1044.84,10.93,7.72,Zaid,Sprinkler,Rainwater,2.27,No,23.32,North,Low,13.54
Maize,Vegetative,Silt,6.48,17.99,0.48,2.68,76.0,48.5,20.0,18.46,41.72,1661.08,9.64,3.01,Rabi,Canal,Rainwater,7.59,No,62.42,Central,Medium,49.3
Cotton,Vegetative,Sandy,6.2,36.83,1.45,1.97,117.0,46.0,19.0,31.13,84.79,1968.49,7.52,2.71,Zaid,Drip,Reservoir,10.81,No,0.53,East,Medium,0.41
Cotton,Sowing,Clay,5.45,44.75,0.86,1.55,117.0,46.0,19.0,31.23,91.79,262.78,5.61,13.9,Rabi,Canal,Groundwater,13.6,No,106.93,East,Medium,98.61
Rice,Sowing,Clay,7.33,59.85,0.52,1.04,80.0,47.0,40.0,22.7,77.33,2466.81,9.97,19.81,Kharif,Sprinkler,Reservoir,9.52,No,24.33,Central,Low,9.75
Maize,Sowing,Loamy,5.23,48.33,1.58,2.79,76.0,48.5,20.0,19.12,28.82,842.56,5.89,13.8,Zaid,Drip,Reservoir,8.72,No,2.95,South,Low,1.28
Rice,Flowering,Sandy,5.51,64.39,1.04,0.18,80.0,47.0,40.0,17.54,28.92,2030.46,10.84,16.77,Zaid,Drip,Reservoir,13.53,Yes,97.86,Central,Low,42.33
Maize,Sowing,Sandy,5.84,34.93,0.78,0.5,76.0,48.5,20.0,36.56,47.12,1464.73,9.57,19.11,Zaid,Canal,Rainwater,3.94,Yes,68.18,East,Low,39.82
Maize,Sowing,Sandy,6.99,45.48,0.89,1.32,76.0,48.5,20.0,22.01,91.47,703.09,10.49,15.33,Rabi,Sprinkler,Rainwater,9.54,No,52.6,South,Low,24.27
Rice,Harvest,Loamy,5.79,13.98,1.3,3.08,80.0,47.0,40.0,15.33,27.53,70.7,10.91,2.19,Rabi,Drip,Reservoir,0.97,No,39.65,North,Medium,31.06
Cotton,Harvest,Sandy,5.9,9.55,0.8,3.31,117.0,46.0,19.0,40.17,83.34,630.06,5.7,13.6,Zaid,Sprinkler,Rainwater,5.68,Yes,38.27,East,Medium,26.03
Rice,Sowing,Clay,6.29,24.67,0.55,2.2,80.0,47.0,40.0,39.34,35.68,653.59,8.9,12.01,Zaid,Canal,Groundwater,12.91,No,60.12,Central,Medium,56.0
Rice,Vegetative,Clay,8.15,39.47,1.5,0.51,80.0,47.0,40.0,19.56,67.19,921.57,7.02,13.03,Zaid,Drip,Reservoir,13.97,Yes,113.93,Central,Low,54.18
Maize,Harvest,Loamy,5.36,64.09,1.4,1.21,76.0,48.5,20.0,31.98,77.68,540.98,4.06,16.6,Rabi,Drip,River,0.54,No,27.3,North,Low,7.99
Maize,Harvest,Clay,4.82,24.63,0.84,3.37,76.0,48.5,20.0,20.75,56.82,1591.9,7.36,13.63,Kharif,Rainfed,Rainwater,1.61,No,35.07,West,Medium,19.15
Rice,Harvest,Clay,5.63,13.89,1.4,0.13,80.0,47.0,40.0,31.54,85.87,2327.28,8.84,10.87,Kharif,Drip,Groundwater,8.77,Yes,6.33,North,Medium,3.99
Rice,Harvest,Clay,5.19,22.86,1.56,1.39,80.0,47.0,40.0,27.58,43.22,65.28,5.67,16.21,Kharif,Rainfed,Rainwater,13.57,Yes,108.13,South,Medium,94.42
Cotton,Harvest,Silt,6.61,10.75,0.68,0.13,117.0,46.0,19.0,24.4,50.62,2270.49,5.21,16.68,Kharif,Sprinkler,Groundwater,11.71,Yes,73.93,West,Low,30.43
Cotton,Flowering,Silt,7.72,39.89,0.69,0.91,117.0,46.0,19.0,22.44,94.81,1368.0,8.55,2.16,Zaid,Sprinkler,Rainwater,13.05,No,72.79,South,Low,42.64
Maize,Sowing,Clay,7.3,50.81,0.81,1.65,76.0,48.5,20.0,35.33,60.57,1775.11,8.49,2.04,Rabi,Drip,Rainwater,13.86,No,9.75,West,Low,4.85
Rice,Vegetative,Clay,5.53,19.16,1.36,1.2,80.0,47.0,40.0,34.17,64.1,745.86,9.26,15.61,Zaid,Drip,Rainwater,5.11,Yes,45.95,West,Medium,42.39
Cotton,Harvest,Silt,6.53,8.95,0.59,0.5,117.0,46.0,19.0,23.24,54.12,2368.24,4.11,12.08,Rabi,Canal,Reservoir,14.09,Yes,0.03,West,Low,0.01
Rice,Sowing,Loamy,7.65,52.46,0.83,2.47,80.0,47.0,40.0,40.73,43.09,1201.28,5.44,12.78,Kharif,Rainfed,Groundwater,1.97,No,65.65,West,Low,33.51
Cotton,Flowering,Silt,7.16,62.45,1.49,0.66,117.0,46.0,19.0,35.89,37.86,250.48,5.31,10.98,Zaid,Sprinkler,Reservoir,4.53,Yes,63.64,Central,Medium,61.76
Cotton,Vegetative,Sandy,6.27,41.98,1.26,1.57,117.0,46.0,19.0,35.1,77.21,2387.7,7.64,16.94,Rabi,Rainfed,River,8.22,No,106.71,Central,Medium,82.49
Maize,Sowing,Sandy,6.96,63.75,0.5,3.32,76.0,48.5,20.0,32.02,50.18,769.19,6.16,7.72,Zaid,Sprinkler,Groundwater,6.49,No,68.13,East,Low,28.61
Rice,Vegetative,Loamy,4.98,52.16,0.33,0.11,80.0,47.0,40.0,26.55,93.54,1086.26,5.54,15.28,Kharif,Drip,Reservoir,5.67,Yes,32.29,North,Low,14.6
Maize,Sowing,Loamy,4.83,31.05,1.22,3.29,76.0,48.5,20.0,13.69,80.9,1959.43,4.77,12.91,Kharif,Canal,Reservoir,14.76,Yes,105.85,East,Low,51.56
Cotton,Harvest,Clay,5.55,33.59,0.53,1.96,117.0,46.0,19.0,23.08,68.02,422.43,7.94,4.84,Zaid,Rainfed,Rainwater,10.01,No,117.74,North,Low,47.32
Cotton,Sowing,Sandy,8.16,8.69,1.53,1.49,117.0,46.0,19.0,14.03,25.42,2400.11,10.34,19.3,Kharif,Rainfed,Groundwater,6.19,Yes,72.04,Central,Low,38.35
Maize,Flowering,Silt,7.11,9.26,0.92,0.54,76.0,48.5,20.0,12.97,31.94,1691.82,10.48,18.53,Zaid,Canal,Rainwater,6.93,No,75.41,South,Medium,68.82
Maize,Vegetative,Loamy,5.81,28.22,1.26,0.37,76.0,48.5,20.0,39.1,79.76,116.7,10.85,1.66,Zaid,Sprinkler,River,9.74,Yes,108.55,West,Medium,139.1
Maize,Sowing,Loamy,7.28,61.89,0.53,0.62,76.0,48.5,20.0,35.86,70.51,1950.59,8.76,8.25,Kharif,Canal,Groundwater,8.31,No,102.81,West,Low,45.69
Rice,Sowing,Clay,7.07,49.58,1.01,2.04,80.0,47.0,40.0,25.44,63.28,2192.11,10.74,11.93,Kharif,Drip,Rainwater,14.26,Yes,20.45,Central,Low,9.38
Cotton,Sowing,Sandy,6.26,48.3,1.59,3.06,117.0,46.0,19.0,21.05,82.34,1428.94,6.43,13.9,Kharif,Rainfed,Rainwater,3.83,No,92.86,South,Low,41.27
Cotton,Vegetative,Clay,6.98,31.88,0.5,0.11,117.0,46.0,19.0,18.53,38.52,1027.46,4.19,18.85,Kharif,Sprinkler,Groundwater,11.66,No,86.52,North,Medium,62.13
Cotton,Flowering,Sandy,4.82,14.93,0.99,0.43,117.0,46.0,19.0,17.72,55.82,2270.68,5.04,8.89,Zaid,Rainfed,Reservoir,9.43,No,75.86,Central,Medium,71.32
Rice,Flowering,Loamy,5.42,55.65,0.53,3.32,80.0,47.0,40.0,27.45,75.45,1114.67,7.12,1.73,Kharif,Drip,Groundwater,14.84,Yes,69.51,North,Low,36.69
Cotton,Harvest,Clay,5.57,9.8,1.43,2.29,117.0,46.0,19.0,16.11,41.4,814.05,9.69,6.05,Zaid,Sprinkler,Rainwater,11.31,Yes,76.41,West,Low,28.82
Maize,Vegetative,Loamy,5.25,48.02,0.43,0.3,76.0,48.5,20.0,21.39,38.77,506.46,10.17,19.59,Zaid,Canal,Rainwater,12.32,No,16.56,East,Medium,10.78
Cotton,Sowing,Loamy,6.04,32.5,0.87,2.93,117.0,46.0,19.0,15.84,94.41,1624.9,4.46,10.61,Rabi,Sprinkler,Rainwater,5.82,Yes,10.04,Central,Low,4.88
Maize,Vegetative,Silt,6.07,34.52,0.83,1.71,76.0,48.5,20.0,21.09,84.99,1106.28,5.86,19.97,Kharif,Canal,Reservoir,8.94,No,7.02,Central,Medium,5.06
Cotton,Sowing,Silt,8.18,17.18,0.98,0.88,117.0,46.0,19.0,34.89,54.16,798.81,6.81,1.8,Rabi,Drip,Rainwater,10.22,Yes,53.35,North,Low,34.68
Rice,Harvest,Silt,5.19,13.91,1.09,2.3,80.0,47.0,40.0,39.64,31.22,1173.19,6.28,3.56,Kharif,Sprinkler,Rainwater,14.45,No,18.71,South,Medium,12.69
Rice,Harvest,Clay,7.27,8.16,0.91,3.12,80.0,47.0,40.0,24.36,36.52,675.39,4.73,1.16,Zaid,Sprinkler,Reservoir,3.6,Yes,87.85,West,Low,36.14
Rice,Vegetative,Clay,5.16,20.54,1.05,1.23,80.0,47.0,40.0,20.62,62.32,542.78,9.84,2.25,Kharif,Sprinkler,Rainwater,1.15,Yes,8.5,Central,Medium,6.84
Maize,Vegetative,Loamy,5.46,26.96,0.43,1.25,76.0,48.5,20.0,18.27,69.96,2277.28,4.43,16.17,Kharif,Canal,Rainwater,4.84,No,85.69,Central,Medium,63.92
Rice,Vegetative,Sandy,5.62,42.65,1.34,0.41,80.0,47.0,40.0,37.77,83.06,1631.64,7.15,15.77,Kharif,Canal,Rainwater,1.34,No,98.15,South,Medium,77.23
Maize,Harvest,Clay,6.55,40.42,0.54,3.04,76.0,48.5,20.0,38.47,89.85,2336.83,5.07,19.65,Kharif,Rainfed,River,9.27,No,84.56,West,Low,33.49
Maize,Sowing,Clay,5.55,41.92,1.56,1.72,76.0,48.5,20.0,16.01,30.79,2342.23,9.52,9.64,Rabi,Drip,Reservoir,14.09,No,81.5,North,Low,36.48
Maize,Harvest,Sandy,7.94,8.15,0.72,1.64,76.0,48.5,20.0,24.88,47.77,419.99,7.59,15.84,Kharif,Rainfed,Reservoir,14.07,Yes,0.18,West,Low,0.08
Maize,Flowering,Sandy,6.28,28.16,0.76,0.23,76.0,48.5,20.0,20.03,77.48,485.43,9.51,4.87,Rabi,Canal,River,4.39,No,84.63,East,Low,55.67
Cotton,Flowering,Clay,7.49,11.63,1.24,3.12,117.0,46.0,19.0,30.81,73.6,1633.55,8.1,13.61,Kharif,Sprinkler,Groundwater,10.75,Yes,37.52,Central,Medium,40.26
Maize,Vegetative,Silt,7.58,24.87,1.31,2.81,76.0,48.5,20.0,35.65,82.0,351.9,8.23,17.82,Rabi,Canal,Reservoir,9.64,No,66.01,Central,High,90.94
Maize,Sowing,Sandy,7.98,45.68,0.71,2.66,76.0,48.5,20.0,32.07,25.3,638.69,7.91,4.24,Zaid,Sprinkler,Reservoir,13.25,No,40.94,Central,Low,20.81
Rice,Flowering,Loamy,4.94,22.02,1.19,1.37,80.0,47.0,40.0,40.79,66.67,1865.97,8.03,1.53,Zaid,Canal,Reservoir,8.04,No,38.46,Central,Medium,44.15
Maize,Harvest,Loamy,7.52,25.58,0.66,3.5,76.0,48.5,20.0,36.66,70.53,2268.78,9.68,5.82,Kharif,Drip,River,5.48,Yes,19.58,East,Low,8.66
Rice,Vegetative,Clay,7.42,28.68,1.15,3.16,80.0,47.0,40.0,32.77,65.28,253.14,10.04,11.52,Rabi,Sprinkler,Groundwater,7.15,No,28.22,South,High,39.87
Rice,Vegetative,Sandy,5.14,63.57,1.33,2.31,80.0,47.0,40.0,40.06,54.93,1546.38,5.25,11.15,Kharif,Drip,Reservoir,1.08,No,47.23,West,Medium,30.51
Rice,Sowing,Clay,6.8,47.51,0.93,3.0,80.0,47.0,40.0,23.72,34.4,875.07,5.67,8.61,Rabi,Drip,Reservoir,6.68,Yes,48.77,West,Low,22.45
Rice,Vegetative,Loamy,7.45,31.16,1.45,1.78,80.0,47.0,40.0,21.41,28.69,2157.11,6.35,19.79,Kharif,Drip,Groundwater,10.11,No,61.11,West,Medium,45.51
Maize,Flowering,Loamy,5.12,30.22,1.26,0.72,76.0,48.5,20.0,27.67,48.06,326.17,10.31,4.15,Rabi,Canal,Reservoir,6.82,No,29.63,West,Low,23.95
Cotton,Harvest,Silt,8.14,52.17,0.97,3.3,117.0,46.0,19.0,29.0,53.19,1216.73,4.87,1.45,Kharif,Rainfed,Reservoir,4.47,Yes,50.97,South,Low,16.52
Cotton,Harvest,Silt,7.87,31.96,0.66,2.04,117.0,46.0,19.0,16.04,50.99,637.55,6.13,15.91,Rabi,Sprinkler,Rainwater,6.52,No,80.04,Central,Low,27.4
Rice,Vegetative,Clay,7.38,25.29,1.27,2.91,80.0,47.0,40.0,24.45,38.03,2462.63,5.7,15.61,Kharif,Rainfed,Rainwater,5.68,Yes,85.47,Central,Low,48.23
Cotton,Flowering,Silt,6.72,50.32,1.5,3.32,117.0,46.0,19.0,33.13,35.77,570.24,10.34,3.31,Rabi,Sprinkler,Groundwater,0.37,Yes,34.88,East,Low,20.53
Rice,Vegetative,Sandy,5.21,59.08,0.42,1.15,80.0,47.0,40.0,20.81,46.55,75.28,6.56,16.39,Rabi,Sprinkler,Reservoir,7.41,No,82.09,Central,Medium,67.92
Cotton,Harvest,Sandy,6.61,15.95,0.84,0.13,117.0,46.0,19.0,15.96,32.12,1694.93,10.41,15.01,Kharif,Canal,Rainwater,2.15,Yes,0.03,South,Low,0.01
Cotton,Flowering,Clay,7.38,14.39,1.51,2.69,117.0,46.0,19.0,15.46,53.14,799.21,9.62,3.25,Zaid,Canal,Reservoir,13.48,No,33.68,South,Medium,30.89
Maize,Sowing,Clay,7.48,37.7,0.67,2.68,76.0,48.5,20.0,13.58,73.44,841.02,9.94,13.74,Rabi,Drip,Reservoir,13.57,Yes,94.39,North,Low,43.41
Maize,Sowing,Clay,5.24,64.46,1.0,1.33,76.0,48.5,20.0,38.77,52.39,331.87,10.98,5.16,Rabi,Sprinkler,Rainwater,2.56,Yes,22.92,West,Low,12.16
Maize,Flowering,Loamy,4.87,14.6,0.93,0.35,76.0,48.5,20.0,22.46,59.34,1554.59,6.52,7.56,Zaid,Drip,Reservoir,12.63,Yes,23.23,West,Medium,22.96
Rice,Harvest,Clay,8.16,42.04,0.93,3.01,80.0,47.0,40.0,26.51,76.33,2479.86,8.61,9.0,Rabi,Sprinkler,Rainwater,12.29,No,55.05,Central,Low,19.21
Maize,Harvest,Silt,6.92,13.57,0.71,2.83,76.0,48.5,20.0,29.91,83.99,402.15,5.43,1.81,Kharif,Canal,River,0.53,No,64.75,West,Low,31.67
Maize,Flowering,Clay,7.99,12.64,1.48,3.28,76.0,48.5,20.0,21.38,45.8,869.32,4.72,17.96,Kharif,Rainfed,Reservoir,2.9,No,114.46,North,Medium,111.86
Maize,Vegetative,Silt,7.53,46.88,1.29,0.82,76.0,48.5,20.0,41.36,43.39,282.23,6.55,10.61,Zaid,Canal,Rainwater,2.96,No,34.31,West,High,42.94
Rice,Flowering,Clay,6.25,53.05,0.44,1.76,80.0,47.0,40.0,26.5,74.29,595.35,7.78,14.19,Rabi,Rainfed,River,1.12,Yes,83.05,West,Low,44.62
Rice,Vegetative,Loamy,7.71,16.48,0.33,2.01,80.0,47.0,40.0,16.5,60.73,1295.45,10.08,9.61,Kharif,Drip,Reservoir,4.6,Yes,13.45,Central,Medium,10.4
Rice,Sowing,Silt,5.54,40.35,0.98,1.49,80.0,47.0,40.0,16.0,35.24,226.7,8.01,17.27,Zaid,Sprinkler,Groundwater,5.08,Yes,104.62,East,Low,62.03
Rice,Vegetative,Clay,7.24,16.29,1.46,2.83,80.0,47.0,40.0,25.1,28.69,283.17,7.91,16.6,Rabi,Sprinkler,River,13.57,Yes,77.16,East,High,105.89
Maize,Sowing,Sandy,5.18,32.87,1.14,2.25,76.0,48.5,20.0,41.44,28.76,1719.51,4.13,3.1,Kharif,Canal,Groundwater,0.7,No,7.47,Central,Low,4.58
Maize,Flowering,Clay,5.63,45.32,0.38,2.05,76.0,48.5,20.0,15.83,59.43,1287.57,10.66,8.59,Kharif,Sprinkler,River,4.77,Yes,14.47,South,Low,7.51
Rice,Sowing,Sandy,5.81,47.92,0.72,2.46,80.0,47.0,40.0,26.51,66.23,1148.78,7.97,4.23,Zaid,Rainfed,Reservoir,6.04,Yes,51.12,East,Low,24.1
Maize,Sowing,Silt,5.95,45.64,1.52,3.09,76.0,48.5,20.0,26.07,67.02,650.83,9.88,4.64,Rabi,Sprinkler,Rainwater,11.12,Yes,17.63,North,Low,8.46
Cotton,Flowering,Sandy,5.03,12.14,1.14,2.65,117.0,46.0,19.0,28.13,70.29,58.06,6.73,12.09,Kharif,Canal,River,2.5,No,5.41,North,High,10.88
Rice,Sowing,Loamy,7.85,10.36,0.48,2.13,80.0,47.0,40.0,23.51,35.72,483.38,5.97,4.39,Kharif,Drip,Rainwater,0.91,Yes,113.31,West,Low,68.84
Rice,Flowering,Clay,7.15,13.8,0.59,0.36,80.0,47.0,40.0,36.18,88.79,618.57,7.61,19.37,Kharif,Rainfed,Rainwater,6.83,No,90.08,West,High,132.02
Cotton,Flowering,Silt,5.21,12.98,1.47,1.51,117.0,46.0,19.0,26.86,53.77,1213.59,7.42,12.88,Rabi,Sprinkler,Groundwater,2.9,Yes,54.29,East,Medium,56.07
Cotton,Vegetative,Clay,5.02,39.2,1.21,2.95,117.0,46.0,19.0,39.09,78.76,602.49,8.59,4.97,Rabi,Rainfed,River,7.52,No,0.66,South,Medium,0.54
Maize,Vegetative,Sandy,8.11,20.28,0.55,1.17,76.0,48.5,20.0,18.68,36.65,2044.13,5.73,9.21,Rabi,Sprinkler,Reservoir,10.87,No,5.24,South,Medium,4.14
Maize,Vegetative,Loamy,7.12,57.03,1.04,1.74,76.0,48.5,20.0,15.36,57.94,1185.32,5.55,7.54,Rabi,Rainfed,Reservoir,4.41,Yes,98.55,East,Low,37.67
Rice,Sowing,Clay,6.22,33.41,1.52,1.76,80.0,47.0,40.0,23.43,61.51,1559.53,9.06,2.89,Zaid,Rainfed,River,5.87,No,34.81,Central,Low,18.18
Rice,Flowering,Silt,6.42,21.86,0.9,1.82,80.0,47.0,40.0,38.05,44.78,777.61,4.47,1.44,Zaid,Sprinkler,Rainwater,8.19,Yes,16.74,North,Medium,18.91
Rice,Vegetative,Clay,6.26,27.52,0.84,1.54,80.0,47.0,40.0,29.04,93.11,840.49,5.66,11.06,Zaid,Sprinkler,Rainwater,4.71,Yes,74.55,East,Low,43.22
Rice,Flowering,Clay,4.84,53.41,0.65,1.11,80.0,47.0,40.0,26.93,44.92,2018.56,8.83,8.96,Zaid,Sprinkler,Rainwater,6.03,No,104.38,North,Low,56.11
Maize,Vegetative,Sandy,7.95,41.42,1.46,3.23,76.0,48.5,20.0,35.63,34.06,2092.95,6.07,4.17,Zaid,Rainfed,Groundwater,2.57,Yes,54.66,Central,Low,29.87
Rice,Vegetative,Silt,6.85,22.45,1.4,0.13,80.0,47.0,40.0,15.91,46.03,1332.35,6.76,14.4,Rabi,Drip,Rainwater,0.82,No,97.67,East,Medium,73.62
Rice,Vegetative,Clay,8.16,33.03,0.54,2.56,80.0,47.0,40.0,36.58,68.34,1398.68,4.35,14.69,Kharif,Drip,Reservoir,1.04,Yes,61.71,Central,Medium,52.35
Cotton,Sowing,Clay,7.77,49.68,0.49,2.93,117.0,46.0,19.0,25.82,47.16,1744.48,6.37,12.84,Rabi,Drip,Groundwater,11.23,Yes,67.58,Central,Low,31.1
Rice,Sowing,Sandy,8.19,60.87,0.81,0.97,80.0,47.0,40.0,30.14,94.51,1352.21,7.89,4.17,Rabi,Sprinkler,River,1.15,No,29.29,West,Low,12.49
Cotton,Sowing,Sandy,5.63,50.75,0.43,0.75,117.0,46.0,19.0,38.81,70.85,2079.94,6.49,11.37,Kharif,Sprinkler,Groundwater,14.29,Yes,18.33,South,Low,9.42
Rice,Harvest,Loamy,7.66,33.19,1.54,0.59,80.0,47.0,40.0,38.72,74.22,752.09,10.7,14.08,Rabi,Drip,Groundwater,7.01,No,39.58,West,Low,16.75
Cotton,Vegetative,Loamy,5.59,53.96,0.82,1.01,117.0,46.0,19.0,24.51,63.61,1584.05,9.14,13.43,Rabi,Rainfed,River,2.67,No,57.37,West,Medium,35.64
Rice,Harvest,Sandy,8.13,12.29,1.2,2.72,80.0,47.0,40.0,19.0,78.96,1913.13,9.85,3.14,Kharif,Sprinkler,River,9.0,Yes,48.63,South,Low,18.93
Maize,Flowering,Silt,5.81,48.99,0.4,0.11,76.0,48.5,20.0,36.94,88.75,27.65,10.05,16.51,Rabi,Rainfed,Reservoir,1.03,No,65.48,North,High,113.37
Cotton,Flowering,Clay,7.76,24.64,1.01,3.07,117.0,46.0,19.0,22.25,33.56,1683.45,7.26,12.32,Zaid,Canal,Groundwater,14.01,No,107.16,South,Medium,101.9
Rice,Flowering,Silt,4.81,10.79,1.31,0.37,80.0,47.0,40.0,25.92,80.69,51.82,10.04,11.16,Rabi,Sprinkler,Rainwater,6.06,No,62.11,West,High,122.73
Maize,Harvest,Silt,7.15,48.83,0.42,2.68,76.0,48.5,20.0,22.9,26.22,1265.81,5.72,19.0,Zaid,Sprinkler,Groundwater,1.18,Yes,74.76,West,Low,23.58
Maize,Harvest,Clay,6.12,51.72,1.57,0.33,76.0,48.5,20.0,38.68,66.92,503.07,7.43,5.06,Zaid,Rainfed,Reservoir,3.46,Yes,36.24,North,Low,13.19
Rice,Sowing,Loamy,5.12,50.56,1.11,1.38,80.0,47.0,40.0,36.37,94.9,482.48,4.9,2.18,Rabi,Sprinkler,Groundwater,6.69,No,45.73,Central,Low,24.05
Maize,Flowering,Loamy,6.45,56.3,1.27,1.99,76.0,48.5,20.0,15.61,41.62,749.37,6.67,10.85,Rabi,Rainfed,Reservoir,9.78,Yes,52.53,East,Low,24.35
Cotton,Flowering,Loamy,5.24,54.54,1.6,2.07,117.0,46.0,19.0,17.43,45.91,1031.93,7.93,3.53,Zaid,Rainfed,Groundwater,14.8,Yes,42.22,West,Low,20.34
Rice,Flowering,Sandy,7.72,27.77,1.07,3.39,80.0,47.0,40.0,27.92,92.32,1553.56,4.13,4.64,Rabi,Canal,Groundwater,8.11,No,105.19,North,Low,72.25
Maize,Sowing,Clay,7.94,47.35,0.67,1.43,76.0,48.5,20.0,33.36,34.89,216.43,4.93,19.33,Zaid,Canal,Reservoir,7.47,No,118.59,South,Medium,112.88
Cotton,Harvest,Clay,5.73,39.37,0.76,2.11,117.0,46.0,19.0,34.61,82.61,515.05,7.36,16.04,Kharif,Rainfed,Rainwater,9.77,Yes,115.34,East,Low,45.0
Cotton,Sowing,Silt,6.67,43.36,1.06,1.41,117.0,46.0,19.0,37.28,55.83,1021.29,7.58,10.51,Kharif,Canal,Rainwater,8.24,No,56.68,East,Low,30.88
Maize,Flowering,Silt,5.25,56.84,0.46,2.09,76.0,48.5,20.0,30.41,77.58,1673.25,10.84,12.45,Zaid,Sprinkler,River,1.83,Yes,76.92,South,Medium,58.92
Rice,Sowing,Loamy,4.97,42.75,0.87,0.8,80.0,47.0,40.0,37.87,94.56,1013.21,10.29,9.36,Zaid,Sprinkler,Reservoir,11.42,No,94.68,Central,Low,52.15
Maize,Sowing,Loamy,7.16,59.74,1.36,1.82,76.0,48.5,20.0,39.01,63.8,849.23,9.08,19.52,Kharif,Drip,Reservoir,6.21,No,98.2,South,Low,45.98
Rice,Vegetative,Clay,7.63,41.19,0.71,3.11,80.0,47.0,40.0,12.95,38.66,2124.46,6.27,3.9,Zaid,Canal,Rainwater,8.23,Yes,40.03,North,Low,17.84
Maize,Sowing,Silt,7.11,60.07,0.94,2.65,76.0,48.5,20.0,12.14,91.06,1667.55,8.83,6.2,Rabi,Canal,Reservoir,1.25,Yes,8.88,West,Low,3.27
Rice,Sowing,Sandy,7.91,64.17,0.43,1.66,80.0,47.0,40.0,28.37,71.21,1111.53,5.02,17.89,Zaid,Sprinkler,River,3.22,No,115.27,South,Low,46.53
Rice,Vegetative,Loamy,7.68,32.43,1.38,2.88,80.0,47.0,40.0,22.97,43.63,2323.51,5.17,1.97,Kharif,Canal,Rainwater,5.0,Yes,40.04,West,Low,20.98
Maize,Flowering,Loamy,6.66,53.99,1.28,2.87,76.0,48.5,20.0,12.27,65.99,937.6,10.47,8.1,Rabi,Rainfed,Reservoir,8.58,No,54.68,West,Low,25.8
Rice,Vegetative,Silt,7.78,33.91,1.26,2.66,80.0,47.0,40.0,23.51,38.61,1276.71,5.18,10.27,Kharif,Rainfed,Rainwater,8.97,Yes,98.1,North,Low,51.05
Rice,Flowering,Loamy,5.68,60.27,1.46,2.13,80.0,47.0,40.0,21.74,94.56,1970.72,7.2,1.8,Kharif,Canal,River,8.7,Yes,88.2,South,Low,41.8
Cotton,Vegetative,Clay,7.36,46.95,0.89,1.19,117.0,46.0,19.0,30.44,40.69,1920.0,6.72,17.56,Zaid,Drip,River,12.44,No,72.07,South,Medium,50.9
Rice,Flowering,Silt,5.12,21.84,1.42,0.7,80.0,47.0,40.0,28.21,85.88,1930.94,6.31,12.57,Kharif,Sprinkler,Reservoir,6.75,Yes,104.23,North,Medium,107.54
Rice,Vegetative,Silt,5.89,42.65,0.43,0.54,80.0,47.0,40.0,18.26,30.47,923.39,6.31,3.51,Rabi,Sprinkler,Groundwater,5.07,Yes,81.79,North,Low,37.26
Cotton,Harvest,Clay,6.92,64.29,1.01,3.28,117.0,46.0,19.0,15.29,86.04,1801.15,7.78,11.74,Rabi,Drip,Groundwater,6.32,No,92.51,West,Low,22.8
Rice,Harvest,Silt,6.32,19.42,0.91,0.73,80.0,47.0,40.0,28.47,41.09,1353.15,4.99,19.58,Zaid,Canal,Rainwater,7.19,No,108.19,Central,Medium,66.21
Cotton,Vegetative,Silt,6.39,62.31,1.08,1.35,117.0,46.0,19.0,20.19,28.69,1984.01,10.49,0.82,Kharif,Rainfed,Groundwater,6.15,No,80.81,East,Low,30.69
Rice,Harvest,Sandy,4.81,31.97,0.79,2.88,80.0,47.0,40.0,20.06,59.25,2302.08,10.81,6.62,Zaid,Rainfed,Groundwater,3.16,No,25.74,West,Low,9.2
Rice,Vegetative,Clay,6.8,60.47,1.17,0.85,80.0,47.0,40.0,37.19,33.52,2293.37,8.95,3.81,Rabi,Sprinkler,Rainwater,7.79,No,50.77,Central,Medium,33.15
Cotton,Sowing,Loamy,5.4,30.35,1.37,2.73,117.0,46.0,19.0,25.9,80.61,222.39,5.48,7.19,Kharif,Canal,Rainwater,5.5,No,40.59,West,Low,29.22
Cotton,Flowering,Silt,5.33,29.79,1.07,2.2,117.0,46.0,19.0,30.73,55.76,675.85,5.06,14.31,Kharif,Canal,Groundwater,11.47,No,84.92,West,Medium,84.19
Rice,Flowering,Sandy,8.06,31.61,1.12,2.45,80.0,47.0,40.0,36.55,92.18,649.37,5.99,1.92,Zaid,Sprinkler,Reservoir,13.85,Yes,28.86,North,Low,20.81
Rice,Vegetative,Clay,4.93,27.84,0.75,2.34,80.0,47.0,40.0,27.55,32.78,891.96,6.54,15.21,Rabi,Drip,River,10.93,No,51.54,South,Medium,41.97
Rice,Flowering,Silt,4.82,34.11,1.03,3.08,80.0,47.0,40.0,40.19,41.11,2146.1,8.24,13.59,Rabi,Sprinkler,Groundwater,2.53,No,19.43,East,Medium,20.2
Maize,Flowering,Silt,7.02,51.58,0.33,3.32,76.0,48.5,20.0,13.7,90.1,1193.94,5.76,18.24,Kharif,Rainfed,Rainwater,13.07,Yes,54.12,West,Low,26.17
Maize,Flowering,Silt,5.07,8.37,0.31,3.15,76.0,48.5,20.0,40.43,90.64,2444.55,10.11,6.76,Kharif,Canal,Reservoir,13.62,Yes,41.64,South,Medium,48.56
Cotton,Sowing,Clay,5.62,35.19,0.59,0.9,117.0,46.0,19.0,31.77,64.07,2042.1,8.48,17.97,Zaid,Drip,Groundwater,14.33,Yes,80.28,South,Low,44.78
Rice,Sowing,Clay,7.96,35.02,0.81,0.9,80.0,47.0,40.0,31.06,67.5,1152.88,10.01,17.74,Kharif,Sprinkler,River,3.98,Yes,53.79,West,Low,29.85
Maize,Harvest,Clay,8.06,63.9,0.37,1.72,76.0,48.5,20.0,14.1,35.04,368.2,5.11,19.46,Kharif,Rainfed,Rainwater,11.86,No,87.14,North,Low,24.97
Maize,Sowing,Sandy,7.68,10.14,1.1,1.16,76.0,48.5,20.0,19.44,43.46,660.54,9.19,3.54,Rabi,Rainfed,River,8.94,Yes,29.93,Central,Low,16.72
Maize,Sowing,Silt,5.52,29.35,1.22,3.23,76.0,48.5,20.0,40.12,26.96,264.47,4.9,4.91,Kharif,Sprinkler,River,14.72,Yes,79.22,West,Low,63.38
Cotton,Harvest,Clay,5.05,53.44,1.41,1.98,117.0,46.0,19.0,24.68,92.76,1958.38,8.95,5.13,Kharif,Rainfed,Rainwater,8.28,Yes,47.56,East,Low,14.58
Rice,Sowing,Silt,6.16,50.44,0.44,1.4,80.0,47.0,40.0,27.97,57.56,1899.19,10.65,14.37,Kharif,Rainfed,Reservoir,9.67,No,111.67,Central,Low,52.09
Rice,Harvest,Clay,7.71,35.7,0.33,1.73,80.0,47.0,40.0,40.25,45.92,1981.39,8.7,17.97,Zaid,Sprinkler,Rainwater,14.71,Yes,107.76,Central,Low,45.11
Maize,Sowing,Clay,6.29,24.88,0.37,2.45,76.0,48.5,20.0,22.12,88.59,849.3,5.49,3.55,Zaid,Sprinkler,Rainwater,7.0,No,24.25,South,Low,13.41
Maize,Harvest,Sandy,7.35,37.65,0.37,1.39,76.0,48.5,20.0,37.56,70.5,698.99,9.86,14.67,Rabi,Rainfed,Rainwater,2.11,Yes,19.33,East,Low,7.79
Rice,Sowing,Silt,6.32,53.44,1.39,0.94,80.0,47.0,40.0,14.89,66.82,1093.6,4.1,5.31,Kharif,Sprinkler,Rainwater,7.64,No,54.65,South,Low,21.61
Maize,Vegetative,Loamy,5.85,63.19,1.54,1.53,76.0,48.5,20.0,40.66,85.68,142.33,10.76,6.88,Kharif,Sprinkler,Reservoir,11.54,No,54.45,Central,Medium,49.2
Rice,Harvest,Clay,7.37,46.83,1.11,1.51,80.0,47.0,40.0,18.37,92.05,493.24,8.99,9.43,Kharif,Canal,Reservoir,3.85,Yes,3.73,North,Low,1.18
Cotton,Vegetative,Clay,7.78,61.73,1.34,2.5,117.0,46.0,19.0,14.38,42.45,393.95,5.82,9.41,Rabi,Drip,Reservoir,10.49,No,68.49,South,Low,28.08
Cotton,Harvest,Loamy,5.61,37.74,0.65,0.75,117.0,46.0,19.0,18.64,78.19,2022.3,6.78,16.07,Rabi,Canal,Groundwater,7.18,No,74.15,Central,Low,24.83
Maize,Flowering,Clay,7.69,17.21,1.15,0.16,76.0,48.5,20.0,14.45,26.35,725.55,10.33,18.66,Zaid,Rainfed,Groundwater,14.79,Yes,18.55,West,Medium,16.93
Cotton,Vegetative,Silt,6.69,29.9,0.81,1.2,117.0,46.0,19.0,40.65,29.48,192.19,6.72,11.21,Rabi,Rainfed,Reservoir,13.28,Yes,101.7,Central,Medium,122.47
Rice,Flowering,Loamy,5.5,41.35,0.48,0.61,80.0,47.0,40.0,34.0,85.16,2390.86,6.02,6.14,Kharif,Drip,Reservoir,8.68,No,107.44,Central,Medium,99.25
Cotton,Vegetative,Clay,6.02,44.22,1.32,3.16,117.0,46.0,19.0,34.3,72.5,1120.19,10.09,14.19,Kharif,Drip,River,12.92,No,110.46,South,Medium,83.01
Cotton,Vegetative,Silt,7.67,48.7,1.18,2.44,117.0,46.0,19.0,30.34,47.32,1260.28,5.71,13.26,Zaid,Drip,Groundwater,9.09,Yes,94.3,West,Medium,65.41
Maize,Vegetative,Loamy,7.27,49.47,1.47,0.49,76.0,48.5,20.0,31.0,84.31,2154.16,6.13,14.94,Rabi,Sprinkler,Reservoir,10.38,Yes,63.66,East,Medium,44.09
Rice,Flowering,Silt,5.12,16.19,0.83,3.2,80.0,47.0,40.0,32.43,91.73,1681.45,5.73,15.62,Rabi,Sprinkler,Groundwater,5.33,Yes,90.75,South,Medium,98.86
Maize,Sowing,Silt,8.14,17.28,1.48,3.24,76.0,48.5,20.0,21.6,54.6,450.38,4.47,19.53,Kharif,Canal,Rainwater,6.92,Yes,33.62,West,Low,20.68
Rice,Sowing,Clay,5.34,12.33,0.96,3.48,80.0,47.0,40.0,30.08,89.12,1462.02,10.12,5.23,Kharif,Canal,Groundwater,10.31,Yes,63.63,West,Low,39.55
Rice,Sowing,Sandy,5.74,53.69,1.18,3.06,80.0,47.0,40.0,15.8,43.66,1548.52,8.74,8.19,Rabi,Drip,River,8.98,Yes,50.44,Central,Low,20.07
Cotton,Flowering,Silt,5.92,21.31,0.84,1.51,117.0,46.0,19.0,34.3,30.01,676.73,6.12,15.45,Zaid,Rainfed,Reservoir,8.64,Yes,117.3,West,Medium,128.69
Cotton,Vegetative,Clay,7.01,34.7,1.14,2.68,117.0,46.0,19.0,22.38,39.12,2437.46,5.17,11.04,Kharif,Sprinkler,River,8.39,Yes,91.67,West,Low,46.83
Cotton,Vegetative,Sandy,6.53,19.98,0.57,0.92,117.0,46.0,19.0,38.1,73.35,572.88,6.88,14.87,Kharif,Sprinkler,Groundwater,14.8,Yes,7.25,South,Medium,6.93
Rice,Sowing,Silt,7.56,24.19,0.35,1.45,80.0,47.0,40.0,34.13,30.23,1884.78,4.62,5.36,Zaid,Rainfed,Rainwater,12.26,No,34.45,North,Medium,30.74
Maize,Flowering,Silt,6.29,60.47,1.07,0.48,76.0,48.5,20.0,17.8,78.3,91.38,6.99,16.08,Kharif,Drip,Groundwater,9.57,Yes,57.04,Central,Medium,53.4
Cotton,Harvest,Silt,6.72,41.46,0.33,1.8,117.0,46.0,19.0,31.07,53.53,2469.32,4.23,19.79,Kharif,Drip,Groundwater,12.42,No,9.05,East,Low,3.32
Rice,Sowing,Clay,7.5,29.57,0.9,2.06,80.0,47.0,40.0,38.06,78.74,1003.01,7.97,14.96,Rabi,Canal,Groundwater,6.18,No,112.62,East,Low,69.77
Cotton,Harvest,Loamy,7.96,48.94,0.37,0.77,117.0,46.0,19.0,20.25,34.64,1332.16,4.54,8.67,Kharif,Canal,Reservoir,12.91,Yes,116.44,North,Low,35.7
Cotton,Vegetative,Silt,6.26,23.67,0.97,2.34,117.0,46.0,19.0,22.39,88.16,2056.83,4.88,6.8,Zaid,Rainfed,Reservoir,8.72,No,40.64,East,Medium,32.5
Maize,Harvest,Silt,5.93,52.97,1.36,2.98,76.0,48.5,20.0,27.62,76.86,89.52,9.09,16.01,Rabi,Drip,Rainwater,10.29,No,33.6,South,Medium,22.02
Rice,Harvest,Loamy,7.74,60.48,0.75,1.97,80.0,47.0,40.0,30.02,30.8,2351.41,10.04,4.05,Rabi,Canal,Rainwater,13.61,Yes,109.08,North,Low,32.66
Maize,Vegetative,Silt,5.9,17.19,1.16,2.5,76.0,48.5,20.0,34.76,89.33,1426.04,9.88,7.43,Rabi,Sprinkler,River,9.59,No,73.11,North,Medium,67.81
Rice,Vegetative,Loamy,6.21,57.04,0.61,1.29,80.0,47.0,40.0,41.09,77.19,1376.61,10.15,5.52,Rabi,Canal,Groundwater,11.04,Yes,94.7,East,Low,46.06
Maize,Sowing,Clay,5.31,19.32,1.0,2.58,76.0,48.5,20.0,34.14,86.94,46.1,8.67,11.39,Rabi,Sprinkler,River,2.93,Yes,67.28,West,Medium,92.52
Cotton,Sowing,Silt,7.78,26.61,0.93,0.91,117.0,46.0,19.0,27.24,67.84,715.1,6.1,4.46,Rabi,Sprinkler,River,2.28,Yes,119.3,East,Low,68.48
Rice,Sowing,Silt,4.88,56.35,0.39,2.87,80.0,47.0,40.0,32.61,61.87,1749.88,4.19,5.25,Zaid,Sprinkler,River,5.31,No,40.43,North,Low,18.54
Maize,Harvest,Sandy,6.78,58.86,1.4,0.75,76.0,48.5,20.0,33.65,69.33,970.23,10.1,8.94,Zaid,Drip,Reservoir,7.13,Yes,88.81,West,Low,28.01
Rice,Flowering,Loamy,6.93,43.17,1.58,1.06,80.0,47.0,40.0,38.17,63.78,785.6,7.62,5.27,Rabi,Sprinkler,Rainwater,6.93,No,30.96,East,Medium,29.2
Cotton,Vegetative,Silt,5.52,26.56,0.79,2.81,117.0,46.0,19.0,28.95,37.63,1705.6,6.99,12.23,Kharif,Rainfed,Rainwater,5.29,No,102.12,West,Medium,85.17
Maize,Flowering,Clay,5.73,31.75,1.23,2.99,76.0,48.5,20.0,33.55,90.65,1311.77,5.22,5.96,Kharif,Drip,Groundwater,6.74,Yes,49.84,South,Low,34.93
Rice,Harvest,Loamy,7.69,23.35,1.22,2.74,80.0,47.0,40.0,22.29,53.61,1810.65,6.24,13.76,Zaid,Sprinkler,Rainwater,12.26,Yes,8.26,Central,Low,3.24
Rice,Flowering,Loamy,6.9,57.14,1.13,3.31,80.0,47.0,40.0,37.62,31.89,613.34,10.5,2.15,Zaid,Sprinkler,Rainwater,8.73,No,20.14,Central,Medium,16.43
Cotton,Flowering,Silt,7.33,48.97,0.93,2.59,117.0,46.0,19.0,39.41,65.01,1002.22,9.6,1.72,Zaid,Canal,River,9.24,Yes,114.73,East,Low,72.41
Maize,Sowing,Silt,7.51,49.14,0.35,1.95,76.0,48.5,20.0,27.82,37.22,1384.5,6.19,11.58,Zaid,Drip,Groundwater,13.99,Yes,70.61,West,Low,33.32
Rice,Harvest,Loamy,5.83,12.69,0.38,0.14,80.0,47.0,40.0,13.37,75.56,362.49,6.32,0.92,Rabi,Drip,Reservoir,13.85,Yes,91.43,West,Low,39.75
Maize,Sowing,Silt,7.38,11.59,0.5,2.29,76.0,48.5,20.0,23.41,68.01,1326.15,7.91,16.76,Rabi,Drip,River,4.07,Yes,70.23,South,Low,40.88
Rice,Flowering,Loamy,6.25,45.23,0.75,0.77,80.0,47.0,40.0,13.22,59.18,1471.25,8.81,17.75,Rabi,Sprinkler,River,12.51,Yes,39.18,North,Low,20.17
Cotton,Harvest,Clay,5.18,29.18,0.37,1.27,117.0,46.0,19.0,35.16,87.03,2433.06,9.32,13.9,Rabi,Drip,River,6.03,Yes,2.78,South,Low,1.18
Maize,Harvest,Loamy,8.19,60.85,1.5,2.68,76.0,48.5,20.0,32.94,45.88,2174.42,5.03,2.5,Rabi,Sprinkler,Rainwater,11.27,Yes,87.4,South,Low,26.79
Rice,Sowing,Clay,5.06,63.54,1.34,0.99,80.0,47.0,40.0,25.66,69.94,916.39,8.55,5.46,Zaid,Sprinkler,Reservoir,3.42,Yes,66.7,Central,Low,26.41
Rice,Harvest,Clay,7.38,54.31,0.75,0.37,80.0,47.0,40.0,14.13,26.35,1875.14,10.78,10.02,Zaid,Canal,River,12.48,Yes,113.07,Central,Low,31.01
Rice,Harvest,Clay,8.11,52.35,0.86,0.19,80.0,47.0,40.0,37.51,64.75,1924.41,10.36,17.87,Rabi,Canal,Reservoir,6.49,Yes,81.86,South,Low,28.64
Cotton,Flowering,Sandy,7.94,12.65,1.42,2.83,117.0,46.0,19.0,29.94,61.95,1505.38,5.85,11.29,Rabi,Drip,Rainwater,4.24,Yes,109.83,North,Medium,116.87
Cotton,Flowering,Silt,5.72,21.26,0.58,0.24,117.0,46.0,19.0,14.43,83.55,1598.5,10.77,13.7,Kharif,Sprinkler,Groundwater,5.62,No,24.4,West,Medium,22.05
Cotton,Sowing,Loamy,8.16,62.85,0.43,2.49,117.0,46.0,19.0,39.4,47.12,1898.22,9.37,10.14,Rabi,Sprinkler,Rainwater,2.39,Yes,107.49,West,Low,48.76
Cotton,Flowering,Sandy,7.08,36.54,1.1,2.33,117.0,46.0,19.0,15.54,51.98,1998.72,4.35,3.68,Zaid,Drip,Reservoir,0.52,Yes,19.39,South,Low,10.88
Maize,Harvest,Sandy,6.89,55.88,0.4,0.36,76.0,48.5,20.0,37.71,87.1,962.65,5.64,1.05,Kharif,Drip,Reservoir,14.82,No,4.48,South,Low,1.51
Maize,Flowering,Silt,7.39,19.97,1.03,1.72,76.0,48.5,20.0,33.33,82.57,849.51,10.23,17.71,Zaid,Sprinkler,Rainwater,2.76,No,18.83,East,High,26.89
Maize,Vegetative,Clay,6.84,37.0,1.2,3.5,76.0,48.5,20.0,23.07,33.91,156.56,10.96,19.92,Kharif,Rainfed,Reservoir,13.78,Yes,91.19,South,Medium,90.51
Cotton,Flowering,Clay,7.08,17.07,0.66,1.28,117.0,46.0,19.0,23.31,81.75,304.01,6.96,14.95,Rabi,Sprinkler,Rainwater,8.24,Yes,40.84,West,Medium,49.94
Cotton,Vegetative,Clay,5.4,55.32,1.27,3.21,117.0,46.0,19.0,14.79,29.35,862.25,5.39,1.91,Rabi,Rainfed,River,0.86,No,12.59,Central,Low,4.88
Maize,Harvest,Sandy,4.9,24.58,1.59,0.37,76.0,48.5,20.0,20.11,43.22,2316.41,7.64,5.48,Kharif,Rainfed,Groundwater,11.98,Yes,21.42,West,Low,8.14
Rice,Sowing,Silt,4.85,42.29,0.33,3.35,80.0,47.0,40.0,37.99,79.08,255.03,10.89,17.42,Zaid,Canal,Groundwater,3.28,Yes,1.61,West,Medium,1.63
Rice,Sowing,Sandy,7.09,17.41,1.55,3.28,80.0,47.0,40.0,29.58,66.83,411.89,6.74,11.58,Zaid,Drip,Rainwater,5.42,No,106.06,East,Medium,104.6
Cotton,Sowing,Loamy,6.83,64.85,0.92,2.62,117.0,46.0,19.0,12.02,44.64,2394.87,5.57,12.39,Zaid,Rainfed,Rainwater,6.14,Yes,66.02,South,Low,23.02
Cotton,Vegetative,Sandy,5.8,30.35,1.56,2.43,117.0,46.0,19.0,26.16,35.54,10.81,4.72,1.79,Rabi,Canal,River,9.57,No,96.1,Central,Medium,115.48
Maize,Sowing,Silt,4.85,49.22,0.84,1.59,76.0,48.5,20.0,19.97,60.26,582.13,4.36,19.56,Zaid,Canal,Groundwater,7.61,No,104.58,North,Low,45.54
Maize,Harvest,Sandy,5.06,40.63,0.58,0.91,76.0,48.5,20.0,22.09,32.25,1689.86,9.75,6.39,Rabi,Rainfed,Groundwater,3.55,No,62.36,North,Low,21.09
Cotton,Flowering,Clay,6.13,35.74,0.97,2.41,117.0,46.0,19.0,29.96,88.75,2133.81,10.62,14.43,Kharif,Canal,Rainwater,7.21,No,39.96,Central,Medium,37.38
Rice,Flowering,Silt,5.32,47.79,1.14,2.17,80.0,47.0,40.0,38.23,55.97,2483.89,9.41,12.82,Zaid,Rainfed,Reservoir,7.85,Yes,19.24,South,Medium,17.37
Rice,Sowing,Silt,6.08,30.56,0.9,2.57,80.0,47.0,40.0,17.45,86.11,433.15,9.31,1.15,Zaid,Sprinkler,River,8.39,No,29.81,South,Low,16.39
Cotton,Vegetative,Clay,6.66,35.87,0.84,3.46,117.0,46.0,19.0,13.47,85.01,2229.63,8.49,6.44,Zaid,Sprinkler,Reservoir,4.57,Yes,90.58,East,Low,42.33
Cotton,Vegetative,Silt,5.59,37.75,0.98,0.33,117.0,46.0,19.0,21.8,86.88,81.25,8.7,5.36,Rabi,Drip,Groundwater,14.47,No,37.92,East,Medium,38.97
Maize,Sowing,Clay,5.97,19.51,1.54,0.37,76.0,48.5,20.0,18.57,28.73,1833.3,5.8,1.64,Rabi,Rainfed,Reservoir,13.92,Yes,105.75,West,Low,58.53
Cotton,Vegetative,Clay,7.73,20.97,0.63,2.3,117.0,46.0,19.0,17.34,40.86,1722.05,5.02,12.59,Zaid,Sprinkler,Groundwater,7.81,No,79.84,West,Medium,61.83
Maize,Flowering,Silt,7.36,31.33,1.29,1.21,76.0,48.5,20.0,29.36,94.25,1312.25,6.05,4.42,Rabi,Drip,Rainwater,3.74,No,31.29,South,Low,21.16
Maize,Vegetative,Loamy,6.68,16.83,0.74,2.69,76.0,48.5,20.0,16.94,79.49,1567.78,8.13,9.6,Zaid,Drip,Reservoir,12.55,Yes,5.12,West,Medium,3.98
Maize,Sowing,Clay,6.04,25.54,0.37,0.17,76.0,48.5,20.0,24.4,89.92,1578.11,8.93,19.13,Zaid,Drip,Rainwater,12.65,No,1.72,West,Low,0.97
Maize,Sowing,Clay,7.79,35.89,0.73,2.31,76.0,48.5,20.0,13.24,45.46,1661.41,8.08,14.16,Rabi,Rainfed,Groundwater,6.15,Yes,39.76,North,Low,18.58
Rice,Harvest,Silt,4.93,20.8,0.42,0.93,80.0,47.0,40.0,36.78,54.17,1420.87,4.35,4.32,Zaid,Drip,Reservoir,5.52,Yes,115.6,East,Low,53.17
Maize,Harvest,Sandy,7.06,52.42,1.16,0.87,76.0,48.5,20.0,20.34,89.14,1940.06,9.34,11.3,Rabi,Sprinkler,Reservoir,7.34,No,75.16,North,Low,22.27
Rice,Sowing,Silt,7.12,44.54,0.8,1.72,80.0,47.0,40.0,30.42,89.91,1969.84,10.16,17.49,Kharif,Canal,Rainwater,11.77,No,16.71,Central,Low,8.45
Rice,Harvest,Sandy,6.45,57.34,0.68,2.0,80.0,47.0,40.0,32.77,44.54,1864.43,10.53,5.56,Rabi,Drip,Groundwater,13.52,Yes,84.08,South,Low,26.74
Rice,Vegetative,Sandy,5.74,61.05,1.11,2.44,80.0,47.0,40.0,37.33,37.64,918.67,4.55,6.71,Rabi,Sprinkler,Groundwater,11.37,Yes,103.79,Central,Low,47.19
Rice,Harvest,Sandy,6.67,27.4,1.14,2.19,80.0,47.0,40.0,17.22,61.95,728.66,10.93,16.27,Zaid,Drip,River,1.77,No,0.33,East,Low,0.12
Cotton,Sowing,Sandy,7.23,29.13,0.81,3.02,117.0,46.0,19.0,15.67,52.99,2016.33,4.52,16.65,Rabi,Drip,Groundwater,6.86,No,3.9,West,Low,1.94
Cotton,Vegetative,Sandy,7.19,31.22,0.9,0.9,117.0,46.0,19.0,22.07,41.79,767.81,9.13,7.48,Zaid,Canal,River,9.37,Yes,15.5,East,Low,8.13
Maize,Flowering,Silt,6.89,32.69,1.5,0.17,76.0,48.5,20.0,37.16,62.46,737.35,8.91,14.06,Zaid,Sprinkler,Groundwater,13.19,Yes,36.5,East,Medium,37.46
Rice,Harvest,Loamy,5.59,18.54,0.42,3.06,80.0,47.0,40.0,22.68,75.88,608.34,7.15,1.52,Rabi,Sprinkler,Reservoir,2.56,Yes,5.36,East,Low,2.17
Maize,Sowing,Silt,8.0,21.13,0.89,2.17,76.0,48.5,20.0,33.43,58.71,2337.26,6.44,2.75,Zaid,Canal,Groundwater,0.52,Yes,40.14,North,Low,25.52
Rice,Vegetative,Silt,6.8,23.02,1.08,2.94,80.0,47.0,40.0,24.16,39.16,864.83,8.0,0.86,Kharif,Drip,Groundwater,1.18,No,24.3,North,Medium,19.89
Cotton,Flowering,Clay,5.86,21.12,0.83,1.7,117.0,46.0,19.0,34.79,63.32,1356.0,7.0,1.81,Zaid,Drip,Groundwater,11.2,Yes,97.57,South,Medium,107.69
Maize,Sowing,Silt,6.33,45.53,0.81,2.78,76.0,48.5,20.0,31.21,66.77,1022.93,5.97,1.65,Kharif,Rainfed,River,11.48,Yes,18.47,Central,Low,9.32
Maize,Flowering,Silt,5.8,43.63,0.68,3.33,76.0,48.5,20.0,33.11,41.97,1409.24,9.95,16.04,Zaid,Drip,River,7.51,Yes,69.45,Central,Medium,62.29
Maize,Sowing,Clay,7.49,12.66,0.84,2.59,76.0,48.5,20.0,40.0,44.01,81.6,9.78,9.4,Zaid,Drip,Groundwater,4.5,No,16.58,South,Medium,23.44
Rice,Vegetative,Loamy,5.24,15.18,1.46,1.5,80.0,47.0,40.0,33.53,43.39,1137.3,9.76,18.17,Rabi,Drip,Groundwater,9.9,Yes,14.75,Central,Medium,13.53
Rice,Sowing,Silt,7.39,55.64,0.56,0.8,80.0,47.0,40.0,41.68,86.88,1376.6,8.1,9.47,Zaid,Canal,Groundwater,1.8,Yes,0.37,East,Low,0.18
Maize,Harvest,Loamy,7.85,30.29,1.47,0.85,76.0,48.5,20.0,27.15,43.63,1537.9,9.95,16.7,Kharif,Rainfed,Reservoir,7.15,No,31.78,North,Low,12.38
Maize,Vegetative,Clay,5.59,37.8,0.42,1.17,76.0,48.5,20.0,26.7,67.74,1122.14,8.07,14.05,Zaid,Sprinkler,Groundwater,8.16,Yes,87.8,West,Low,45.58
Maize,Sowing,Sandy,6.9,35.42,0.64,1.97,76.0,48.5,20.0,20.85,76.48,56.32,8.02,11.69,Kharif,Rainfed,Rainwater,0.46,No,83.26,West,Medium,88.01
Cotton,Vegetative,Loamy,8.17,15.85,0.96,2.47,117.0,46.0,19.0,24.06,92.81,896.21,7.04,9.81,Kharif,Sprinkler,Reservoir,4.63,No,100.26,East,Medium,83.92
Maize,Sowing,Loamy,6.96,58.15,1.06,2.44,76.0,48.5,20.0,17.09,57.05,1955.43,4.92,5.8,Zaid,Canal,River,7.78,No,37.14,South,Low,14.29
Cotton,Vegetative,Silt,6.31,61.82,1.46,0.3,117.0,46.0,19.0,34.97,35.18,1939.72,9.8,18.62,Kharif,Rainfed,Groundwater,11.81,No,88.81,North,Medium,55.98
Rice,Vegetative,Sandy,6.47,11.34,0.42,1.72,80.0,47.0,40.0,23.86,80.33,2113.21,7.25,7.71,Kharif,Drip,Rainwater,13.39,Yes,86.37,South,Medium,72.15
Maize,Harvest,Clay,5.92,61.99,0.58,3.33,76.0,48.5,20.0,34.53,32.34,375.6,5.47,5.46,Rabi,Sprinkler,Reservoir,13.94,Yes,37.1,Central,Low,13.14
Rice,Sowing,Loamy,5.05,50.3,1.21,1.09,80.0,47.0,40.0,33.64,44.62,1630.59,10.81,10.3,Rabi,Canal,Reservoir,10.35,Yes,100.6,North,Low,49.58
Maize,Vegetative,Sandy,5.47,11.11,0.32,0.85,76.0,48.5,20.0,16.66,88.23,193.87,5.27,5.78,Rabi,Canal,Groundwater,3.75,Yes,33.7,North,Medium,34.97
Maize,Vegetative,Loamy,6.45,43.98,0.6,2.71,76.0,48.5,20.0,31.83,28.72,759.14,10.78,3.04,Rabi,Rainfed,River,6.38,Yes,108.4,East,Low,55.86
Rice,Harvest,Loamy,7.47,28.0,1.09,1.88,80.0,47.0,40.0,24.18,70.5,381.81,9.06,16.81,Rabi,Rainfed,Rainwater,6.49,Yes,17.7,South,Low,7.82
Maize,Harvest,Silt,6.45,51.83,0.95,0.57,76.0,48.5,20.0,31.67,73.67,2423.07,6.99,6.83,Kharif,Sprinkler,Rainwater,0.66,Yes,50.09,Central,Low,16.71
Maize,Flowering,Loamy,5.08,28.79,0.6,1.88,76.0,48.5,20.0,28.88,86.44,1241.17,7.56,11.17,Rabi,Sprinkler,Reservoir,6.37,No,87.87,East,Medium,86.3
Cotton,Vegetative,Clay,6.67,37.96,1.18,3.49,117.0,46.0,19.0,31.27,93.39,794.76,9.63,16.93,Kharif,Canal,Groundwater,6.53,No,40.0,East,Medium,30.96
Rice,Harvest,Clay,6.89,31.76,0.81,0.63,80.0,47.0,40.0,29.78,44.24,2496.56,9.69,12.71,Zaid,Drip,River,12.58,Yes,11.1,South,Low,4.38
Cotton,Flowering,Silt,8.12,28.57,0.78,1.79,117.0,46.0,19.0,25.81,52.81,718.47,10.79,7.35,Kharif,Sprinkler,Groundwater,7.57,No,94.64,Central,Low,63.26
Maize,Sowing,Clay,5.52,58.99,0.42,2.02,76.0,48.5,20.0,24.31,50.7,928.45,5.34,13.39,Rabi,Rainfed,Rainwater,5.48,Yes,30.79,West,Low,12.66
Rice,Flowering,Clay,6.41,16.44,0.57,1.69,80.0,47.0,40.0,21.33,76.82,423.29,4.76,3.33,Rabi,Drip,Rainwater,3.2,No,119.47,West,Medium,128.87
Rice,Vegetative,Sandy,8.09,44.24,0.56,2.44,80.0,47.0,40.0,21.16,25.6,1847.48,6.43,6.29,Kharif,Canal,River,2.91,No,87.02,North,Low,40.27
Cotton,Flowering,Clay,7.42,58.74,0.44,3.21,117.0,46.0,19.0,32.99,26.24,948.35,4.91,1.21,Rabi,Rainfed,River,1.26,Yes,104.18,Central,Low,56.06
Cotton,Flowering,Loamy,5.93,53.21,1.09,2.89,117.0,46.0,19.0,12.9,86.82,1653.26,8.58,8.55,Kharif,Sprinkler,Rainwater,11.96,Yes,89.89,North,Low,42.75
Maize,Flowering,Clay,7.95,48.42,1.55,2.48,76.0,48.5,20.0,27.22,76.96,311.22,4.97,7.02,Kharif,Canal,Groundwater,11.34,Yes,61.22,Central,Low,42.32
Cotton,Vegetative,Sandy,5.19,12.85,1.17,1.61,117.0,46.0,19.0,12.13,63.42,865.77,8.44,11.73,Kharif,Canal,Rainwater,7.96,Yes,113.08,South,Medium,86.0
Cotton,Harvest,Loamy,4.91,41.22,1.49,2.07,117.0,46.0,19.0,20.27,48.1,1093.74,8.96,10.55,Zaid,Sprinkler,Groundwater,3.05,Yes,69.55,Central,Low,22.96
Cotton,Harvest,Silt,7.45,10.47,1.1,2.03,117.0,46.0,19.0,16.55,31.6,7.32,9.2,3.52,Kharif,Sprinkler,Reservoir,2.2,Yes,109.68,West,Medium,90.93
Rice,Harvest,Sandy,7.44,43.03,1.1,2.05,80.0,47.0,40.0,13.27,63.0,921.16,8.74,0.75,Kharif,Rainfed,River,0.87,Yes,96.05,South,Low,29.45
Maize,Sowing,Sandy,6.62,47.52,1.24,2.21,76.0,48.5,20.0,27.08,62.82,687.92,7.45,8.94,Rabi,Rainfed,Groundwater,1.6,Yes,13.88,Central,Low,6.61
Rice,Sowing,Loamy,5.87,52.74,1.26,2.35,80.0,47.0,40.0,32.74,85.25,468.92,5.37,10.91,Kharif,Canal,River,0.91,No,4.56,West,Low,2.3
Cotton,Vegetative,Sandy,6.71,29.93,0.48,2.95,117.0,46.0,19.0,28.39,68.58,335.24,8.47,6.84,Zaid,Drip,Groundwater,5.09,Yes,46.8,West,Low,31.58
Cotton,Sowing,Silt,7.6,51.47,1.13,2.27,117.0,46.0,19.0,31.93,74.48,1714.38,8.74,2.99,Zaid,Sprinkler,Reservoir,8.21,Yes,2.54,East,Low,1.22
Rice,Harvest,Sandy,8.14,56.4,0.94,0.65,80.0,47.0,40.0,17.76,88.49,1152.11,9.62,12.55,Rabi,Canal,Groundwater,14.36,Yes,101.3,Central,Low,28.01
Cotton,Sowing,Sandy,6.2,41.48,0.45,3.23,117.0,46.0,19.0,25.71,72.82,1253.31,4.17,2.8,Rabi,Sprinkler,Groundwater,12.25,Yes,113.11,Central,Low,56.25
Maize,Sowing,Loamy,7.4,17.19,0.41,1.35,76.0,48.5,20.0,28.48,51.6,674.65,8.5,11.29,Kharif,Drip,Rainwater,14.37,No,56.56,North,Medium,49.46
Rice,Flowering,Silt,5.14,8.87,1.32,3.38,80.0,47.0,40.0,25.76,66.35,822.95,5.76,4.22,Kharif,Sprinkler,River,5.57,No,8.43,West,Medium,8.61
Maize,Flowering,Sandy,7.44,47.95,0.5,1.47,76.0,48.5,20.0,23.93,37.0,800.21,8.0,17.39,Rabi,Drip,River,7.75,Yes,78.53,West,Low,43.29
Maize,Sowing,Sandy,6.04,54.35,1.1,2.8,76.0,48.5,20.0,31.18,26.83,1823.72,6.02,15.35,Rabi,Rainfed,River,0.77,No,107.61,North,Low,49.73
Cotton,Vegetative,Silt,5.21,15.1,0.92,0.4,117.0,46.0,19.0,41.81,38.39,1364.09,10.42,3.32,Rabi,Canal,Groundwater,8.25,No,6.12,Central,Medium,5.95
Maize,Vegetative,Loamy,7.94,61.58,1.04,3.09,76.0,48.5,20.0,29.02,52.35,801.45,9.94,4.34,Rabi,Canal,Reservoir,3.97,No,20.04,Central,Low,8.39
Maize,Vegetative,Silt,5.06,39.08,1.08,2.13,76.0,48.5,20.0,22.45,41.93,988.66,5.8,11.15,Zaid,Rainfed,Reservoir,1.81,Yes,71.71,West,Low,35.27
Cotton,Sowing,Loamy,7.96,43.07,1.56,1.7,117.0,46.0,19.0,35.37,83.4,2218.49,8.11,13.84,Rabi,Rainfed,Reservoir,5.95,Yes,29.49,East,Low,15.84
Maize,Vegetative,Sandy,5.92,61.1,0.58,2.36,76.0,48.5,20.0,27.39,76.81,1311.14,8.58,12.6,Zaid,Canal,River,10.21,No,52.09,South,Medium,30.82
Cotton,Harvest,Clay,6.13,40.61,0.37,0.55,117.0,46.0,19.0,27.74,50.26,132.83,8.35,15.77,Zaid,Rainfed,River,2.46,Yes,61.89,Central,Low,31.06
Rice,Flowering,Silt,6.85,64.84,1.01,2.26,80.0,47.0,40.0,41.73,40.34,1715.04,6.95,11.43,Kharif,Sprinkler,Rainwater,2.98,No,33.13,North,Medium,25.31
Maize,Sowing,Loamy,6.46,39.91,0.53,2.8,76.0,48.5,20.0,28.42,62.7,751.14,9.38,3.91,Rabi,Canal,Rainwater,11.05,Yes,46.7,South,Low,24.19
Rice,Sowing,Clay,5.53,58.63,1.54,0.54,80.0,47.0,40.0,36.9,30.3,2066.24,9.88,16.82,Kharif,Canal,Reservoir,2.23,No,59.01,West,Low,27.45
Maize,Vegetative,Sandy,6.22,35.5,1.19,0.16,76.0,48.5,20.0,34.4,79.94,2451.68,4.21,14.43,Zaid,Sprinkler,Reservoir,11.29,Yes,112.99,North,Medium,92.0
Maize,Harvest,Sandy,7.4,55.89,0.63,2.78,76.0,48.5,20.0,16.16,29.14,1385.7,5.24,2.43,Zaid,Canal,River,11.41,No,9.7,Central,Low,2.65
Rice,Vegetative,Sandy,7.4,54.99,0.31,1.99,80.0,47.0,40.0,23.96,45.65,18.34,10.23,9.95,Zaid,Drip,River,3.24,No,70.81,North,Medium,65.76
Maize,Vegetative,Silt,5.79,49.16,1.23,2.87,76.0,48.5,20.0,28.12,65.11,21.95,7.0,11.5,Rabi,Drip,Reservoir,2.82,Yes,30.39,South,Medium,31.14
Cotton,Flowering,Sandy,5.08,56.73,0.91,2.22,117.0,46.0,19.0,15.74,94.46,186.25,7.82,15.71,Zaid,Rainfed,Reservoir,7.22,Yes,37.39,West,Medium,33.26
Maize,Harvest,Silt,6.25,14.54,1.25,0.2,76.0,48.5,20.0,14.62,58.12,445.34,4.9,11.04,Kharif,Canal,River,10.55,No,11.78,East,Medium,6.78
Cotton,Flowering,Clay,6.2,56.02,0.97,0.4,117.0,46.0,19.0,40.77,67.12,1894.62,8.19,5.15,Kharif,Rainfed,Reservoir,9.25,No,2.58,Central,Medium,2.17
Rice,Sowing,Loamy,6.4,15.26,1.22,2.69,80.0,47.0,40.0,30.62,73.27,2124.92,10.5,18.32,Rabi,Drip,River,12.25,No,43.09,North,Medium,38.46
Rice,Flowering,Clay,7.83,17.08,0.99,2.11,80.0,47.0,40.0,22.02,61.57,2199.58,4.97,9.03,Kharif,Rainfed,Reservoir,2.76,No,30.82,North,Medium,30.32
Cotton,Sowing,Loamy,6.84,48.52,0.89,0.46,117.0,46.0,19.0,28.08,68.31,1971.27,5.63,5.7,Kharif,Rainfed,River,9.05,No,68.02,South,Low,32.37
Rice,Sowing,Clay,5.13,19.62,0.53,2.37,80.0,47.0,40.0,36.62,88.06,1654.78,6.24,11.29,Zaid,Canal,Groundwater,9.33,No,92.53,Central,Medium,87.27
Cotton,Vegetative,Sandy,6.1,56.27,0.59,1.73,117.0,46.0,19.0,12.57,63.56,466.78,5.45,3.79,Zaid,Sprinkler,River,3.91,Yes,68.62,North,Low,27.91
Rice,Harvest,Loamy,6.8,53.2,0.31,2.01,80.0,47.0,40.0,18.88,48.66,2405.91,10.15,11.45,Zaid,Drip,Reservoir,1.71,Yes,37.75,West,Low,10.93
Maize,Vegetative,Loamy,7.9,29.74,1.2,1.37,76.0,48.5,20.0,34.59,77.74,702.44,6.98,14.19,Kharif,Sprinkler,River,6.24,No,86.25,North,Medium,73.89
Rice,Sowing,Sandy,5.39,63.56,0.8,0.7,80.0,47.0,40.0,15.17,45.85,1083.86,10.72,14.69,Kharif,Drip,Rainwater,7.43,No,88.68,South,Low,31.45
Cotton,Harvest,Clay,5.99,15.0,1.42,2.38,117.0,46.0,19.0,21.89,69.22,2393.44,5.48,9.65,Rabi,Sprinkler,Groundwater,2.81,Yes,5.76,Central,Low,2.31
Rice,Vegetative,Sandy,5.87,37.3,1.47,2.61,80.0,47.0,40.0,35.08,94.19,808.85,8.42,6.8,Rabi,Canal,River,13.01,No,111.0,South,Medium,89.51
Cotton,Sowing,Silt,6.23,49.17,0.47,0.69,117.0,46.0,19.0,37.75,78.26,1248.7,8.64,14.09,Zaid,Canal,River,11.98,Yes,24.2,West,Low,12.52
Maize,Flowering,Loamy,6.27,34.82,1.24,2.01,76.0,48.5,20.0,36.63,87.3,750.3,7.81,3.03,Zaid,Rainfed,Rainwater,5.11,No,71.04,South,Medium,71.25
Maize,Flowering,Silt,8.1,63.87,0.65,1.6,76.0,48.5,20.0,20.68,29.68,1747.48,8.64,6.61,Zaid,Rainfed,Groundwater,13.95,No,96.1,South,Low,43.24
Cotton,Harvest,Clay,5.48,40.81,0.78,1.18,117.0,46.0,19.0,41.62,62.77,476.19,10.21,0.74,Zaid,Sprinkler,Groundwater,7.09,No,87.63,North,Low,36.8
Cotton,Sowing,Silt,7.46,43.06,1.09,0.96,117.0,46.0,19.0,18.05,30.24,1225.05,6.77,5.7,Kharif,Rainfed,Groundwater,14.13,No,111.96,East,Low,50.69
Rice,Flowering,Sandy,7.9,8.97,1.4,2.51,80.0,47.0,40.0,15.11,50.85,823.21,4.13,9.29,Zaid,Canal,Reservoir,8.67,No,92.03,Central,Medium,84.09
Maize,Flowering,Sandy,5.46,59.31,1.08,2.89,76.0,48.5,20.0,14.09,62.62,1112.66,10.56,11.68,Zaid,Drip,Groundwater,1.5,Yes,40.78,West,Low,18.17
Cotton,Harvest,Loamy,7.8,31.56,1.01,1.15,117.0,46.0,19.0,41.21,71.56,690.61,6.32,3.41,Zaid,Sprinkler,River,9.26,No,84.32,East,Low,36.58
Rice,Sowing,Sandy,5.96,63.86,1.4,2.16,80.0,47.0,40.0,18.05,86.43,1446.51,6.39,10.58,Zaid,Drip,Reservoir,1.49,Yes,20.88,North,Low,7.61
Rice,Flowering,Clay,6.5,17.03,1.37,0.37,80.0,47.0,40.0,20.88,26.4,458.89,9.73,12.01,Zaid,Rainfed,Rainwater,13.57,Yes,0.79,South,Medium,0.82
Cotton,Harvest,Silt,5.31,58.07,0.58,1.84,117.0,46.0,19.0,36.31,90.13,158.2,7.17,15.88,Kharif,Canal,River,6.18,Yes,110.25,East,Medium,70.64
Maize,Flowering,Clay,5.96,34.21,0.67,3.29,76.0,48.5,20.0,28.92,93.2,1812.49,6.41,5.59,Rabi,Rainfed,Rainwater,3.16,No,78.61,West,Low,51.65
Maize,Sowing,Silt,7.05,45.4,0.74,2.04,76.0,48.5,20.0,35.12,85.89,1739.72,5.43,5.97,Rabi,Rainfed,Rainwater,10.03,No,53.87,East,Low,28.23
Rice,Flowering,Sandy,6.39,22.87,1.19,2.41,80.0,47.0,40.0,19.18,29.53,503.35,4.23,6.71,Zaid,Sprinkler,River,14.11,Yes,87.97,Central,Medium,83.98
Maize,Flowering,Sandy,7.56,9.31,0.92,0.4,76.0,48.5,20.0,36.69,81.79,413.91,7.45,2.3,Kharif,Canal,Reservoir,12.49,No,28.07,East,Medium,35.41
Maize,Harvest,Sandy,5.02,24.07,1.27,1.65,76.0,48.5,20.0,35.28,71.85,735.47,10.32,14.87,Rabi,Canal,Groundwater,6.35,No,113.31,North,Medium,71.6
Cotton,Harvest,Silt,5.46,51.58,0.73,0.34,117.0,46.0,19.0,21.05,92.92,71.34,7.49,4.99,Rabi,Sprinkler,Rainwater,12.31,No,100.9,East,Low,44.51
Maize,Harvest,Clay,7.71,60.3,1.3,1.56,76.0,48.5,20.0,18.42,81.96,2245.08,5.85,14.76,Kharif,Drip,River,0.98,No,42.24,West,Low,11.27
Rice,Harvest,Silt,5.91,59.8,0.52,1.43,80.0,47.0,40.0,33.02,75.92,159.52,10.17,10.74,Kharif,Drip,Groundwater,6.27,No,56.25,West,Medium,34.28
Cotton,Sowing,Loamy,5.29,64.3,0.78,2.46,117.0,46.0,19.0,38.4,63.27,1879.96,6.84,10.27,Rabi,Sprinkler,River,9.16,No,93.85,Central,Low,41.5
Maize,Harvest,Clay,6.38,26.98,1.43,2.22,76.0,48.5,20.0,28.85,90.21,96.1,10.49,15.0,Zaid,Canal,Reservoir,9.13,No,71.67,South,Medium,59.99
Cotton,Sowing,Clay,5.95,52.43,0.89,1.45,117.0,46.0,19.0,25.02,33.23,103.82,5.97,17.88,Kharif,Sprinkler,Rainwater,9.77,Yes,13.27,North,Low,8.44
Cotton,Sowing,Clay,6.95,60.48,0.4,2.9,117.0,46.0,19.0,35.86,90.42,861.79,9.54,18.33,Zaid,Drip,River,10.07,Yes,45.87,West,Low,20.71
Cotton,Harvest,Silt,7.62,42.51,0.94,2.39,117.0,46.0,19.0,18.59,94.9,1239.63,10.52,4.84,Kharif,Canal,Rainwater,7.33,No,79.04,East,Low,25.33
Cotton,Sowing,Loamy,6.01,13.37,1.06,0.9,117.0,46.0,19.0,25.17,48.25,1515.54,8.24,17.35,Kharif,Rainfed,Groundwater,6.15,No,70.75,North,Medium,59.89
Rice,Sowing,Sandy,5.76,58.38,0.46,3.2,80.0,47.0,40.0,17.24,59.72,1294.37,7.53,11.83,Kharif,Rainfed,Rainwater,14.84,No,12.93,East,Low,4.97
Cotton,Flowering,Sandy,7.66,39.0,1.46,2.37,117.0,46.0,19.0,17.42,57.68,1197.16,4.53,16.85,Zaid,Canal,Rainwater,2.72,Yes,44.27,Central,Low,24.8
Rice,Harvest,Sandy,4.97,10.29,1.11,1.35,80.0,47.0,40.0,26.63,32.13,1445.58,8.32,19.65,Kharif,Canal,Rainwater,12.92,Yes,86.5,Central,Low,36.4
Rice,Sowing,Loamy,7.9,56.84,1.51,3.1,80.0,47.0,40.0,40.12,92.08,957.12,8.48,17.27,Zaid,Sprinkler,Groundwater,14.78,No,102.95,East,Low,50.18
Cotton,Flowering,Loamy,5.02,11.5,0.61,3.43,117.0,46.0,19.0,16.86,55.17,1849.3,6.78,10.5,Rabi,Rainfed,Groundwater,7.11,Yes,35.54,Central,Medium,33.1
Cotton,Vegetative,Loamy,7.23,22.08,0.97,0.67,117.0,46.0,19.0,20.73,25.17,413.85,5.4,10.3,Kharif,Rainfed,Rainwater,13.98,No,111.63,Central,Medium,98.98
Maize,Harvest,Sandy,7.86,59.24,0.59,0.24,76.0,48.5,20.0,13.85,59.65,680.72,5.54,14.6,Kharif,Canal,River,13.54,Yes,69.7,Central,Low,18.13
Maize,Harvest,Loamy,6.5,17.98,1.2,0.34,76.0,48.5,20.0,16.75,66.97,1456.13,10.36,13.35,Kharif,Canal,Groundwater,3.03,Yes,111.58,East,Low,42.39
Rice,Vegetative,Silt,6.46,63.2,0.89,1.61,80.0,47.0,40.0,23.45,93.48,538.45,7.55,13.81,Rabi,Canal,River,8.43,Yes,42.59,East,Low,16.56
Cotton,Harvest,Sandy,6.35,20.15,1.2,1.13,117.0,46.0,19.0,28.73,59.56,1773.63,4.01,9.03,Kharif,Rainfed,Reservoir,14.96,No,48.44,Central,Low,20.78
Maize,Harvest,Sandy,5.5,18.88,0.92,1.79,76.0,48.5,20.0,38.45,67.0,1634.47,4.24,1.52,Rabi,Drip,River,9.8,Yes,84.99,North,Low,39.92
Cotton,Flowering,Clay,6.33,21.84,0.74,2.77,117.0,46.0,19.0,38.54,48.78,1585.38,9.47,18.91,Zaid,Drip,Reservoir,12.2,Yes,42.8,West,Medium,48.58
Rice,Harvest,Clay,8.06,61.51,1.58,0.52,80.0,47.0,40.0,15.21,72.82,1800.81,5.41,18.58,Zaid,Canal,River,14.01,Yes,29.96,North,Low,7.62
Cotton,Vegetative,Clay,7.06,35.82,1.37,3.01,117.0,46.0,19.0,28.65,48.98,796.45,7.52,19.02,Rabi,Canal,Rainwater,9.95,No,79.34,South,Medium,61.03
Maize,Harvest,Loamy,7.76,17.31,1.33,2.0,76.0,48.5,20.0,22.7,28.09,2057.87,6.38,17.53,Zaid,Rainfed,Reservoir,8.53,Yes,86.76,Central,Low,35.1
Cotton,Flowering,Clay,6.84,58.75,1.37,1.04,117.0,46.0,19.0,41.37,51.59,650.84,7.18,18.33,Rabi,Rainfed,Reservoir,14.18,No,20.98,Central,Medium,17.17
Cotton,Flowering,Clay,5.58,43.59,0.58,0.87,117.0,46.0,19.0,39.52,66.18,1871.44,9.66,18.43,Kharif,Drip,Groundwater,2.7,No,55.1,East,Medium,52.37
Cotton,Vegetative,Sandy,7.33,16.66,0.92,2.22,117.0,46.0,19.0,40.44,59.41,408.24,10.84,16.81,Kharif,Sprinkler,River,7.97,Yes,77.65,South,Medium,84.49
Cotton,Harvest,Silt,5.71,21.39,0.45,0.74,117.0,46.0,19.0,23.29,57.73,782.94,7.9,4.46,Rabi,Drip,Groundwater,2.28,Yes,99.56,Central,Low,40.08
Maize,Flowering,Silt,5.04,21.97,1.58,1.57,76.0,48.5,20.0,25.65,94.18,585.0,10.08,2.38,Zaid,Rainfed,Groundwater,5.64,Yes,73.0,South,Medium,73.37
Maize,Vegetative,Loamy,4.95,45.06,1.08,1.71,76.0,48.5,20.0,40.46,37.67,575.53,5.09,2.8,Kharif,Canal,Groundwater,14.36,Yes,115.02,East,Low,63.16
Rice,Harvest,Loamy,5.54,39.55,1.2,3.49,80.0,47.0,40.0,34.8,75.85,2232.45,6.98,15.35,Zaid,Drip,Reservoir,12.96,Yes,97.86,West,Low,37.8
Rice,Harvest,Clay,8.1,12.44,1.03,1.06,80.0,47.0,40.0,20.76,58.12,816.13,7.7,5.88,Kharif,Sprinkler,Reservoir,14.5,Yes,65.56,Central,Low,25.99
Rice,Vegetative,Sandy,8.13,38.01,1.32,1.44,80.0,47.0,40.0,30.74,83.14,1805.71,7.25,17.45,Rabi,Canal,Reservoir,1.65,No,9.69,West,Medium,7.46
Maize,Harvest,Clay,7.03,53.1,1.57,2.4,76.0,48.5,20.0,29.82,53.28,593.45,4.47,17.22,Rabi,Canal,River,3.4,Yes,85.74,South,Low,27.74
Cotton,Flowering,Silt,5.53,58.72,0.84,0.53,117.0,46.0,19.0,14.86,39.55,1694.35,5.07,10.88,Kharif,Canal,Groundwater,13.39,Yes,39.86,South,Low,17.88
Maize,Flowering,Loamy,8.1,40.96,1.42,2.6,76.0,48.5,20.0,33.04,86.06,1890.51,8.17,14.92,Rabi,Drip,River,4.54,No,41.74,East,Medium,38.35
Rice,Harvest,Loamy,5.29,62.19,1.56,3.22,80.0,47.0,40.0,21.94,75.28,1098.84,7.0,13.81,Rabi,Rainfed,Rainwater,4.5,No,84.31,South,Low,22.86
Rice,Flowering,Sandy,5.14,16.44,0.47,1.54,80.0,47.0,40.0,15.89,30.38,2198.91,5.25,2.52,Kharif,Rainfed,Groundwater,12.89,No,87.54,North,Medium,80.68
Cotton,Sowing,Clay,5.18,64.63,1.05,1.07,117.0,46.0,19.0,33.95,74.94,935.03,9.16,6.77,Zaid,Drip,Rainwater,1.61,Yes,73.55,North,Low,31.13
Rice,Vegetative,Silt,6.75,44.72,1.33,2.4,80.0,47.0,40.0,21.95,27.45,1502.24,9.62,12.43,Zaid,Sprinkler,Rainwater,12.69,Yes,27.73,East,Low,12.88
Maize,Flowering,Silt,5.31,44.71,0.75,0.42,76.0,48.5,20.0,20.67,67.55,1155.13,10.74,17.05,Zaid,Canal,River,2.06,Yes,35.27,South,Low,19.4
Cotton,Flowering,Sandy,6.38,13.22,1.59,1.22,117.0,46.0,19.0,34.22,92.55,2294.69,5.09,19.88,Rabi,Sprinkler,Rainwater,11.86,No,21.87,East,High,31.49
Rice,Harvest,Loamy,8.15,38.31,1.13,3.21,80.0,47.0,40.0,29.92,86.23,22.27,5.74,12.68,Zaid,Drip,Groundwater,7.56,Yes,3.75,North,Low,2.12
Maize,Harvest,Loamy,6.71,24.1,0.52,1.12,76.0,48.5,20.0,20.36,54.03,1996.61,8.3,6.71,Rabi,Rainfed,Groundwater,2.63,Yes,23.99,East,Low,9.17
Rice,Sowing,Silt,5.66,11.03,0.66,0.73,80.0,47.0,40.0,21.3,89.39,1866.46,9.6,3.43,Rabi,Sprinkler,Groundwater,2.62,Yes,65.23,Central,Low,37.16
Rice,Harvest,Silt,5.93,64.78,1.56,0.28,80.0,47.0,40.0,40.25,73.43,2350.6,9.36,1.51,Rabi,Rainfed,Groundwater,2.7,No,109.51,East,Low,34.18
Maize,Sowing,Sandy,5.42,25.22,1.54,0.53,76.0,48.5,20.0,39.17,26.33,1042.03,5.05,16.08,Rabi,Sprinkler,Rainwater,4.5,Yes,43.57,East,Low,28.24
Rice,Vegetative,Loamy,7.63,42.37,0.7,0.26,80.0,47.0,40.0,15.19,61.26,460.58,4.03,10.48,Rabi,Canal,Reservoir,12.36,Yes,50.51,West,Low,23.78
Cotton,Harvest,Silt,6.89,33.83,0.35,1.74,117.0,46.0,19.0,19.0,66.58,1128.16,5.36,4.13,Kharif,Sprinkler,River,10.25,No,112.05,Central,Low,38.97
Rice,Vegetative,Silt,7.91,20.69,0.82,1.23,80.0,47.0,40.0,30.37,30.3,22.27,8.44,18.57,Zaid,Sprinkler,River,10.6,No,65.83,West,High,114.87
Cotton,Harvest,Sandy,5.59,50.09,1.39,3.28,117.0,46.0,19.0,41.11,28.89,710.35,6.24,15.99,Rabi,Drip,River,3.01,Yes,62.02,South,Low,22.7
Maize,Sowing,Silt,4.82,21.41,0.61,3.25,76.0,48.5,20.0,21.81,85.87,2273.22,9.78,14.85,Zaid,Drip,Groundwater,11.96,No,103.11,North,Medium,83.43
Cotton,Flowering,Silt,6.53,18.0,0.65,0.39,117.0,46.0,19.0,36.52,49.95,792.38,8.0,2.48,Rabi,Canal,Groundwater,14.46,No,75.93,South,Medium,85.86
Maize,Flowering,Silt,7.16,63.69,0.76,0.94,76.0,48.5,20.0,38.45,52.31,2084.92,7.26,9.17,Zaid,Drip,River,2.35,Yes,98.72,South,Low,52.78
Rice,Vegetative,Silt,7.78,24.22,1.14,0.31,80.0,47.0,40.0,41.03,43.16,423.07,7.4,18.39,Kharif,Sprinkler,Reservoir,14.3,No,85.06,West,High,114.84
Rice,Flowering,Loamy,7.46,31.94,1.32,3.34,80.0,47.0,40.0,16.43,29.79,1477.99,10.13,19.43,Rabi,Canal,Groundwater,10.87,No,52.59,East,Medium,44.28
Cotton,Harvest,Clay,7.58,56.57,0.64,0.92,117.0,46.0,19.0,29.55,75.95,1631.13,7.74,15.77,Rabi,Canal,Groundwater,4.02,No,113.46,North,Low,35.3
Rice,Vegetative,Silt,5.57,23.67,1.32,3.33,80.0,47.0,40.0,31.4,81.73,1689.81,8.03,2.94,Kharif,Drip,Groundwater,1.77,No,90.93,Central,Medium,79.45
Rice,Harvest,Sandy,7.44,27.23,0.87,1.6,80.0,47.0,40.0,12.65,51.42,2429.28,5.48,16.27,Kharif,Sprinkler,Rainwater,8.32,No,40.48,North,Low,14.25
Rice,Sowing,Clay,5.63,9.25,1.36,1.71,80.0,47.0,40.0,17.42,31.28,2461.62,5.74,14.27,Kharif,Canal,Rainwater,3.2,No,89.21,North,Medium,69.67
Maize,Flowering,Loamy,5.54,51.82,1.18,3.07,76.0,48.5,20.0,31.85,35.15,2115.59,8.69,3.44,Rabi,Drip,Reservoir,9.86,No,38.23,West,Medium,31.28
Cotton,Vegetative,Loamy,6.67,27.32,0.59,3.04,117.0,46.0,19.0,37.56,39.16,2106.01,5.94,10.31,Zaid,Rainfed,Rainwater,13.11,Yes,21.19,North,Medium,19.02
Cotton,Sowing,Loamy,7.11,51.41,0.67,0.2,117.0,46.0,19.0,39.42,31.17,2248.79,9.8,13.91,Rabi,Drip,Rainwater,5.82,No,43.65,North,Low,22.4
Maize,Vegetative,Loamy,5.79,57.37,1.25,3.44,76.0,48.5,20.0,39.26,88.0,1152.0,6.05,2.22,Kharif,Sprinkler,River,12.97,Yes,5.84,Central,Low,2.81
Maize,Harvest,Sandy,5.92,42.37,0.61,0.9,76.0,48.5,20.0,25.68,88.12,2348.23,6.89,17.2,Kharif,Rainfed,Reservoir,5.25,No,55.08,South,Low,19.01
Cotton,Flowering,Silt,5.99,25.8,0.91,1.03,117.0,46.0,19.0,26.94,57.34,1821.29,7.9,7.77,Rabi,Canal,River,5.21,No,69.07,West,Low,47.75
Maize,Vegetative,Silt,5.52,21.03,0.72,0.24,76.0,48.5,20.0,27.72,63.69,1775.88,7.54,19.56,Kharif,Drip,River,12.38,No,37.53,South,Medium,32.32
Cotton,Flowering,Silt,7.7,30.46,1.5,2.47,117.0,46.0,19.0,16.07,61.6,58.24,4.11,13.95,Rabi,Rainfed,Rainwater,2.28,No,99.89,East,Medium,125.43
Rice,Harvest,Clay,5.52,45.04,1.3,3.19,80.0,47.0,40.0,36.88,70.36,2103.28,5.73,5.04,Rabi,Sprinkler,Rainwater,5.63,Yes,85.37,North,Low,31.93
Maize,Sowing,Silt,6.14,61.63,1.0,3.37,76.0,48.5,20.0,25.89,32.38,1506.03,8.68,10.84,Kharif,Drip,Reservoir,7.49,Yes,80.07,Central,Low,32.48
Rice,Harvest,Clay,5.57,53.39,0.39,3.09,80.0,47.0,40.0,29.31,75.48,1269.95,5.45,10.5,Kharif,Drip,Groundwater,9.91,Yes,12.38,South,Low,3.97
Rice,Harvest,Clay,7.5,59.56,0.61,0.87,80.0,47.0,40.0,41.34,53.5,1290.53,5.3,14.93,Zaid,Canal,Groundwater,11.6,No,14.52,Central,Low,4.81
Maize,Harvest,Silt,5.26,50.61,0.76,2.13,76.0,48.5,20.0,16.35,88.33,1294.82,8.32,4.58,Rabi,Sprinkler,Rainwater,9.57,Yes,56.41,East,Low,16.31
Maize,Harvest,Clay,8.17,48.5,1.19,2.76,76.0,48.5,20.0,25.21,76.46,1239.53,4.17,13.25,Kharif,Drip,Groundwater,4.44,Yes,52.28,West,Low,16.94
Rice,Flowering,Clay,6.64,63.61,0.37,0.11,80.0,47.0,40.0,14.93,88.49,231.47,10.55,5.56,Rabi,Sprinkler,Reservoir,3.11,Yes,46.18,East,Medium,36.44
Maize,Harvest,Silt,7.54,32.04,0.32,0.33,76.0,48.5,20.0,30.76,60.73,1870.76,7.28,15.51,Rabi,Sprinkler,Reservoir,10.19,No,47.86,Central,Low,19.02
Cotton,Harvest,Silt,8.14,43.37,0.7,2.07,117.0,46.0,19.0,41.25,79.81,2074.37,8.61,16.74,Rabi,Sprinkler,River,9.65,No,96.9,South,Low,37.85
Cotton,Harvest,Sandy,5.48,18.42,0.98,1.7,117.0,46.0,19.0,21.88,89.57,1990.81,7.87,4.17,Rabi,Canal,River,2.66,No,98.0,Central,Low,39.31
Maize,Harvest,Sandy,5.89,33.56,0.83,1.17,76.0,48.5,20.0,25.04,38.49,1258.7,8.61,13.07,Kharif,Rainfed,Reservoir,3.75,No,103.48,Central,Low,38.39
Rice,Harvest,Loamy,8.16,28.8,0.33,0.53,80.0,47.0,40.0,31.23,93.77,1962.3,9.14,1.15,Zaid,Drip,Rainwater,14.94,No,105.73,North,Low,43.36
Cotton,Sowing,Clay,6.56,55.59,0.78,3.18,117.0,46.0,19.0,12.88,58.84,192.9,10.54,4.54,Kharif,Canal,Groundwater,9.47,No,32.84,West,Low,17.02
Maize,Sowing,Loamy,7.5,35.34,1.23,3.48,76.0,48.5,20.0,29.37,84.54,786.27,8.31,18.38,Kharif,Rainfed,Rainwater,9.11,Yes,71.81,East,Low,39.1
Rice,Flowering,Sandy,6.27,58.12,1.12,3.31,80.0,47.0,40.0,18.96,84.48,1555.23,7.26,16.79,Kharif,Sprinkler,Rainwater,5.64,Yes,52.84,West,Low,24.91
Rice,Vegetative,Silt,8.15,52.79,1.33,0.15,80.0,47.0,40.0,21.37,37.15,2332.5,6.25,14.09,Rabi,Canal,Reservoir,10.39,No,77.11,South,Medium,46.95
Maize,Harvest,Sandy,6.25,20.75,1.12,2.58,76.0,48.5,20.0,37.76,80.67,2097.28,4.4,9.67,Rabi,Canal,Reservoir,1.07,No,89.25,Central,Medium,59.18
Rice,Flowering,Loamy,4.99,34.02,0.81,3.04,80.0,47.0,40.0,22.44,40.76,1183.45,4.14,16.48,Zaid,Canal,Groundwater,8.69,No,43.76,East,Medium,38.57
Cotton,Flowering,Sandy,7.66,14.13,0.46,2.87,117.0,46.0,19.0,23.84,83.91,1083.48,4.45,2.42,Kharif,Rainfed,Groundwater,8.92,No,110.75,North,Medium,111.0
Cotton,Sowing,Sandy,4.85,50.71,0.62,1.0,117.0,46.0,19.0,33.83,94.0,434.1,7.38,2.93,Rabi,Sprinkler,Rainwater,14.85,No,8.67,East,Low,4.66
Cotton,Vegetative,Silt,6.81,12.16,1.42,1.08,117.0,46.0,19.0,34.58,61.35,383.15,5.51,19.53,Rabi,Canal,Rainwater,6.09,No,4.9,North,High,6.76
Rice,Flowering,Loamy,5.45,18.16,1.13,0.47,80.0,47.0,40.0,32.04,43.48,810.54,7.09,9.78,Kharif,Drip,River,7.17,Yes,111.3,South,Medium,120.8
Rice,Sowing,Loamy,7.02,41.46,0.42,3.46,80.0,47.0,40.0,30.12,55.13,1893.67,9.11,14.97,Zaid,Sprinkler,Reservoir,8.24,Yes,77.91,West,Low,40.45
Rice,Vegetative,Sandy,7.05,26.99,0.99,0.79,80.0,47.0,40.0,23.94,41.98,1608.39,8.24,10.31,Zaid,Sprinkler,River,5.49,Yes,26.62,North,Low,14.74
Cotton,Sowing,Sandy,5.67,60.23,1.54,1.89,117.0,46.0,19.0,40.58,50.83,617.74,10.31,2.3,Zaid,Canal,Rainwater,6.49,No,107.14,West,Low,50.33
Rice,Flowering,Loamy,5.1,8.62,1.51,0.41,80.0,47.0,40.0,33.06,76.08,384.71,9.32,5.22,Rabi,Rainfed,Rainwater,11.94,No,71.11,East,Medium,89.13
Maize,Sowing,Clay,5.54,56.58,0.54,2.48,76.0,48.5,20.0,31.07,79.12,1300.35,10.34,9.87,Rabi,Sprinkler,Rainwater,6.77,No,62.03,Central,Low,27.97
Cotton,Vegetative,Silt,5.67,54.96,0.98,3.1,117.0,46.0,19.0,15.44,67.49,1575.25,8.95,8.64,Kharif,Sprinkler,Reservoir,9.93,No,77.41,West,Low,30.27
Cotton,Sowing,Silt,5.14,58.84,0.57,2.72,117.0,46.0,19.0,32.92,50.32,829.13,5.05,17.4,Kharif,Drip,Reservoir,9.66,Yes,102.88,West,Low,46.05
Maize,Flowering,Clay,6.86,61.6,1.2,2.29,76.0,48.5,20.0,28.95,77.47,1330.05,4.55,15.12,Rabi,Sprinkler,Groundwater,12.83,Yes,108.96,North,Low,54.67
Cotton,Harvest,Clay,7.11,33.49,1.01,1.84,117.0,46.0,19.0,40.99,85.46,2475.29,7.81,16.3,Kharif,Canal,Rainwater,14.48,Yes,26.52,East,Low,11.32
Maize,Harvest,Silt,6.99,45.41,0.32,0.97,76.0,48.5,20.0,34.01,41.45,526.6,6.56,19.83,Zaid,Sprinkler,Rainwater,4.97,Yes,22.48,East,Low,8.16
Cotton,Vegetative,Clay,7.73,30.26,1.27,1.65,117.0,46.0,19.0,22.32,26.7,381.76,5.18,19.51,Kharif,Drip,Reservoir,9.33,No,56.84,West,Medium,49.38
Maize,Vegetative,Loamy,6.45,27.99,0.55,1.1,76.0,48.5,20.0,16.06,44.19,2106.41,9.58,17.9,Zaid,Rainfed,Groundwater,4.76,Yes,49.65,East,Low,25.1
Maize,Harvest,Sandy,5.26,32.6,1.37,3.28,76.0,48.5,20.0,26.47,72.21,1025.91,6.63,11.53,Rabi,Canal,River,9.57,No,91.09,West,Low,34.56
Maize,Sowing,Clay,7.05,36.58,0.74,0.63,76.0,48.5,20.0,17.32,85.41,1061.72,5.84,14.61,Zaid,Sprinkler,Reservoir,8.25,No,117.35,Central,Low,55.91
Maize,Vegetative,Clay,7.12,9.17,1.1,3.42,76.0,48.5,20.0,16.71,81.75,1525.33,5.84,12.46,Zaid,Sprinkler,River,14.4,Yes,45.24,North,Medium,35.06
Cotton,Vegetative,Clay,7.8,32.88,0.43,2.56,117.0,46.0,19.0,14.05,73.18,1148.36,4.35,5.94,Kharif,Canal,Rainwater,14.96,No,73.29,South,Low,35.15
Cotton,Harvest,Loamy,7.45,54.65,0.67,0.34,117.0,46.0,19.0,12.98,85.32,1360.32,6.29,12.96,Zaid,Canal,Reservoir,2.54,No,50.74,South,Low,13.87
Rice,Flowering,Loamy,5.65,39.21,1.58,0.26,80.0,47.0,40.0,30.95,82.34,1742.35,10.51,4.89,Zaid,Rainfed,Reservoir,5.31,No,90.65,West,Medium,83.0
Maize,Harvest,Sandy,7.11,58.48,1.54,0.52,76.0,48.5,20.0,41.2,33.53,1802.43,9.7,8.21,Kharif,Rainfed,Reservoir,3.44,Yes,49.11,West,Low,16.46
Maize,Sowing,Silt,7.87,48.63,1.26,1.11,76.0,48.5,20.0,35.14,75.55,0.43,6.35,10.11,Rabi,Sprinkler,River,12.91,Yes,17.83,Central,Medium,19.9
Cotton,Vegetative,Sandy,6.11,39.51,1.56,0.98,117.0,46.0,19.0,19.63,83.89,1381.15,8.86,18.69,Zaid,Canal,Groundwater,3.29,Yes,13.66,West,Low,6.5
Rice,Harvest,Clay,7.26,10.19,0.66,2.53,80.0,47.0,40.0,30.5,39.97,1877.06,10.84,5.32,Zaid,Sprinkler,Groundwater,10.41,Yes,6.04,Central,Low,2.64
Maize,Harvest,Sandy,6.78,12.75,0.39,1.16,76.0,48.5,20.0,35.78,49.08,911.43,7.63,4.89,Zaid,Drip,Reservoir,11.59,No,115.5,North,Medium,75.68
Cotton,Harvest,Sandy,8.09,21.42,0.38,2.18,117.0,46.0,19.0,20.98,51.4,1575.52,5.54,15.77,Kharif,Drip,Rainwater,3.59,No,86.9,West,Medium,48.8
Rice,Sowing,Loamy,7.56,64.1,1.41,1.78,80.0,47.0,40.0,22.32,39.9,243.29,6.14,10.68,Kharif,Canal,River,12.23,Yes,56.02,East,Low,27.47
Maize,Vegetative,Sandy,5.17,38.91,1.3,2.37,76.0,48.5,20.0,34.91,90.72,725.0,8.99,18.7,Kharif,Sprinkler,Groundwater,7.54,Yes,112.07,East,Medium,88.94
Rice,Vegetative,Clay,6.82,23.89,0.32,0.68,80.0,47.0,40.0,20.53,42.54,1338.04,6.12,9.93,Rabi,Canal,Groundwater,12.49,Yes,18.92,South,Medium,14.82
Rice,Flowering,Silt,4.92,27.12,0.57,2.57,80.0,47.0,40.0,25.89,51.08,1993.06,10.97,19.1,Rabi,Rainfed,River,8.48,Yes,110.53,South,Low,74.82
Cotton,Flowering,Clay,6.64,47.83,0.94,3.49,117.0,46.0,19.0,40.67,54.07,408.09,10.48,7.0,Kharif,Canal,Rainwater,6.83,Yes,70.69,East,Low,50.79
Rice,Sowing,Clay,7.6,52.28,1.34,2.91,80.0,47.0,40.0,17.62,76.32,145.64,5.56,14.57,Rabi,Drip,Rainwater,2.51,No,13.51,Central,Medium,11.04
Maize,Flowering,Loamy,5.7,46.14,0.67,0.48,76.0,48.5,20.0,21.82,92.22,2175.11,8.19,15.25,Zaid,Drip,River,7.37,No,65.88,West,Medium,51.67
Maize,Flowering,Sandy,5.51,26.67,1.29,2.92,76.0,48.5,20.0,35.25,74.82,593.79,8.73,16.86,Kharif,Drip,River,9.44,No,5.58,East,Medium,5.92
Maize,Vegetative,Silt,7.4,31.34,1.51,0.96,76.0,48.5,20.0,40.46,69.12,2260.5,4.99,17.39,Zaid,Canal,Reservoir,2.52,No,70.88,Central,Medium,62.87
Maize,Harvest,Clay,7.24,63.82,0.48,1.48,76.0,48.5,20.0,27.74,42.24,745.24,10.75,6.47,Zaid,Drip,Groundwater,9.39,No,111.28,West,Low,31.38
Cotton,Harvest,Loamy,7.8,36.33,0.95,1.28,117.0,46.0,19.0,41.5,92.7,745.72,9.3,10.72,Rabi,Drip,Rainwater,3.59,No,49.02,North,Low,20.41
Rice,Harvest,Clay,6.97,64.78,0.42,1.15,80.0,47.0,40.0,31.68,26.34,377.75,10.18,16.99,Rabi,Rainfed,River,14.66,No,44.88,South,Low,14.96
Cotton,Vegetative,Silt,6.12,35.92,1.55,3.01,117.0,46.0,19.0,15.85,70.39,2181.95,6.77,8.32,Rabi,Sprinkler,River,2.88,No,108.6,West,Low,51.21
Cotton,Harvest,Silt,5.06,36.92,0.56,1.88,117.0,46.0,19.0,26.06,84.73,476.64,6.46,9.36,Kharif,Canal,River,4.09,Yes,92.64,East,Low,35.39
Cotton,Flowering,Clay,4.91,10.26,1.46,2.36,117.0,46.0,19.0,16.58,92.73,368.11,6.63,1.08,Zaid,Rainfed,River,6.52,Yes,67.84,South,Medium,73.13
Cotton,Vegetative,Loamy,7.16,59.57,1.56,3.45,117.0,46.0,19.0,35.74,53.6,1052.29,6.11,6.67,Kharif,Drip,Rainwater,12.11,Yes,69.56,North,Low,31.69
Rice,Harvest,Clay,6.68,49.37,0.46,1.97,80.0,47.0,40.0,38.46,48.5,302.64,5.34,14.74,Kharif,Sprinkler,Reservoir,14.56,Yes,30.15,South,Low,13.46
Maize,Sowing,Clay,5.74,41.05,1.36,3.28,76.0,48.5,20.0,21.6,44.37,60.96,10.35,12.06,Rabi,Drip,Rainwater,10.77,No,31.55,East,Medium,31.86
Cotton,Sowing,Silt,6.42,64.81,1.04,1.3,117.0,46.0,19.0,19.69,46.13,2493.43,5.83,15.45,Rabi,Canal,Rainwater,7.54,No,61.89,Central,Low,22.72
Rice,Harvest,Silt,6.33,63.63,0.99,0.75,80.0,47.0,40.0,17.45,31.17,2201.02,10.28,3.6,Rabi,Canal,Reservoir,2.46,No,68.91,Central,Low,17.53
Rice,Harvest,Loamy,6.85,55.18,1.22,1.55,80.0,47.0,40.0,16.54,40.52,259.36,5.62,9.04,Rabi,Rainfed,River,8.57,No,54.67,East,Low,19.23
Cotton,Sowing,Loamy,7.84,64.92,0.78,2.31,117.0,46.0,19.0,29.69,45.76,1314.18,8.37,16.31,Zaid,Canal,Rainwater,13.61,Yes,86.56,East,Low,35.08
Rice,Harvest,Clay,7.83,19.66,1.57,1.38,80.0,47.0,40.0,18.23,40.4,1371.21,9.78,11.71,Zaid,Rainfed,Rainwater,9.53,Yes,13.35,East,Low,5.15
Rice,Flowering,Clay,5.72,36.71,0.73,2.01,80.0,47.0,40.0,28.36,57.62,830.3,8.34,3.87,Rabi,Sprinkler,Rainwater,0.79,No,109.15,West,Low,69.78
Rice,Flowering,Sandy,5.69,52.14,0.52,2.95,80.0,47.0,40.0,19.45,32.02,1682.07,6.43,3.23,Kharif,Drip,Reservoir,8.7,No,115.37,South,Low,58.22
Rice,Sowing,Silt,5.75,8.03,0.46,2.57,80.0,47.0,40.0,39.2,85.34,96.07,4.08,3.7,Zaid,Drip,Reservoir,6.67,No,103.08,North,Medium,143.23
Maize,Sowing,Clay,5.26,16.72,0.51,1.09,76.0,48.5,20.0,19.51,46.3,1885.51,6.24,6.13,Zaid,Rainfed,Reservoir,11.35,Yes,43.62,East,Low,24.38
Maize,Flowering,Sandy,6.94,23.17,1.48,1.96,76.0,48.5,20.0,23.05,30.86,2258.24,5.92,18.69,Kharif,Drip,Rainwater,8.06,No,87.82,Central,Medium,85.18
Cotton,Vegetative,Silt,7.3,28.32,0.68,3.18,117.0,46.0,19.0,34.56,61.94,890.44,9.65,17.28,Rabi,Drip,Reservoir,1.29,Yes,112.45,West,Medium,97.44
Rice,Vegetative,Sandy,7.72,61.61,1.36,2.95,80.0,47.0,40.0,23.15,42.84,2491.82,6.25,9.52,Rabi,Sprinkler,River,1.37,Yes,61.08,West,Low,24.11
Cotton,Harvest,Loamy,5.49,13.42,1.52,1.87,117.0,46.0,19.0,30.23,56.42,1791.93,7.16,16.12,Kharif,Canal,River,5.7,Yes,62.94,West,Medium,39.18
Rice,Vegetative,Silt,5.85,11.95,1.49,2.34,80.0,47.0,40.0,34.36,89.02,401.79,6.01,11.45,Kharif,Sprinkler,Groundwater,8.56,Yes,66.3,North,Medium,69.01
Cotton,Vegetative,Sandy,5.62,36.76,0.36,3.46,117.0,46.0,19.0,28.09,55.91,1006.73,5.86,10.77,Rabi,Rainfed,River,3.07,No,15.57,East,Medium,11.81
Rice,Flowering,Sandy,6.76,47.34,0.58,3.46,80.0,47.0,40.0,35.86,59.62,843.93,6.42,16.51,Zaid,Sprinkler,River,3.52,No,74.99,North,Medium,66.57
Rice,Sowing,Sandy,7.31,11.48,0.9,3.42,80.0,47.0,40.0,29.55,53.58,1918.02,4.28,11.7,Rabi,Canal,Rainwater,10.88,Yes,78.09,East,Low,48.29
Maize,Harvest,Clay,6.47,56.87,1.05,1.22,76.0,48.5,20.0,17.89,93.11,2049.72,9.53,15.05,Rabi,Canal,Rainwater,4.1,No,30.74,West,Low,8.47
Rice,Harvest,Loamy,6.63,61.38,0.52,3.05,80.0,47.0,40.0,40.92,52.81,1054.39,4.33,1.63,Zaid,Drip,Rainwater,4.22,Yes,107.24,East,Low,34.81
Cotton,Sowing,Sandy,7.24,28.3,0.33,1.2,117.0,46.0,19.0,29.07,73.74,1483.79,9.94,13.34,Zaid,Canal,Reservoir,3.42,Yes,98.33,East,Low,56.66
Cotton,Flowering,Clay,7.34,14.76,1.47,1.27,117.0,46.0,19.0,20.13,32.35,1865.36,8.83,7.03,Rabi,Sprinkler,Groundwater,9.41,No,33.03,Central,Medium,31.86
Maize,Harvest,Loamy,8.17,9.52,1.18,0.44,76.0,48.5,20.0,13.44,69.7,1278.5,7.33,3.81,Kharif,Canal,Reservoir,11.79,No,111.49,North,Low,41.55
Rice,Flowering,Clay,5.97,49.0,0.98,2.25,80.0,47.0,40.0,12.02,49.51,1336.32,8.13,4.79,Zaid,Drip,Reservoir,14.23,Yes,20.06,Central,Low,9.96
Rice,Sowing,Sandy,6.2,9.14,1.2,2.4,80.0,47.0,40.0,31.18,89.18,1166.54,4.86,5.0,Zaid,Canal,River,13.57,No,0.47,East,Medium,0.42
Cotton,Flowering,Loamy,5.49,20.63,0.49,3.28,117.0,46.0,19.0,37.33,59.83,1830.09,9.81,3.63,Zaid,Rainfed,Rainwater,9.68,Yes,105.1,South,Medium,119.13
Rice,Vegetative,Loamy,7.16,45.84,1.16,2.15,80.0,47.0,40.0,19.73,49.36,2480.3,6.22,8.55,Zaid,Rainfed,Rainwater,4.47,Yes,10.55,East,Low,4.74
Rice,Sowing,Sandy,6.14,11.4,0.89,2.14,80.0,47.0,40.0,14.33,59.55,575.47,7.91,2.99,Rabi,Rainfed,River,5.3,Yes,84.7,North,Low,45.09
Cotton,Harvest,Silt,6.35,56.72,1.08,3.14,117.0,46.0,19.0,22.19,30.36,1049.31,5.45,16.81,Rabi,Sprinkler,Groundwater,4.04,No,11.82,West,Low,3.41
Maize,Vegetative,Loamy,5.79,49.74,0.34,0.24,76.0,48.5,20.0,25.73,80.82,1312.83,6.33,18.7,Zaid,Canal,Groundwater,7.82,Yes,109.16,Central,Low,50.16
Cotton,Flowering,Sandy,5.59,12.52,1.59,2.28,117.0,46.0,19.0,37.49,43.69,1172.88,10.61,6.68,Rabi,Canal,Reservoir,9.68,Yes,54.1,Central,Medium,61.71
Cotton,Sowing,Clay,4.83,25.78,0.85,0.81,117.0,46.0,19.0,27.71,48.94,1249.3,4.47,5.49,Zaid,Canal,Rainwater,3.33,No,115.19,West,Low,66.87
Rice,Sowing,Loamy,7.5,34.04,0.4,0.57,80.0,47.0,40.0,18.37,67.84,48.71,10.99,15.99,Kharif,Canal,Groundwater,10.52,Yes,47.02,South,Low,34.48
Cotton,Harvest,Silt,6.85,37.33,0.71,3.1,117.0,46.0,19.0,25.78,37.71,602.38,8.78,2.64,Kharif,Sprinkler,Groundwater,11.25,No,119.55,East,Low,43.24
Cotton,Sowing,Clay,7.03,46.93,0.79,0.32,117.0,46.0,19.0,38.15,86.87,1878.89,9.91,5.1,Zaid,Drip,River,7.21,No,95.95,West,Low,50.91
Rice,Sowing,Sandy,5.98,20.3,1.17,3.12,80.0,47.0,40.0,29.6,81.61,258.68,10.37,15.98,Kharif,Sprinkler,Groundwater,3.95,Yes,20.56,West,Medium,23.08
Cotton,Vegetative,Sandy,7.38,58.24,1.42,3.49,117.0,46.0,19.0,36.55,87.33,314.41,4.45,16.85,Rabi,Drip,Reservoir,1.06,Yes,119.49,West,Medium,96.67
Rice,Vegetative,Clay,5.15,27.77,1.13,2.61,80.0,47.0,40.0,35.94,87.83,2467.04,4.3,11.88,Zaid,Sprinkler,River,2.33,Yes,80.86,South,Medium,71.27
Rice,Vegetative,Silt,5.12,52.5,1.01,0.56,80.0,47.0,40.0,34.62,86.94,622.62,9.72,4.81,Rabi,Canal,Reservoir,14.13,No,21.13,North,Medium,14.68
Maize,Harvest,Loamy,5.95,31.05,0.81,1.25,76.0,48.5,20.0,34.54,29.32,2405.52,10.7,5.36,Rabi,Drip,Reservoir,0.51,Yes,79.2,South,Low,32.87
Rice,Harvest,Clay,5.64,52.38,0.96,1.5,80.0,47.0,40.0,39.48,56.06,1259.59,4.14,15.38,Rabi,Drip,Rainwater,5.99,No,61.25,West,Low,21.8
Cotton,Harvest,Loamy,7.93,59.38,1.28,0.65,117.0,46.0,19.0,22.12,39.2,261.83,6.54,15.01,Rabi,Canal,River,14.74,Yes,36.54,West,Low,13.01
Cotton,Flowering,Silt,6.97,33.91,0.38,1.03,117.0,46.0,19.0,23.33,85.29,1846.23,4.29,7.84,Rabi,Drip,River,11.8,No,67.15,East,Low,41.85
Rice,Vegetative,Loamy,5.39,19.23,0.72,0.37,80.0,47.0,40.0,26.1,31.87,669.42,5.56,14.47,Kharif,Sprinkler,Groundwater,10.28,No,29.77,North,Medium,25.43
Maize,Flowering,Clay,6.25,34.96,1.38,0.95,76.0,48.5,20.0,29.71,67.76,2470.21,10.72,3.67,Kharif,Canal,River,11.65,No,24.69,South,Low,16.24
Cotton,Sowing,Silt,6.81,51.47,0.85,0.78,117.0,46.0,19.0,35.54,26.6,1688.03,10.22,11.03,Kharif,Canal,Rainwater,8.49,No,93.71,South,Low,46.44
Cotton,Vegetative,Loamy,7.3,64.84,1.5,0.83,117.0,46.0,19.0,19.72,86.73,1797.78,4.15,11.22,Zaid,Rainfed,Reservoir,11.52,Yes,99.83,South,Low,36.64
Cotton,Harvest,Sandy,7.26,50.63,1.17,0.53,117.0,46.0,19.0,27.77,44.25,1687.79,9.43,11.49,Zaid,Sprinkler,Groundwater,2.95,Yes,89.88,Central,Low,29.23
Cotton,Harvest,Sandy,6.89,59.04,0.81,1.04,117.0,46.0,19.0,21.76,48.58,1143.17,4.82,1.78,Rabi,Rainfed,Reservoir,7.49,No,98.0,West,Low,27.47
Cotton,Harvest,Clay,5.27,60.53,0.76,0.33,117.0,46.0,19.0,31.24,47.92,2121.27,6.42,8.88,Kharif,Sprinkler,Rainwater,9.57,Yes,82.94,Central,Low,25.11
Maize,Vegetative,Silt,6.46,12.32,1.19,1.8,76.0,48.5,20.0,39.61,66.9,2052.8,10.11,0.54,Rabi,Sprinkler,River,11.94,Yes,118.85,North,Medium,115.1
Maize,Sowing,Clay,7.37,49.93,1.28,0.3,76.0,48.5,20.0,33.68,31.88,921.89,4.86,11.54,Rabi,Canal,River,7.66,No,52.65,East,Low,26.05
Maize,Harvest,Clay,7.25,64.82,0.82,1.94,76.0,48.5,20.0,25.71,29.16,2172.67,9.03,0.88,Kharif,Sprinkler,Rainwater,2.74,Yes,85.12,North,Low,23.26
Rice,Sowing,Clay,5.28,51.82,0.5,2.31,80.0,47.0,40.0,18.56,69.14,357.75,4.92,11.67,Kharif,Sprinkler,River,10.41,Yes,86.29,South,Low,42.25
Maize,Sowing,Clay,5.42,39.76,1.54,3.08,76.0,48.5,20.0,16.09,51.16,302.52,9.74,4.57,Kharif,Sprinkler,River,3.54,Yes,109.77,North,Low,61.6
Cotton,Vegetative,Clay,7.51,28.89,1.34,3.05,117.0,46.0,19.0,12.64,29.2,105.23,6.35,5.99,Zaid,Sprinkler,Reservoir,11.82,Yes,26.32,South,Medium,26.68
Cotton,Sowing,Silt,6.35,19.17,0.57,0.29,117.0,46.0,19.0,28.59,76.66,1539.65,10.35,13.17,Rabi,Canal,River,7.31,No,96.21,Central,Medium,84.22
Cotton,Vegetative,Sandy,5.34,20.65,1.51,2.38,117.0,46.0,19.0,37.97,83.06,323.54,6.17,13.01,Rabi,Sprinkler,Reservoir,5.75,No,116.31,Central,High,173.29
Cotton,Harvest,Clay,5.37,39.28,0.46,3.34,117.0,46.0,19.0,41.49,70.62,1989.27,10.92,13.6,Zaid,Drip,Reservoir,11.47,No,82.48,Central,Low,33.45
Rice,Flowering,Silt,6.67,60.03,0.64,0.7,80.0,47.0,40.0,25.49,65.41,1545.35,9.19,0.7,Zaid,Canal,Rainwater,6.96,Yes,106.81,South,Low,52.73
Maize,Harvest,Silt,5.22,11.12,1.04,1.05,76.0,48.5,20.0,22.44,59.41,1909.35,8.2,16.88,Zaid,Drip,Rainwater,4.35,Yes,21.24,North,Low,8.57
Rice,Sowing,Loamy,7.33,22.54,1.12,1.96,80.0,47.0,40.0,22.3,45.43,288.46,4.54,8.25,Kharif,Rainfed,Reservoir,4.98,Yes,102.83,West,Medium,103.0
Maize,Sowing,Silt,7.22,13.41,0.43,2.17,76.0,48.5,20.0,22.29,72.85,2310.48,8.96,7.36,Zaid,Sprinkler,Reservoir,13.04,No,23.32,West,Low,13.42
Maize,Sowing,Silt,5.0,30.14,1.09,0.45,76.0,48.5,20.0,31.34,89.88,198.68,7.63,19.22,Rabi,Sprinkler,River,0.5,Yes,68.74,North,Medium,76.01
Cotton,Harvest,Silt,6.7,41.5,0.96,3.01,117.0,46.0,19.0,28.64,42.93,546.0,4.86,19.77,Rabi,Rainfed,Rainwater,0.66,No,27.79,East,Low,9.95
Cotton,Harvest,Silt,5.09,40.96,0.94,3.03,117.0,46.0,19.0,33.56,71.89,1095.87,9.37,12.44,Zaid,Drip,Rainwater,4.25,Yes,64.38,South,Low,24.27
Cotton,Flowering,Sandy,7.17,48.27,0.86,2.34,117.0,46.0,19.0,21.13,25.11,1427.96,6.3,4.44,Rabi,Sprinkler,Rainwater,1.41,No,19.7,West,Low,10.52
Cotton,Sowing,Clay,7.56,27.74,1.08,0.48,117.0,46.0,19.0,25.5,40.19,2005.4,8.04,3.84,Zaid,Sprinkler,Reservoir,4.96,Yes,91.87,East,Low,51.36
Cotton,Vegetative,Sandy,6.74,24.89,0.32,3.2,117.0,46.0,19.0,38.6,27.84,47.25,8.54,13.65,Kharif,Drip,Reservoir,8.96,Yes,110.45,East,High,197.64
Cotton,Vegetative,Silt,5.54,34.64,0.61,0.39,117.0,46.0,19.0,19.16,90.0,412.91,9.59,13.49,Zaid,Sprinkler,River,6.91,No,101.65,South,Medium,80.02
Cotton,Sowing,Sandy,6.94,34.38,1.05,0.36,117.0,46.0,19.0,13.55,58.91,1868.8,9.08,14.06,Kharif,Rainfed,Groundwater,8.28,Yes,1.77,East,Low,0.84
Cotton,Harvest,Loamy,5.39,20.6,1.28,0.39,117.0,46.0,19.0,32.57,52.02,2212.31,7.09,9.37,Zaid,Canal,River,7.2,No,39.08,Central,Medium,24.75
Rice,Sowing,Silt,6.39,9.57,1.41,1.83,80.0,47.0,40.0,22.36,58.63,471.56,4.2,15.72,Rabi,Drip,River,9.66,Yes,71.09,West,Low,43.18
Rice,Flowering,Sandy,6.8,17.66,0.75,2.33,80.0,47.0,40.0,29.71,68.24,1301.51,5.6,4.77,Rabi,Canal,Reservoir,10.78,No,32.41,North,Medium,34.41
Cotton,Sowing,Clay,7.07,46.28,0.9,2.29,117.0,46.0,19.0,27.8,83.5,1857.34,4.99,10.68,Rabi,Drip,River,11.22,No,63.22,Central,Low,30.67
Rice,Sowing,Loamy,6.78,13.64,0.55,1.14,80.0,47.0,40.0,30.73,67.62,1281.35,7.49,13.86,Zaid,Canal,Groundwater,10.49,No,57.34,East,Medium,51.23
Rice,Harvest,Silt,5.43,42.86,0.83,1.44,80.0,47.0,40.0,32.27,75.68,2019.47,6.08,16.82,Zaid,Rainfed,Rainwater,11.95,Yes,65.22,South,Low,23.87
Cotton,Vegetative,Silt,5.11,58.56,0.62,0.37,117.0,46.0,19.0,30.3,71.69,858.78,10.1,8.8,Kharif,Sprinkler,Groundwater,8.63,No,8.51,Central,Medium,5.33
Maize,Vegetative,Silt,7.35,21.97,1.53,1.82,76.0,48.5,20.0,33.45,34.46,1867.85,5.15,10.82,Kharif,Canal,Reservoir,3.67,No,27.62,Central,High,32.41
Cotton,Vegetative,Loamy,5.4,30.7,0.78,1.93,117.0,46.0,19.0,19.85,55.13,164.94,7.48,2.72,Kharif,Canal,Reservoir,4.84,Yes,30.37,West,Medium,30.59
Maize,Flowering,Silt,6.06,26.76,1.16,1.24,76.0,48.5,20.0,18.64,90.69,860.81,8.19,16.71,Rabi,Rainfed,Rainwater,3.59,No,108.84,South,Medium,97.97
Cotton,Harvest,Sandy,4.9,51.96,0.75,3.42,117.0,46.0,19.0,36.78,47.84,796.35,10.51,6.74,Kharif,Canal,Rainwater,8.28,Yes,18.23,South,Low,6.36
Rice,Flowering,Silt,4.98,53.47,1.32,2.04,80.0,47.0,40.0,28.55,52.56,1786.01,6.04,10.37,Zaid,Rainfed,Reservoir,11.63,Yes,36.9,East,Low,20.14
Cotton,Vegetative,Loamy,7.65,47.74,0.43,3.41,117.0,46.0,19.0,14.09,54.88,2256.92,10.74,2.43,Rabi,Drip,Reservoir,14.65,No,111.08,West,Low,46.52
Maize,Harvest,Clay,6.07,50.81,1.5,3.11,76.0,48.5,20.0,21.07,75.32,451.64,8.22,15.16,Kharif,Drip,Rainwater,12.85,No,7.81,East,Low,2.55
Rice,Flowering,Silt,5.91,44.14,1.19,0.86,80.0,47.0,40.0,39.06,78.79,281.3,6.02,9.48,Kharif,Drip,Groundwater,7.99,No,108.49,East,Medium,127.71
Maize,Sowing,Silt,5.31,50.12,0.56,2.84,76.0,48.5,20.0,23.68,32.24,412.07,7.53,7.48,Kharif,Drip,Groundwater,0.33,No,9.12,South,Low,4.56
Maize,Flowering,Clay,6.91,60.32,1.09,0.34,76.0,48.5,20.0,35.47,51.56,841.58,4.18,5.87,Rabi,Drip,Groundwater,6.65,Yes,7.26,North,Low,3.93
Maize,Vegetative,Clay,6.02,32.81,1.33,2.93,76.0,48.5,20.0,13.74,67.22,370.07,6.09,2.58,Kharif,Sprinkler,Reservoir,5.69,No,38.03,Central,Low,21.15
Cotton,Sowing,Clay,5.41,60.31,0.44,1.5,117.0,46.0,19.0,39.62,28.67,66.17,4.82,9.64,Rabi,Drip,River,13.07,Yes,29.73,West,Low,20.45
Cotton,Flowering,Loamy,6.39,56.8,1.45,3.49,117.0,46.0,19.0,29.08,64.33,1446.83,6.63,10.8,Kharif,Sprinkler,Groundwater,8.78,No,68.55,Central,Medium,51.87
Cotton,Harvest,Clay,7.39,51.38,0.88,2.21,117.0,46.0,19.0,34.08,67.07,2286.57,4.44,11.35,Kharif,Canal,Reservoir,9.46,No,78.51,South,Low,26.9
Rice,Flowering,Loamy,6.44,48.35,1.56,0.89,80.0,47.0,40.0,13.32,40.57,153.65,10.01,15.84,Kharif,Canal,Groundwater,0.66,No,28.61,North,Medium,28.19
Cotton,Sowing,Loamy,7.11,26.73,0.9,3.08,117.0,46.0,19.0,35.44,63.31,1183.28,7.26,11.94,Zaid,Rainfed,River,9.25,Yes,108.64,Central,Low,67.3
Cotton,Sowing,Loamy,5.26,23.1,0.78,2.16,117.0,46.0,19.0,34.79,94.36,954.28,6.09,4.68,Kharif,Drip,Reservoir,11.66,Yes,2.74,North,Low,1.74
Rice,Vegetative,Sandy,6.65,24.8,1.24,1.18,80.0,47.0,40.0,22.19,85.28,1362.84,4.04,9.24,Kharif,Canal,Groundwater,10.6,Yes,6.27,North,Medium,4.96
Rice,Vegetative,Loamy,6.02,60.82,1.48,3.3,80.0,47.0,40.0,23.79,45.87,127.49,5.13,13.64,Kharif,Sprinkler,Groundwater,13.66,Yes,49.92,South,Medium,40.24
Cotton,Vegetative,Sandy,6.21,56.24,1.16,0.47,117.0,46.0,19.0,39.97,88.46,1157.12,7.59,10.73,Zaid,Drip,River,2.25,Yes,77.75,South,Medium,54.48
Cotton,Harvest,Loamy,8.04,59.61,1.54,3.48,117.0,46.0,19.0,35.87,50.04,2380.61,6.7,17.33,Kharif,Sprinkler,Reservoir,8.06,Yes,55.07,North,Low,17.58
Rice,Harvest,Silt,6.44,8.52,0.9,2.72,80.0,47.0,40.0,33.55,65.71,2379.85,7.55,3.36,Kharif,Canal,Reservoir,0.88,No,15.19,Central,Medium,9.75
Rice,Flowering,Loamy,7.09,53.17,1.33,1.75,80.0,47.0,40.0,32.05,33.89,1761.44,8.1,10.38,Zaid,Sprinkler,Groundwater,4.94,Yes,13.14,South,Medium,10.62
Maize,Vegetative,Silt,5.0,53.88,0.91,1.57,76.0,48.5,20.0,39.41,90.35,2450.87,4.51,10.53,Kharif,Canal,Rainwater,9.32,No,101.19,North,Medium,72.33
Rice,Flowering,Sandy,4.98,47.06,0.78,0.22,80.0,47.0,40.0,34.81,52.77,1981.85,6.12,16.48,Kharif,Rainfed,Reservoir,7.04,Yes,29.44,West,Medium,25.96
Maize,Sowing,Loamy,7.6,38.85,0.56,1.73,76.0,48.5,20.0,31.97,90.95,1130.59,10.25,6.01,Rabi,Rainfed,Rainwater,10.64,No,105.75,West,Low,57.21
Cotton,Harvest,Silt,5.61,36.68,0.74,2.36,117.0,46.0,19.0,27.26,86.8,211.66,8.69,6.37,Kharif,Drip,Groundwater,2.5,No,4.89,East,Low,2.38
Cotton,Harvest,Loamy,6.44,25.4,0.54,3.03,117.0,46.0,19.0,33.98,48.39,1940.57,10.2,8.13,Rabi,Canal,Rainwater,1.74,No,81.38,East,Low,35.2
Rice,Vegetative,Clay,6.83,53.4,0.75,1.35,80.0,47.0,40.0,12.93,69.71,113.17,6.61,3.29,Rabi,Sprinkler,Reservoir,1.74,Yes,24.97,East,Medium,20.07
Cotton,Harvest,Silt,5.78,33.59,0.38,1.49,117.0,46.0,19.0,30.95,77.53,800.49,6.39,13.31,Kharif,Rainfed,Groundwater,9.79,Yes,23.99,North,Low,9.42
Cotton,Sowing,Silt,5.81,13.39,1.09,0.79,117.0,46.0,19.0,14.02,67.14,2371.39,5.44,12.27,Zaid,Canal,River,14.2,No,59.73,East,Medium,45.42
Maize,Flowering,Sandy,4.99,34.96,1.43,1.44,76.0,48.5,20.0,24.31,77.97,613.38,10.4,16.51,Rabi,Drip,Groundwater,8.76,Yes,56.83,North,Low,35.45
Maize,Sowing,Sandy,4.81,34.5,1.36,2.43,76.0,48.5,20.0,38.96,78.68,432.88,7.28,3.89,Zaid,Sprinkler,Rainwater,11.62,No,105.69,East,Low,69.28
Cotton,Flowering,Loamy,5.14,45.25,0.67,1.5,117.0,46.0,19.0,40.6,41.8,509.18,6.76,9.31,Kharif,Drip,Reservoir,3.12,Yes,91.18,West,Low,60.94
Rice,Vegetative,Silt,7.49,34.85,0.48,3.18,80.0,47.0,40.0,35.47,52.35,592.02,5.2,7.97,Kharif,Sprinkler,Rainwater,12.97,No,16.07,East,Medium,13.29
Maize,Vegetative,Loamy,8.07,16.18,0.5,2.19,76.0,48.5,20.0,16.54,79.68,1595.8,9.62,19.99,Rabi,Drip,Reservoir,2.48,No,57.28,West,Medium,44.31
Rice,Flowering,Clay,6.67,47.32,0.48,2.29,80.0,47.0,40.0,35.19,87.68,1867.4,9.26,3.57,Kharif,Rainfed,Groundwater,0.43,No,14.13,Central,Medium,12.47
Rice,Harvest,Loamy,6.88,50.67,0.57,2.65,80.0,47.0,40.0,37.82,32.36,75.04,4.27,6.66,Zaid,Rainfed,River,2.84,Yes,49.35,North,Low,25.74
Maize,Vegetative,Clay,7.97,16.58,1.34,0.31,76.0,48.5,20.0,14.98,32.04,1513.16,7.39,6.83,Rabi,Sprinkler,Groundwater,7.3,Yes,45.18,South,Medium,34.36
Rice,Harvest,Clay,5.47,61.67,1.05,0.48,80.0,47.0,40.0,15.77,63.91,525.74,8.69,5.08,Kharif,Drip,Reservoir,5.2,Yes,4.06,South,Low,1.04
Rice,Flowering,Clay,5.18,50.15,1.07,2.79,80.0,47.0,40.0,24.9,64.35,844.97,5.46,14.78,Kharif,Rainfed,River,11.89,Yes,108.13,Central,Low,58.89
Maize,Sowing,Sandy,5.39,30.65,0.78,1.51,76.0,48.5,20.0,29.9,54.56,587.11,7.49,5.74,Rabi,Drip,Rainwater,13.87,Yes,17.97,South,Low,10.24
Cotton,Sowing,Sandy,6.07,29.89,0.96,2.3,117.0,46.0,19.0,19.63,34.69,212.13,9.82,19.66,Zaid,Sprinkler,Groundwater,2.05,No,83.6,South,Medium,81.58
Cotton,Vegetative,Silt,7.03,49.93,1.01,2.47,117.0,46.0,19.0,18.19,33.65,879.2,8.75,5.03,Rabi,Sprinkler,Rainwater,10.75,No,77.46,South,Low,32.87
Maize,Harvest,Loamy,7.92,10.44,0.75,1.85,76.0,48.5,20.0,41.96,27.6,1952.42,8.32,14.42,Rabi,Sprinkler,Reservoir,10.67,No,117.89,South,Medium,80.19
Cotton,Sowing,Loamy,5.45,45.86,0.32,2.81,117.0,46.0,19.0,28.57,45.8,588.77,6.59,1.82,Kharif,Rainfed,River,7.49,No,14.12,West,Low,6.93
Cotton,Harvest,Sandy,6.74,57.5,0.38,3.22,117.0,46.0,19.0,19.25,44.04,2235.83,7.99,6.17,Kharif,Sprinkler,Rainwater,10.68,No,118.2,South,Low,32.82
Cotton,Flowering,Silt,6.35,43.7,1.24,2.71,117.0,46.0,19.0,28.96,80.29,933.78,10.9,3.83,Zaid,Canal,River,9.04,No,62.6,South,Low,37.77
Maize,Flowering,Silt,6.33,58.59,1.46,1.59,76.0,48.5,20.0,23.61,52.41,2245.36,7.09,15.67,Kharif,Sprinkler,River,11.37,No,29.45,South,Medium,20.71
Maize,Flowering,Loamy,6.56,39.82,0.35,1.05,76.0,48.5,20.0,17.06,59.06,1865.4,4.22,9.09,Zaid,Drip,Groundwater,11.03,No,22.92,West,Low,12.69
Rice,Vegetative,Sandy,6.2,9.72,0.61,1.03,80.0,47.0,40.0,18.48,67.08,1806.88,10.1,10.93,Kharif,Drip,Rainwater,9.09,No,100.49,West,Medium,79.38
Cotton,Flowering,Silt,7.78,24.56,0.74,1.1,117.0,46.0,19.0,19.07,59.81,17.31,10.33,17.2,Rabi,Sprinkler,Rainwater,13.24,No,53.08,West,High,96.58
Maize,Vegetative,Loamy,6.92,21.36,0.86,1.41,76.0,48.5,20.0,12.76,61.22,565.26,4.88,13.14,Kharif,Canal,Rainwater,14.25,Yes,98.28,North,Medium,73.96
Cotton,Vegetative,Sandy,6.39,16.32,0.6,1.12,117.0,46.0,19.0,27.98,44.15,268.9,10.04,11.66,Zaid,Drip,River,8.12,Yes,1.77,North,High,2.53
Maize,Vegetative,Clay,5.54,43.86,1.03,1.84,76.0,48.5,20.0,31.55,93.88,2192.54,8.07,17.09,Kharif,Sprinkler,Reservoir,14.14,No,26.98,North,Medium,19.83
Maize,Vegetative,Sandy,8.06,17.63,0.91,1.56,76.0,48.5,20.0,26.35,35.55,377.59,10.15,15.73,Rabi,Drip,Groundwater,12.0,Yes,5.11,East,Medium,5.04
Maize,Flowering,Loamy,6.16,25.27,0.47,2.23,76.0,48.5,20.0,34.01,89.4,474.99,10.49,14.04,Kharif,Rainfed,River,3.7,Yes,7.07,West,Medium,7.88
Cotton,Flowering,Clay,6.57,14.16,0.85,2.64,117.0,46.0,19.0,30.39,71.12,568.98,4.74,1.28,Rabi,Rainfed,Rainwater,0.9,Yes,94.94,North,Medium,101.46
Maize,Flowering,Clay,5.96,51.53,0.76,2.87,76.0,48.5,20.0,15.96,89.78,2360.82,8.52,9.22,Zaid,Sprinkler,River,6.11,No,55.72,West,Low,27.25
Cotton,Sowing,Silt,7.06,15.27,1.56,1.72,117.0,46.0,19.0,17.69,64.45,815.49,6.45,12.18,Kharif,Drip,Reservoir,3.6,No,88.74,Central,Medium,69.5
Rice,Sowing,Silt,7.22,32.83,0.31,2.54,80.0,47.0,40.0,26.85,88.38,2053.9,5.92,3.03,Kharif,Sprinkler,Groundwater,12.07,Yes,72.27,North,Low,39.24
Rice,Vegetative,Clay,7.8,42.74,1.53,2.4,80.0,47.0,40.0,23.92,47.36,2374.99,10.62,13.78,Zaid,Canal,Reservoir,10.3,No,31.56,Central,Medium,21.77
Rice,Flowering,Loamy,6.06,46.53,1.01,2.02,80.0,47.0,40.0,18.17,53.53,1298.14,7.09,3.95,Rabi,Canal,River,1.35,No,88.43,Central,Low,46.55
Maize,Harvest,Silt,8.06,49.55,0.54,0.84,76.0,48.5,20.0,19.13,73.9,665.03,9.06,6.63,Zaid,Canal,River,6.29,No,97.36,Central,Low,29.32
Rice,Harvest,Silt,7.07,47.63,0.48,0.72,80.0,47.0,40.0,28.63,84.24,2126.15,7.96,1.89,Kharif,Rainfed,Rainwater,14.24,Yes,101.3,South,Low,34.23
Maize,Vegetative,Silt,6.66,49.31,0.47,2.52,76.0,48.5,20.0,14.8,27.08,1551.85,9.13,16.95,Rabi,Sprinkler,Rainwater,8.9,Yes,106.1,North,Low,43.75
Maize,Harvest,Sandy,7.37,47.52,0.51,3.13,76.0,48.5,20.0,12.66,44.02,761.96,4.32,15.22,Kharif,Drip,Groundwater,9.37,Yes,43.2,West,Low,12.69
Rice,Flowering,Loamy,7.53,47.15,0.44,2.25,80.0,47.0,40.0,19.72,66.89,2162.43,10.97,15.65,Zaid,Drip,Reservoir,3.04,Yes,87.07,North,Low,46.31
Cotton,Vegetative,Loamy,6.68,37.34,1.18,1.6,117.0,46.0,19.0,27.06,64.52,600.59,5.84,19.97,Kharif,Sprinkler,Groundwater,1.02,Yes,109.56,North,Low,57.32
Rice,Harvest,Loamy,6.46,57.47,0.58,1.23,80.0,47.0,40.0,32.61,52.74,919.82,8.92,7.27,Zaid,Rainfed,Groundwater,2.32,Yes,5.96,East,Low,1.89
Rice,Vegetative,Loamy,5.09,52.41,1.42,3.23,80.0,47.0,40.0,13.07,38.47,386.13,9.34,6.09,Rabi,Canal,Reservoir,2.06,Yes,40.99,South,Low,18.71
Maize,Flowering,Clay,8.04,49.42,1.05,0.34,76.0,48.5,20.0,32.85,53.97,2122.73,6.9,13.37,Kharif,Canal,River,9.33,Yes,7.91,North,Medium,6.69
Rice,Flowering,Loamy,5.37,45.26,1.51,2.55,80.0,47.0,40.0,35.69,30.44,110.68,10.02,19.97,Kharif,Sprinkler,Reservoir,13.31,Yes,100.04,East,Medium,128.91
Cotton,Sowing,Loamy,6.48,46.99,0.71,1.64,117.0,46.0,19.0,38.81,43.03,2455.38,4.09,8.81,Kharif,Drip,Groundwater,10.78,Yes,79.64,South,Low,42.48
Cotton,Harvest,Loamy,7.77,24.81,1.57,2.52,117.0,46.0,19.0,16.59,47.8,2494.43,6.92,15.39,Rabi,Canal,Rainwater,1.53,No,91.8,West,Medium,47.89
Rice,Harvest,Clay,7.82,8.51,1.57,0.33,80.0,47.0,40.0,13.29,80.78,353.79,6.51,15.9,Rabi,Sprinkler,Rainwater,10.59,Yes,38.82,Central,Low,17.01
Cotton,Flowering,Sandy,4.93,60.76,0.92,1.73,117.0,46.0,19.0,21.15,83.12,861.65,8.18,9.1,Kharif,Sprinkler,Rainwater,1.35,Yes,78.72,South,Low,36.88
Rice,Vegetative,Clay,6.83,54.13,0.73,0.46,80.0,47.0,40.0,26.12,80.21,85.26,6.83,2.29,Kharif,Drip,River,9.73,No,35.73,East,Medium,32.67
Maize,Flowering,Clay,6.75,28.15,1.15,0.57,76.0,48.5,20.0,19.12,58.58,1338.66,6.73,13.97,Zaid,Sprinkler,Rainwater,3.35,No,35.18,South,Medium,31.47
Maize,Vegetative,Sandy,7.56,59.33,0.8,1.89,76.0,48.5,20.0,13.48,43.46,1625.66,4.26,18.85,Kharif,Rainfed,Rainwater,6.49,No,78.03,East,Medium,41.39
Rice,Flowering,Loamy,8.09,27.23,1.22,1.29,80.0,47.0,40.0,12.7,32.51,1531.23,4.15,15.99,Zaid,Sprinkler,Groundwater,9.21,No,93.04,Central,Medium,80.19
Cotton,Flowering,Silt,8.19,52.76,0.9,2.93,117.0,46.0,19.0,24.29,85.69,292.5,10.18,13.43,Kharif,Drip,Reservoir,14.72,No,91.44,Central,Medium,85.28
Cotton,Flowering,Loamy,7.69,47.02,0.54,0.64,117.0,46.0,19.0,40.64,30.25,2012.52,9.61,16.14,Rabi,Drip,Groundwater,11.94,Yes,84.54,South,Medium,78.09
Rice,Flowering,Loamy,6.12,63.61,0.38,2.41,80.0,47.0,40.0,12.05,36.38,1447.89,5.05,9.66,Rabi,Sprinkler,Reservoir,11.64,Yes,101.83,Central,Low,43.23
Cotton,Vegetative,Clay,5.53,59.24,1.19,1.24,117.0,46.0,19.0,16.59,80.66,2190.96,9.19,5.06,Zaid,Drip,Reservoir,13.48,No,46.79,East,Low,17.7
Maize,Sowing,Loamy,6.25,11.88,0.89,2.24,76.0,48.5,20.0,39.47,76.48,77.69,7.34,7.66,Zaid,Sprinkler,Groundwater,5.29,No,53.52,East,Medium,75.52
Maize,Vegetative,Clay,7.99,25.22,0.62,0.78,76.0,48.5,20.0,35.31,53.61,1723.03,8.65,13.11,Zaid,Sprinkler,Rainwater,13.48,Yes,6.88,North,Medium,6.16
Cotton,Sowing,Sandy,6.26,26.25,0.5,0.2,117.0,46.0,19.0,24.58,84.4,2411.38,6.07,10.24,Rabi,Canal,Rainwater,12.29,Yes,88.86,Central,Low,49.82
Cotton,Harvest,Loamy,6.95,45.8,1.04,1.51,117.0,46.0,19.0,37.8,60.66,1786.99,5.08,11.18,Kharif,Sprinkler,River,10.64,Yes,56.58,Central,Low,21.18
Maize,Sowing,Sandy,7.52,36.35,1.55,1.69,76.0,48.5,20.0,18.0,76.78,1649.61,5.97,13.43,Kharif,Canal,Reservoir,2.98,Yes,31.02,South,Low,14.92
Rice,Flowering,Silt,6.34,45.95,1.13,2.66,80.0,47.0,40.0,32.51,40.4,44.92,9.24,19.56,Rabi,Canal,Reservoir,8.48,Yes,35.24,South,Medium,45.89
Rice,Flowering,Clay,6.61,57.93,1.23,0.41,80.0,47.0,40.0,25.77,44.97,1173.06,4.87,14.98,Rabi,Rainfed,Reservoir,8.91,No,66.75,Central,Medium,48.31
Maize,Flowering,Clay,5.95,61.53,1.37,0.8,76.0,48.5,20.0,31.08,25.81,1306.76,8.75,6.18,Rabi,Canal,Reservoir,9.13,Yes,67.03,West,Low,34.35
Cotton,Sowing,Silt,7.04,43.22,1.07,0.74,117.0,46.0,19.0,12.38,75.08,1081.2,5.43,9.82,Kharif,Rainfed,Groundwater,8.67,No,11.51,West,Low,5.03
Rice,Harvest,Silt,4.99,53.45,1.38,1.06,80.0,47.0,40.0,23.24,41.42,314.25,4.02,9.46,Zaid,Drip,Reservoir,7.24,No,16.94,West,Low,6.22
Maize,Vegetative,Loamy,4.86,25.19,1.32,3.43,76.0,48.5,20.0,24.44,53.71,933.4,5.44,17.45,Kharif,Sprinkler,Groundwater,12.32,No,31.11,North,Medium,25.1
Cotton,Vegetative,Clay,5.85,57.07,1.25,3.34,117.0,46.0,19.0,28.92,61.21,54.61,8.67,12.8,Rabi,Canal,Groundwater,5.85,No,37.35,West,Medium,34.76
Cotton,Flowering,Clay,6.59,44.13,1.32,0.8,117.0,46.0,19.0,38.39,81.31,2312.13,7.98,14.72,Kharif,Drip,River,6.03,No,48.11,Central,Medium,45.05
Cotton,Harvest,Clay,7.81,27.16,1.23,1.19,117.0,46.0,19.0,15.02,75.02,917.72,10.77,17.07,Zaid,Sprinkler,River,3.66,No,97.37,North,Low,34.29
Maize,Vegetative,Clay,6.31,30.03,0.87,1.37,76.0,48.5,20.0,26.73,87.53,1317.23,5.51,7.04,Rabi,Drip,River,11.44,Yes,22.28,East,Low,12.37
Rice,Harvest,Clay,6.89,44.99,1.51,3.36,80.0,47.0,40.0,33.09,46.14,2209.04,4.41,13.3,Kharif,Canal,Groundwater,8.0,No,2.18,Central,Low,0.79
Cotton,Vegetative,Loamy,6.23,24.76,1.05,2.68,117.0,46.0,19.0,12.6,35.86,2442.0,5.14,17.74,Rabi,Canal,Reservoir,10.2,Yes,47.64,North,Medium,34.9
Cotton,Harvest,Sandy,7.6,41.61,1.3,2.99,117.0,46.0,19.0,34.1,94.46,2266.57,5.18,1.43,Zaid,Drip,River,1.87,No,72.78,East,Low,27.41
Maize,Sowing,Clay,5.48,52.88,0.86,0.38,76.0,48.5,20.0,35.6,69.01,1759.67,4.59,1.7,Rabi,Canal,River,6.41,Yes,89.14,Central,Low,43.57
Maize,Vegetative,Sandy,5.01,10.59,1.59,1.41,76.0,48.5,20.0,14.7,62.24,565.52,4.8,15.97,Rabi,Drip,Groundwater,13.4,Yes,56.95,West,Medium,43.31
Rice,Harvest,Sandy,5.61,14.07,1.3,1.22,80.0,47.0,40.0,17.5,64.01,698.03,8.93,4.23,Kharif,Rainfed,River,5.19,Yes,80.17,West,Low,30.7
Maize,Harvest,Silt,6.25,54.43,1.05,2.02,76.0,48.5,20.0,25.89,69.91,1774.93,10.94,6.61,Zaid,Rainfed,Reservoir,6.39,No,64.87,North,Low,19.92
Cotton,Harvest,Silt,7.28,43.54,1.51,0.72,117.0,46.0,19.0,31.12,76.23,2060.3,8.73,11.93,Kharif,Rainfed,River,11.41,No,46.55,East,Low,16.75
Maize,Vegetative,Sandy,6.92,18.89,1.48,2.02,76.0,48.5,20.0,31.12,30.48,2098.57,8.96,3.06,Zaid,Canal,River,3.78,Yes,70.47,South,Medium,63.19
Rice,Harvest,Silt,7.57,11.44,0.73,0.22,80.0,47.0,40.0,29.25,46.77,1979.11,8.23,18.21,Zaid,Canal,River,0.88,Yes,48.67,East,Low,21.01
Maize,Flowering,Silt,5.9,42.01,0.63,2.69,76.0,48.5,20.0,12.25,39.97,2088.39,5.52,10.12,Kharif,Sprinkler,Reservoir,7.31,No,6.48,South,Medium,4.91
Maize,Vegetative,Sandy,5.01,54.01,0.62,2.75,76.0,48.5,20.0,34.37,90.71,2400.61,4.45,0.77,Rabi,Sprinkler,Reservoir,6.55,No,34.24,West,Medium,23.37
Rice,Vegetative,Silt,5.37,48.45,1.02,1.55,80.0,47.0,40.0,33.87,72.86,1791.82,10.83,15.79,Zaid,Rainfed,Rainwater,0.67,No,94.81,West,Medium,68.13
Maize,Harvest,Loamy,5.42,49.59,0.87,2.05,76.0,48.5,20.0,20.44,40.77,767.74,8.83,10.11,Kharif,Rainfed,Reservoir,1.32,No,33.09,South,Low,10.1
Maize,Sowing,Silt,5.12,59.51,1.45,0.64,76.0,48.5,20.0,12.28,88.42,2237.39,6.76,13.5,Rabi,Canal,River,7.5,Yes,100.98,Central,Low,37.42
Cotton,Vegetative,Clay,7.89,53.39,1.09,0.18,117.0,46.0,19.0,16.36,29.47,1930.19,7.7,14.59,Zaid,Sprinkler,Rainwater,10.3,No,64.75,East,Medium,37.15
Cotton,Flowering,Silt,6.38,30.87,0.54,1.52,117.0,46.0,19.0,29.21,47.38,1207.45,5.87,15.86,Rabi,Rainfed,Groundwater,13.27,Yes,6.0,West,Low,4.07
Cotton,Flowering,Sandy,4.88,54.73,0.66,0.98,117.0,46.0,19.0,31.15,55.49,2188.7,4.74,7.4,Rabi,Sprinkler,Groundwater,5.75,No,100.95,West,Medium,79.63
Maize,Flowering,Sandy,7.89,15.21,0.98,3.08,76.0,48.5,20.0,35.65,44.86,44.79,7.47,18.9,Zaid,Sprinkler,Rainwater,13.82,Yes,80.16,East,High,174.51
Maize,Sowing,Clay,8.0,12.77,1.16,1.68,76.0,48.5,20.0,38.62,68.29,585.77,4.97,3.25,Kharif,Drip,Rainwater,10.56,No,75.06,West,Medium,72.06
Cotton,Sowing,Silt,7.75,57.25,0.46,1.5,117.0,46.0,19.0,29.57,82.83,410.59,6.24,19.36,Kharif,Canal,Groundwater,2.43,Yes,106.61,East,Low,52.57
Maize,Flowering,Sandy,4.95,21.82,0.57,0.36,76.0,48.5,20.0,24.08,34.78,1924.45,9.15,12.35,Kharif,Rainfed,Reservoir,1.01,Yes,19.99,North,Medium,19.8
Maize,Vegetative,Loamy,8.11,37.83,0.96,0.23,76.0,48.5,20.0,38.46,28.63,1562.31,4.84,4.38,Kharif,Drip,River,7.02,No,33.97,North,Medium,28.1
Maize,Vegetative,Sandy,4.86,18.5,0.7,0.69,76.0,48.5,20.0,30.25,47.36,1837.81,6.44,3.77,Zaid,Sprinkler,Rainwater,3.84,No,82.16,West,Medium,73.07
Maize,Vegetative,Sandy,6.05,37.41,0.6,3.13,76.0,48.5,20.0,18.78,60.52,282.83,10.82,14.34,Kharif,Sprinkler,River,2.35,No,9.43,South,Medium,8.08
Cotton,Vegetative,Sandy,8.08,60.82,1.14,1.47,117.0,46.0,19.0,12.47,92.12,655.7,4.12,18.72,Kharif,Drip,Reservoir,14.39,No,95.28,Central,Medium,49.71
Cotton,Harvest,Silt,5.35,32.46,0.71,2.55,117.0,46.0,19.0,12.48,48.84,741.34,8.57,11.98,Zaid,Rainfed,Groundwater,11.34,No,71.47,South,Low,24.08
Cotton,Sowing,Sandy,5.42,61.52,0.44,2.06,117.0,46.0,19.0,13.54,66.4,1504.64,7.18,15.74,Zaid,Rainfed,Rainwater,1.6,Yes,44.69,North,Low,16.19
Maize,Harvest,Loamy,5.42,53.07,1.11,2.7,76.0,48.5,20.0,24.5,67.29,2172.28,9.87,11.33,Zaid,Sprinkler,Groundwater,0.59,No,107.53,West,Low,33.03
Cotton,Sowing,Silt,6.97,22.37,0.84,3.35,117.0,46.0,19.0,19.15,37.53,796.73,10.48,14.41,Kharif,Sprinkler,Rainwater,7.14,No,111.09,Central,Medium,86.77
Maize,Flowering,Sandy,6.21,19.49,0.79,0.22,76.0,48.5,20.0,29.98,71.76,782.74,9.11,2.05,Zaid,Canal,Groundwater,12.13,No,27.09,East,Medium,28.84
Cotton,Harvest,Loamy,7.75,15.13,0.75,0.35,117.0,46.0,19.0,25.91,39.03,1944.57,10.11,8.02,Rabi,Sprinkler,Rainwater,9.86,Yes,51.53,West,Low,21.53
Rice,Sowing,Loamy,5.67,16.1,1.48,2.75,80.0,47.0,40.0,29.65,52.11,168.79,9.59,4.81,Rabi,Sprinkler,Groundwater,1.71,Yes,96.58,North,Medium,116.61
Maize,Sowing,Sandy,5.84,20.73,0.48,1.41,76.0,48.5,20.0,25.42,66.57,2256.57,9.55,11.66,Zaid,Canal,Reservoir,2.73,Yes,30.46,South,Low,17.99
Cotton,Harvest,Silt,6.63,52.9,0.69,0.39,117.0,46.0,19.0,40.13,35.36,2487.78,4.96,13.51,Kharif,Rainfed,River,2.29,Yes,4.34,South,Low,1.54
Cotton,Vegetative,Clay,7.61,58.73,0.34,2.16,117.0,46.0,19.0,40.89,40.77,983.28,8.28,10.07,Kharif,Canal,Groundwater,5.43,No,9.88,South,Medium,6.74
Rice,Vegetative,Clay,6.25,63.04,1.49,0.91,80.0,47.0,40.0,22.28,42.83,875.72,5.21,16.03,Rabi,Sprinkler,Groundwater,4.06,Yes,2.98,East,Low,1.15
Cotton,Flowering,Loamy,8.04,48.16,1.21,0.47,117.0,46.0,19.0,17.76,53.11,2213.01,8.38,2.75,Zaid,Canal,Reservoir,8.88,No,81.64,North,Low,42.11
Maize,Harvest,Silt,7.65,55.99,1.25,0.44,76.0,48.5,20.0,41.99,38.93,1480.15,7.13,18.99,Rabi,Rainfed,Groundwater,3.77,Yes,37.75,South,Low,13.0
Maize,Sowing,Clay,6.99,26.43,1.02,1.66,76.0,48.5,20.0,33.4,72.98,719.68,6.62,11.94,Rabi,Rainfed,Reservoir,6.87,Yes,102.01,Central,Low,62.17
Rice,Flowering,Sandy,5.4,35.28,1.24,1.33,80.0,47.0,40.0,34.21,80.02,2474.68,5.09,1.13,Rabi,Sprinkler,River,4.68,No,86.4,East,Medium,84.43
Maize,Harvest,Silt,6.71,37.2,0.69,3.33,76.0,48.5,20.0,32.39,33.67,701.84,7.25,18.23,Kharif,Rainfed,River,14.47,No,75.81,East,Low,29.25
Rice,Harvest,Silt,6.56,61.0,0.75,1.24,80.0,47.0,40.0,26.15,25.32,1945.49,10.16,5.88,Kharif,Rainfed,River,2.5,No,114.48,West,Low,32.82
Maize,Harvest,Silt,7.95,50.4,1.47,1.03,76.0,48.5,20.0,13.62,75.7,2097.69,6.18,13.82,Rabi,Sprinkler,River,1.93,Yes,15.56,South,Low,4.44
Maize,Sowing,Loamy,6.18,21.75,0.51,2.02,76.0,48.5,20.0,22.73,71.27,984.49,5.7,6.2,Rabi,Drip,Groundwater,6.8,Yes,44.63,Central,Low,25.45
Rice,Sowing,Sandy,6.77,47.26,0.95,0.16,80.0,47.0,40.0,31.39,34.58,1035.32,8.59,9.22,Kharif,Rainfed,Rainwater,2.99,No,30.75,North,Low,15.29
Maize,Harvest,Silt,4.94,15.99,1.31,2.32,76.0,48.5,20.0,17.86,78.52,734.8,10.49,12.2,Zaid,Rainfed,Rainwater,9.13,No,34.14,East,Medium,18.75
Maize,Flowering,Sandy,7.59,20.37,0.7,1.04,76.0,48.5,20.0,37.58,76.87,1138.88,4.71,0.65,Rabi,Canal,Rainwater,6.36,No,52.76,West,Medium,60.06
Cotton,Vegetative,Silt,5.78,39.22,0.86,0.74,117.0,46.0,19.0,39.83,94.3,2309.19,6.57,13.55,Rabi,Drip,Groundwater,11.41,No,111.77,Central,Medium,92.42
Maize,Sowing,Silt,8.11,43.93,0.86,0.43,76.0,48.5,20.0,27.19,60.56,1265.68,10.85,5.62,Zaid,Drip,Reservoir,2.48,No,41.27,North,Low,20.35
Rice,Sowing,Clay,7.09,16.1,0.84,1.81,80.0,47.0,40.0,14.87,80.98,1072.91,9.72,10.28,Kharif,Canal,River,11.55,No,10.06,West,Medium,7.65
Cotton,Sowing,Clay,6.17,46.41,0.78,0.8,117.0,46.0,19.0,18.25,78.83,2405.87,10.94,3.2,Zaid,Rainfed,Rainwater,1.97,Yes,63.08,Central,Low,27.72
Cotton,Flowering,Silt,7.73,30.3,0.52,2.65,117.0,46.0,19.0,34.21,61.58,412.52,9.63,5.63,Kharif,Canal,Rainwater,6.96,No,38.1,East,Medium,43.33
Rice,Harvest,Clay,5.42,30.79,0.92,2.65,80.0,47.0,40.0,19.23,52.73,1722.81,6.1,11.56,Zaid,Canal,Reservoir,10.98,Yes,5.04,South,Low,1.8
Cotton,Flowering,Loamy,8.03,36.47,0.53,1.04,117.0,46.0,19.0,24.1,54.05,692.24,8.33,13.97,Rabi,Drip,Groundwater,5.63,Yes,111.41,North,Low,68.44
Maize,Vegetative,Silt,7.58,36.8,0.85,3.27,76.0,48.5,20.0,38.05,53.88,2010.11,4.63,4.59,Zaid,Canal,Reservoir,0.69,No,62.22,South,Medium,51.76
Maize,Flowering,Sandy,8.01,42.62,1.14,1.07,76.0,48.5,20.0,41.56,81.53,2337.82,7.55,1.94,Kharif,Canal,River,12.59,No,54.02,North,Medium,52.03
Maize,Sowing,Sandy,5.73,43.09,1.22,2.25,76.0,48.5,20.0,28.22,93.7,2339.47,5.18,6.54,Kharif,Drip,Groundwater,2.33,No,94.5,East,Low,47.45
Cotton,Harvest,Clay,6.45,62.1,0.41,0.8,117.0,46.0,19.0,16.97,86.33,780.35,7.27,10.1,Kharif,Drip,Reservoir,11.42,No,12.16,North,Low,3.13
Cotton,Harvest,Clay,7.19,29.47,0.45,0.83,117.0,46.0,19.0,37.85,61.69,1816.11,6.83,17.05,Kharif,Drip,River,13.42,No,21.47,East,Low,9.3
Maize,Flowering,Clay,8.09,31.49,0.82,2.92,76.0,48.5,20.0,25.32,85.78,1546.08,8.56,14.16,Kharif,Drip,Rainwater,1.52,No,73.36,North,Medium,68.03
Maize,Vegetative,Silt,5.16,59.38,0.66,1.55,76.0,48.5,20.0,17.3,58.73,2079.89,5.17,18.91,Zaid,Canal,Reservoir,14.05,Yes,43.36,North,Low,16.5
Maize,Flowering,Silt,5.36,32.7,0.7,0.76,76.0,48.5,20.0,20.49,40.86,2390.84,9.57,11.22,Zaid,Canal,Groundwater,6.06,Yes,117.42,Central,Low,71.81
Rice,Harvest,Silt,4.99,48.15,1.02,2.17,80.0,47.0,40.0,41.09,59.11,476.16,8.25,6.14,Kharif,Canal,River,10.18,Yes,3.7,South,Low,1.45
Cotton,Flowering,Loamy,5.92,33.9,0.71,3.1,117.0,46.0,19.0,13.15,81.58,430.81,7.64,13.34,Rabi,Drip,River,6.02,No,83.66,Central,Medium,74.77
Cotton,Vegetative,Clay,6.37,34.22,0.62,3.22,117.0,46.0,19.0,26.91,90.06,946.74,4.25,19.63,Zaid,Drip,Reservoir,3.62,No,15.98,North,Medium,12.26
Rice,Vegetative,Silt,7.43,16.73,1.56,3.22,80.0,47.0,40.0,34.83,92.4,862.12,8.16,5.54,Kharif,Canal,Groundwater,4.24,No,23.36,North,Medium,21.68
Rice,Sowing,Clay,6.96,45.39,0.99,2.57,80.0,47.0,40.0,34.67,62.2,2249.45,6.14,8.82,Rabi,Drip,Groundwater,1.95,No,67.74,North,Low,35.36
Maize,Vegetative,Clay,6.12,55.22,0.35,1.02,76.0,48.5,20.0,36.71,82.46,1120.62,8.0,1.1,Rabi,Rainfed,Rainwater,12.8,Yes,36.25,Central,Low,17.46
Cotton,Vegetative,Sandy,7.89,53.12,1.39,0.19,117.0,46.0,19.0,27.97,82.56,1839.85,4.8,18.33,Rabi,Canal,River,9.76,Yes,36.25,South,Low,16.45
Cotton,Harvest,Clay,5.39,28.47,1.48,2.94,117.0,46.0,19.0,26.34,58.0,2337.92,4.16,2.14,Rabi,Canal,Rainwater,1.3,No,76.79,West,Low,30.12
Rice,Vegetative,Loamy,5.56,14.97,1.0,3.47,80.0,47.0,40.0,20.29,53.26,719.5,4.25,3.91,Zaid,Sprinkler,Reservoir,6.69,No,114.42,Central,Medium,92.13
Cotton,Sowing,Loamy,5.11,57.3,0.89,1.98,117.0,46.0,19.0,22.82,40.8,2060.86,8.06,18.22,Zaid,Canal,Rainwater,2.34,No,1.79,South,Low,0.74
Maize,Harvest,Clay,6.78,62.24,0.7,2.9,76.0,48.5,20.0,27.99,64.68,2003.78,8.21,8.95,Rabi,Canal,Groundwater,7.82,Yes,47.92,Central,Low,13.79
Cotton,Flowering,Sandy,7.03,51.89,1.49,0.62,117.0,46.0,19.0,22.41,79.99,2313.24,10.61,13.84,Rabi,Sprinkler,Rainwater,3.83,Yes,11.78,South,Low,6.15
Cotton,Flowering,Clay,6.2,19.01,0.81,0.69,117.0,46.0,19.0,15.12,57.35,2466.59,6.4,11.3,Kharif,Drip,River,3.64,Yes,23.23,South,Medium,21.23
Cotton,Flowering,Sandy,7.81,30.53,1.25,0.47,117.0,46.0,19.0,25.03,76.36,433.82,7.49,2.91,Kharif,Canal,Reservoir,5.99,No,92.0,South,Low,65.64
Cotton,Flowering,Silt,8.04,22.86,1.26,1.23,117.0,46.0,19.0,41.2,90.07,1817.0,5.24,16.13,Kharif,Canal,Rainwater,7.36,Yes,6.83,North,Medium,7.79
Maize,Flowering,Clay,5.76,30.41,0.68,0.89,76.0,48.5,20.0,13.58,56.47,2187.47,8.06,11.31,Rabi,Sprinkler,Reservoir,4.78,No,65.61,South,Medium,55.08
Cotton,Harvest,Clay,5.11,58.88,1.01,0.6,117.0,46.0,19.0,31.21,52.82,348.96,8.74,8.5,Zaid,Drip,Groundwater,10.17,No,50.66,West,Low,18.43
Maize,Vegetative,Loamy,7.27,40.74,0.3,1.41,76.0,48.5,20.0,35.93,64.41,1928.07,9.13,2.17,Zaid,Rainfed,Groundwater,0.32,Yes,93.8,Central,Low,51.73
Maize,Sowing,Loamy,8.01,20.64,0.64,1.04,76.0,48.5,20.0,25.97,77.67,1427.02,9.99,15.42,Rabi,Canal,Groundwater,14.15,No,95.97,West,Medium,81.48
Rice,Sowing,Sandy,6.88,30.99,1.51,1.63,80.0,47.0,40.0,34.36,26.02,1330.9,6.34,9.26,Zaid,Rainfed,River,0.88,Yes,98.47,East,Low,58.31
Rice,Harvest,Silt,7.23,63.61,0.68,1.41,80.0,47.0,40.0,18.24,65.29,1434.5,10.57,8.54,Zaid,Rainfed,River,7.86,Yes,108.65,South,Low,27.87
Rice,Harvest,Loamy,7.39,42.64,0.87,2.73,80.0,47.0,40.0,12.41,76.94,976.04,7.28,15.58,Rabi,Drip,River,9.17,No,66.1,North,Low,20.34
Maize,Vegetative,Silt,5.69,52.52,0.54,3.22,76.0,48.5,20.0,29.1,42.99,2008.05,10.56,11.6,Zaid,Rainfed,Reservoir,2.48,No,119.07,Central,Medium,78.54
Cotton,Harvest,Loamy,4.95,33.64,0.48,0.44,117.0,46.0,19.0,36.4,26.01,2272.54,5.61,15.21,Rabi,Sprinkler,River,4.29,Yes,62.79,West,Low,25.92
Cotton,Flowering,Loamy,5.62,48.07,1.49,2.43,117.0,46.0,19.0,24.67,55.02,507.32,9.26,8.87,Kharif,Sprinkler,Reservoir,6.04,No,54.61,South,Low,30.84
Maize,Sowing,Sandy,7.91,27.4,0.76,2.39,76.0,48.5,20.0,12.22,92.26,380.97,6.41,2.09,Zaid,Drip,River,13.28,No,84.16,Central,Low,48.49
Maize,Flowering,Silt,6.63,61.54,0.79,2.5,76.0,48.5,20.0,30.53,42.89,536.61,8.94,13.41,Rabi,Drip,Rainwater,14.73,No,63.04,Central,Medium,45.9
Rice,Sowing,Loamy,6.82,26.02,0.94,1.83,80.0,47.0,40.0,33.91,28.34,604.69,7.78,19.97,Zaid,Canal,Groundwater,8.9,No,109.56,East,Low,67.31
Maize,Vegetative,Sandy,5.14,48.77,1.32,0.69,76.0,48.5,20.0,20.59,55.16,2275.81,4.41,0.69,Rabi,Drip,Reservoir,9.52,No,69.2,East,Low,30.47
Rice,Vegetative,Sandy,5.88,53.08,1.03,2.53,80.0,47.0,40.0,27.09,48.95,816.81,8.2,1.3,Rabi,Canal,Reservoir,5.8,No,110.93,South,Low,49.94
Rice,Flowering,Silt,4.97,61.4,0.61,2.52,80.0,47.0,40.0,30.07,54.72,429.6,7.68,4.85,Kharif,Rainfed,Rainwater,10.87,Yes,110.98,West,Low,61.93
Cotton,Harvest,Loamy,5.44,59.18,1.52,1.8,117.0,46.0,19.0,37.38,69.93,838.8,4.09,2.0,Kharif,Drip,Rainwater,5.19,No,67.67,South,Low,22.0
Rice,Vegetative,Loamy,6.71,17.56,1.34,0.71,80.0,47.0,40.0,32.93,59.52,1868.71,8.24,15.11,Rabi,Canal,Reservoir,10.07,Yes,98.66,South,Medium,89.98
Cotton,Harvest,Loamy,6.28,23.48,1.07,3.01,117.0,46.0,19.0,19.74,66.36,580.41,10.64,2.18,Kharif,Drip,Reservoir,6.32,Yes,111.85,South,Low,42.7
Cotton,Vegetative,Silt,6.12,50.22,0.97,2.35,117.0,46.0,19.0,34.37,33.23,1594.35,5.24,4.95,Rabi,Sprinkler,Reservoir,0.48,No,48.6,West,Medium,34.47
Cotton,Flowering,Loamy,5.55,55.38,1.32,3.14,117.0,46.0,19.0,37.27,69.41,1996.79,8.14,0.84,Rabi,Sprinkler,River,8.51,No,112.85,West,Medium,93.51
Maize,Flowering,Loamy,6.23,25.34,0.32,0.55,76.0,48.5,20.0,14.95,91.38,941.56,9.62,2.81,Kharif,Rainfed,River,6.82,Yes,96.84,South,Low,59.32
Cotton,Harvest,Clay,5.81,50.13,1.34,1.68,117.0,46.0,19.0,37.56,76.1,1885.84,10.79,5.81,Rabi,Canal,Reservoir,5.41,No,65.61,North,Low,23.49
Rice,Harvest,Clay,6.4,34.39,0.33,2.74,80.0,47.0,40.0,28.0,35.72,2422.11,8.62,15.2,Rabi,Drip,River,1.53,No,118.68,East,Low,45.01
Maize,Vegetative,Sandy,5.12,42.06,0.61,0.63,76.0,48.5,20.0,29.83,56.16,840.77,9.23,4.88,Zaid,Sprinkler,Rainwater,14.13,Yes,64.47,South,Low,33.19
Cotton,Vegetative,Silt,4.96,31.7,0.65,3.09,117.0,46.0,19.0,15.64,38.55,725.01,8.25,11.07,Rabi,Rainfed,Rainwater,7.49,No,67.57,East,Medium,47.09
Cotton,Vegetative,Loamy,5.18,17.23,0.5,2.03,117.0,46.0,19.0,30.05,25.72,1922.63,7.96,4.73,Kharif,Rainfed,River,2.1,No,20.65,Central,Medium,18.33
Cotton,Harvest,Silt,7.98,9.19,1.04,2.95,117.0,46.0,19.0,29.81,41.11,209.63,4.53,9.21,Kharif,Rainfed,Groundwater,7.29,Yes,99.13,West,Medium,81.33
Cotton,Flowering,Silt,8.05,11.78,0.59,3.07,117.0,46.0,19.0,30.08,48.53,1164.21,7.81,13.04,Rabi,Canal,Rainwater,7.73,No,33.35,North,High,46.2
Rice,Sowing,Silt,7.65,50.05,0.46,0.78,80.0,47.0,40.0,34.71,38.39,2208.97,9.36,4.79,Kharif,Sprinkler,Groundwater,7.46,Yes,41.6,Central,Low,20.76
Cotton,Harvest,Sandy,5.05,23.48,0.73,3.1,117.0,46.0,19.0,22.53,36.76,224.26,7.64,19.07,Zaid,Canal,Reservoir,5.94,Yes,84.51,Central,Medium,62.08
Cotton,Flowering,Loamy,6.73,21.22,1.28,0.49,117.0,46.0,19.0,15.74,45.3,2409.39,8.0,18.25,Kharif,Sprinkler,Reservoir,8.86,No,84.34,Central,Medium,76.87
Rice,Sowing,Sandy,7.69,20.82,1.59,1.91,80.0,47.0,40.0,34.92,33.63,2064.73,10.35,8.73,Kharif,Rainfed,Reservoir,1.61,Yes,32.25,West,Low,20.84
Maize,Vegetative,Loamy,8.19,28.1,0.52,1.53,76.0,48.5,20.0,20.57,68.72,1175.64,9.55,11.53,Kharif,Drip,River,6.17,Yes,105.07,East,Low,55.69
Rice,Vegetative,Silt,6.53,49.53,0.3,1.6,80.0,47.0,40.0,19.09,91.1,1089.1,6.35,16.14,Zaid,Canal,River,9.91,Yes,54.42,West,Low,23.41
Rice,Vegetative,Loamy,6.53,35.19,0.41,1.48,80.0,47.0,40.0,38.08,50.57,2295.47,8.28,5.75,Rabi,Drip,Rainwater,4.01,No,48.38,Central,Medium,40.83
Maize,Sowing,Silt,7.92,49.66,0.52,1.85,76.0,48.5,20.0,38.6,58.06,525.14,8.65,8.06,Zaid,Canal,Groundwater,9.72,Yes,107.53,Central,Low,55.77
Cotton,Sowing,Loamy,7.66,59.48,1.46,1.84,117.0,46.0,19.0,23.84,72.14,773.39,6.58,3.51,Kharif,Sprinkler,Rainwater,13.56,No,26.28,Central,Low,10.7
Maize,Vegetative,Clay,5.3,36.0,1.22,1.14,76.0,48.5,20.0,16.72,75.78,76.29,6.75,11.57,Kharif,Canal,Reservoir,9.27,Yes,39.71,North,Medium,39.41
Rice,Sowing,Loamy,7.71,46.7,1.59,3.15,80.0,47.0,40.0,33.4,38.73,1967.72,9.57,1.15,Zaid,Sprinkler,Reservoir,10.26,Yes,106.01,West,Low,54.01
Maize,Flowering,Sandy,5.38,22.69,1.01,1.49,76.0,48.5,20.0,41.63,86.56,541.96,4.74,16.68,Zaid,Sprinkler,Groundwater,9.23,No,99.26,West,High,147.36
Cotton,Vegetative,Loamy,7.95,26.18,1.21,2.36,117.0,46.0,19.0,15.06,56.64,1873.37,8.72,13.36,Rabi,Rainfed,Rainwater,1.13,Yes,57.52,West,Low,29.18
Cotton,Flowering,Silt,5.87,44.51,0.77,0.4,117.0,46.0,19.0,40.86,82.07,980.62,5.74,11.92,Rabi,Rainfed,Groundwater,10.62,No,48.3,West,Medium,45.7
Cotton,Flowering,Sandy,7.06,35.77,0.36,0.51,117.0,46.0,19.0,12.58,40.1,1141.43,4.46,15.44,Zaid,Sprinkler,Rainwater,8.93,Yes,1.98,East,Low,1.11
Cotton,Flowering,Silt,6.03,45.03,1.17,2.68,117.0,46.0,19.0,26.97,29.16,496.71,6.84,1.9,Rabi,Canal,Reservoir,10.37,No,66.99,Central,Low,40.29
Maize,Sowing,Sandy,6.25,32.06,0.58,1.7,76.0,48.5,20.0,14.37,93.06,2037.78,5.28,12.63,Zaid,Canal,Groundwater,1.42,No,43.16,East,Low,20.84
Maize,Sowing,Loamy,5.17,15.91,0.87,2.64,76.0,48.5,20.0,16.43,89.55,1034.06,4.88,11.74,Kharif,Drip,Reservoir,13.79,Yes,22.04,East,Low,11.92
Cotton,Flowering,Silt,5.72,12.5,0.52,0.11,117.0,46.0,19.0,20.41,87.99,1420.72,8.84,19.58,Rabi,Drip,Reservoir,3.98,Yes,10.44,Central,Medium,10.1
Maize,Sowing,Loamy,4.96,41.57,0.42,3.09,76.0,48.5,20.0,31.7,35.44,2149.63,4.82,1.85,Zaid,Sprinkler,Groundwater,3.61,No,105.54,North,Low,55.56
Cotton,Flowering,Silt,7.61,36.42,0.8,0.35,117.0,46.0,19.0,22.42,57.25,785.71,7.54,2.44,Zaid,Drip,Reservoir,1.33,Yes,112.25,Central,Low,67.82
Cotton,Flowering,Loamy,7.97,26.27,0.75,2.32,117.0,46.0,19.0,22.04,57.97,767.57,4.07,15.57,Rabi,Canal,Groundwater,11.89,No,38.01,East,Medium,35.6
Cotton,Harvest,Sandy,8.07,53.21,1.06,0.91,117.0,46.0,19.0,14.99,68.97,2258.54,9.47,14.24,Zaid,Rainfed,Reservoir,14.43,No,3.64,Central,Low,1.01
Rice,Harvest,Silt,5.6,45.72,1.34,0.98,80.0,47.0,40.0,17.31,91.36,1529.32,6.73,7.54,Zaid,Canal,Reservoir,14.76,Yes,34.63,West,Low,10.62
Maize,Vegetative,Loamy,5.3,36.73,0.68,3.26,76.0,48.5,20.0,39.05,56.8,2050.9,6.62,6.07,Zaid,Canal,River,0.39,No,113.41,West,Medium,95.23
Rice,Harvest,Silt,5.38,35.54,1.15,1.04,80.0,47.0,40.0,26.81,94.86,125.6,9.35,6.09,Kharif,Rainfed,Groundwater,8.77,No,86.58,North,Low,45.3
Rice,Vegetative,Sandy,6.77,59.79,1.32,0.74,80.0,47.0,40.0,25.5,33.15,865.03,4.56,1.61,Zaid,Canal,River,6.08,No,53.57,South,Low,22.1
Maize,Harvest,Sandy,6.3,13.53,0.63,3.42,76.0,48.5,20.0,21.01,63.09,1066.68,4.84,14.17,Kharif,Rainfed,Rainwater,7.98,Yes,84.6,Central,Low,33.63
Maize,Flowering,Silt,5.95,59.45,0.63,1.23,76.0,48.5,20.0,12.74,25.2,633.53,7.36,19.11,Kharif,Canal,Reservoir,13.51,No,61.46,West,Medium,39.07
Cotton,Sowing,Silt,5.8,33.38,1.06,3.38,117.0,46.0,19.0,38.82,89.48,530.29,5.54,12.14,Rabi,Rainfed,River,3.96,No,95.72,North,Low,57.81
Rice,Vegetative,Loamy,5.52,12.2,0.74,1.12,80.0,47.0,40.0,41.36,62.18,659.77,8.54,13.77,Rabi,Rainfed,Groundwater,3.07,Yes,28.59,South,Medium,27.78
Maize,Flowering,Clay,5.98,9.27,0.75,2.91,76.0,48.5,20.0,16.32,35.5,1489.61,8.74,6.4,Kharif,Canal,Groundwater,0.65,Yes,57.08,Central,Medium,52.86
Cotton,Flowering,Silt,4.92,15.74,1.22,1.3,117.0,46.0,19.0,26.27,38.46,2369.58,10.78,12.26,Rabi,Rainfed,Reservoir,4.66,No,9.57,West,Medium,9.83
Cotton,Flowering,Sandy,5.43,45.57,1.15,0.77,117.0,46.0,19.0,21.1,57.95,2011.85,10.67,19.22,Kharif,Canal,Groundwater,7.87,Yes,14.99,East,Low,8.21
Cotton,Sowing,Silt,5.91,14.35,1.49,0.83,117.0,46.0,19.0,17.55,79.73,1837.7,5.11,5.78,Zaid,Sprinkler,River,7.02,Yes,88.63,East,Low,48.52
Rice,Flowering,Clay,7.07,34.33,0.56,3.47,80.0,47.0,40.0,23.36,80.34,2389.96,5.55,15.3,Kharif,Sprinkler,Reservoir,10.35,Yes,97.44,South,Low,60.53
Rice,Vegetative,Silt,6.78,50.47,0.75,0.13,80.0,47.0,40.0,22.35,87.74,1945.76,6.99,3.78,Zaid,Drip,Groundwater,1.43,Yes,39.4,East,Low,17.37
Rice,Flowering,Loamy,8.06,39.49,0.48,0.38,80.0,47.0,40.0,39.31,37.74,232.17,8.27,7.16,Kharif,Rainfed,Rainwater,10.76,Yes,94.88,South,Medium,121.57
Maize,Harvest,Clay,5.37,37.13,0.82,1.44,76.0,48.5,20.0,15.59,62.92,70.93,9.79,12.28,Kharif,Rainfed,River,13.49,No,61.15,South,Medium,41.7
Cotton,Flowering,Loamy,5.91,11.32,0.37,1.74,117.0,46.0,19.0,40.34,78.52,2041.02,4.28,10.59,Kharif,Rainfed,Rainwater,11.32,Yes,7.97,East,Medium,9.29
Cotton,Sowing,Silt,7.22,15.53,1.41,3.37,117.0,46.0,19.0,25.38,66.82,1018.97,7.99,2.11,Rabi,Canal,Reservoir,5.35,No,13.17,East,Low,7.82
Cotton,Sowing,Sandy,6.63,18.71,1.49,1.25,117.0,46.0,19.0,31.78,92.87,687.78,10.53,9.24,Zaid,Drip,River,3.94,Yes,43.78,West,Low,27.65
Maize,Harvest,Clay,7.42,22.22,0.95,1.38,76.0,48.5,20.0,32.94,26.07,1463.86,9.47,5.09,Rabi,Canal,Reservoir,10.42,Yes,55.99,East,Low,24.6
Cotton,Harvest,Silt,6.91,63.06,1.19,3.02,117.0,46.0,19.0,33.53,26.83,1887.19,4.74,17.55,Zaid,Canal,River,13.33,No,100.12,North,Low,30.09
Rice,Harvest,Clay,5.6,21.72,1.44,2.23,80.0,47.0,40.0,16.26,79.97,1831.62,7.3,16.42,Zaid,Rainfed,Rainwater,9.75,No,56.37,East,Medium,30.03
Maize,Vegetative,Sandy,8.05,41.09,1.43,1.55,76.0,48.5,20.0,17.51,73.15,704.61,4.25,1.25,Zaid,Rainfed,Rainwater,9.34,Yes,77.18,Central,Low,35.38
Rice,Harvest,Sandy,7.79,15.03,1.21,2.26,80.0,47.0,40.0,22.09,33.4,2330.03,4.43,6.94,Zaid,Drip,Groundwater,14.76,No,104.84,South,Low,42.15
Rice,Harvest,Loamy,6.18,34.64,0.52,2.84,80.0,47.0,40.0,33.47,89.33,2400.51,9.0,4.33,Zaid,Drip,Groundwater,4.88,Yes,70.27,West,Low,28.01
Rice,Sowing,Clay,5.79,62.07,0.33,2.61,80.0,47.0,40.0,19.0,87.92,1275.72,9.15,9.75,Zaid,Rainfed,River,1.53,Yes,111.28,North,Low,41.85
Rice,Sowing,Sandy,5.19,22.62,1.17,2.55,80.0,47.0,40.0,14.76,59.45,1680.85,6.82,11.53,Zaid,Rainfed,Reservoir,6.88,No,62.96,South,Medium,46.92
Rice,Sowing,Silt,5.9,60.48,1.52,2.78,80.0,47.0,40.0,41.68,29.11,761.71,10.81,0.79,Zaid,Rainfed,Groundwater,4.02,Yes,42.8,West,Low,20.05
Rice,Flowering,Silt,8.1,44.46,0.57,2.89,80.0,47.0,40.0,13.65,47.5,1090.83,4.67,0.56,Kharif,Rainfed,River,11.56,No,59.67,Central,Low,30.95
Maize,Flowering,Clay,6.56,13.33,0.51,1.64,76.0,48.5,20.0,20.55,86.76,2173.01,6.21,15.24,Zaid,Canal,Groundwater,9.93,No,111.12,Central,Medium,107.66
Rice,Vegetative,Sandy,7.64,63.22,1.46,2.54,80.0,47.0,40.0,24.39,25.22,2213.03,8.43,19.98,Rabi,Canal,Reservoir,6.6,Yes,68.1,East,Low,26.73
Maize,Vegetative,Clay,6.89,46.11,0.99,3.47,76.0,48.5,20.0,34.67,26.09,2272.27,9.07,18.02,Rabi,Sprinkler,Groundwater,4.3,Yes,113.04,Central,Medium,83.72
Maize,Vegetative,Sandy,6.64,64.32,1.5,0.54,76.0,48.5,20.0,33.74,70.76,888.32,10.11,3.39,Kharif,Canal,River,5.37,No,58.31,East,Medium,35.31
Maize,Vegetative,Clay,7.97,35.13,1.39,1.93,76.0,48.5,20.0,28.36,56.31,653.58,8.21,19.25,Kharif,Rainfed,Reservoir,6.78,No,114.39,South,Medium,88.28
Maize,Sowing,Loamy,6.36,48.87,0.4,0.55,76.0,48.5,20.0,25.98,32.19,1849.3,7.69,19.32,Kharif,Canal,Rainwater,11.88,No,115.22,North,Low,53.54
Maize,Sowing,Clay,5.43,13.69,1.24,0.45,76.0,48.5,20.0,19.97,55.81,1699.65,6.78,14.32,Rabi,Canal,Rainwater,2.41,No,1.4,East,Medium,1.12
Cotton,Harvest,Silt,6.96,16.0,1.16,1.66,117.0,46.0,19.0,41.57,94.64,126.69,4.88,15.52,Rabi,Sprinkler,Reservoir,12.15,Yes,109.62,North,Medium,105.03
Maize,Sowing,Silt,6.5,17.1,0.55,1.38,76.0,48.5,20.0,39.17,53.7,508.68,6.83,2.66,Zaid,Rainfed,Reservoir,2.94,Yes,51.25,Central,Low,35.19
Maize,Sowing,Sandy,5.15,60.95,0.81,2.92,76.0,48.5,20.0,27.82,52.04,1666.42,7.85,5.62,Zaid,Drip,Reservoir,8.39,No,110.73,South,Low,46.13
Maize,Vegetative,Silt,6.43,45.36,0.42,0.5,76.0,48.5,20.0,17.05,59.05,158.48,5.08,14.86,Zaid,Rainfed,River,11.15,No,75.19,South,Medium,64.77
Maize,Sowing,Clay,7.82,39.66,1.06,2.86,76.0,48.5,20.0,37.62,76.09,47.65,9.3,7.27,Rabi,Rainfed,River,10.23,Yes,68.62,South,Low,57.79
Cotton,Sowing,Sandy,5.95,31.38,1.01,0.42,117.0,46.0,19.0,34.04,89.23,1280.11,8.16,8.77,Zaid,Sprinkler,Rainwater,5.58,Yes,31.21,North,Low,18.37
Maize,Flowering,Loamy,6.74,16.29,0.35,2.61,76.0,48.5,20.0,30.69,79.68,20.9,7.03,17.52,Zaid,Sprinkler,Groundwater,4.59,Yes,53.8,East,High,113.71
Rice,Harvest,Clay,6.32,47.31,0.48,0.3,80.0,47.0,40.0,21.1,89.09,379.03,6.43,18.71,Kharif,Drip,River,4.59,Yes,61.59,East,Low,22.26
Cotton,Vegetative,Sandy,7.04,15.39,0.97,1.04,117.0,46.0,19.0,25.08,31.64,1880.5,5.41,3.79,Kharif,Rainfed,River,6.7,Yes,24.37,Central,Medium,20.61
Maize,Harvest,Loamy,6.48,54.61,1.44,1.9,76.0,48.5,20.0,15.04,29.97,292.97,8.45,15.83,Zaid,Drip,Groundwater,4.26,No,3.29,Central,Medium,1.59
Rice,Sowing,Sandy,6.53,50.18,1.33,1.11,80.0,47.0,40.0,33.19,51.52,1221.45,10.93,1.92,Zaid,Rainfed,Rainwater,2.95,No,41.04,North,Low,20.17
Cotton,Vegetative,Silt,7.71,31.51,0.92,2.05,117.0,46.0,19.0,20.84,35.99,1958.37,7.6,2.99,Zaid,Canal,Groundwater,9.31,No,59.33,Central,Low,30.66
Maize,Flowering,Silt,5.85,54.78,1.5,2.49,76.0,48.5,20.0,39.12,39.13,2004.71,7.58,3.11,Kharif,Canal,River,7.47,No,70.97,East,Medium,60.15
Rice,Vegetative,Silt,6.01,37.17,0.38,2.64,80.0,47.0,40.0,35.8,70.04,834.8,5.36,3.31,Kharif,Drip,Reservoir,12.88,No,52.2,North,Medium,42.42
Rice,Sowing,Clay,7.63,11.13,0.6,0.59,80.0,47.0,40.0,18.09,38.29,1601.13,7.67,6.42,Rabi,Sprinkler,Groundwater,1.43,Yes,41.98,Central,Low,23.12
Rice,Flowering,Clay,5.85,59.33,0.41,1.86,80.0,47.0,40.0,15.82,72.99,342.21,5.27,12.07,Zaid,Canal,Groundwater,13.75,No,111.74,South,Medium,85.23
Maize,Vegetative,Loamy,7.11,52.47,0.85,2.08,76.0,48.5,20.0,24.39,56.43,1345.83,5.15,5.67,Zaid,Rainfed,Rainwater,8.01,Yes,60.01,West,Low,26.47
Cotton,Harvest,Sandy,6.64,28.43,0.44,1.92,117.0,46.0,19.0,35.41,44.11,1326.01,7.4,2.39,Zaid,Rainfed,Groundwater,11.78,No,93.76,North,Low,40.08
Cotton,Sowing,Loamy,5.47,21.29,1.19,0.28,117.0,46.0,19.0,40.15,34.13,1366.17,4.35,16.17,Kharif,Sprinkler,Rainwater,7.22,No,32.94,South,Medium,31.69
Rice,Flowering,Loamy,6.26,26.01,0.83,2.52,80.0,47.0,40.0,20.52,87.61,2178.79,7.31,14.98,Zaid,Drip,Groundwater,13.76,No,31.71,South,Medium,29.29
Maize,Sowing,Clay,7.86,28.79,0.57,2.8,76.0,48.5,20.0,38.57,51.78,543.91,4.07,3.37,Rabi,Canal,Groundwater,6.7,No,13.9,North,Low,8.71
Maize,Vegetative,Loamy,7.75,32.99,1.18,1.72,76.0,48.5,20.0,29.58,25.65,2422.54,9.67,6.94,Kharif,Canal,Rainwater,8.12,No,32.41,East,Low,18.05
Maize,Flowering,Clay,7.26,58.83,1.42,2.76,76.0,48.5,20.0,12.68,84.41,666.07,9.22,18.94,Rabi,Rainfed,Reservoir,5.74,No,28.36,South,Medium,18.15
Maize,Flowering,Loamy,4.92,8.65,0.38,0.65,76.0,48.5,20.0,19.7,86.96,2479.76,6.1,18.82,Kharif,Rainfed,Reservoir,2.43,Yes,104.5,Central,Medium,100.35
Rice,Harvest,Sandy,8.19,8.09,1.08,0.26,80.0,47.0,40.0,29.54,57.6,440.99,6.09,8.46,Kharif,Drip,River,2.51,No,5.97,Central,Low,2.81
Cotton,Flowering,Clay,7.77,55.13,1.07,2.16,117.0,46.0,19.0,17.89,84.34,1877.15,5.85,17.16,Kharif,Canal,River,1.53,No,48.64,North,Medium,33.43
Maize,Flowering,Sandy,5.68,49.44,0.75,3.19,76.0,48.5,20.0,33.24,46.38,892.17,6.13,11.41,Rabi,Drip,Reservoir,13.64,Yes,86.62,East,Medium,73.54
Rice,Harvest,Silt,6.07,63.39,1.51,1.89,80.0,47.0,40.0,23.97,75.73,1977.19,5.68,3.69,Kharif,Drip,Reservoir,4.02,No,113.2,West,Low,30.9
Maize,Vegetative,Loamy,5.88,54.09,1.18,2.81,76.0,48.5,20.0,41.99,25.31,2352.43,6.23,7.89,Kharif,Rainfed,Reservoir,11.51,No,83.02,Central,Medium,59.52
Rice,Sowing,Silt,6.91,40.31,0.34,1.01,80.0,47.0,40.0,19.83,61.61,1040.6,5.08,15.31,Kharif,Sprinkler,Groundwater,7.41,No,79.69,East,Low,37.72
Maize,Sowing,Clay,7.56,9.19,1.02,2.96,76.0,48.5,20.0,20.15,72.99,249.34,7.69,11.04,Kharif,Sprinkler,Rainwater,10.48,No,116.78,Central,Medium,120.44
Rice,Harvest,Sandy,6.42,42.88,0.47,1.89,80.0,47.0,40.0,29.24,73.52,2401.36,8.18,4.54,Kharif,Drip,River,10.67,No,79.3,Central,Low,28.2
Maize,Flowering,Clay,4.86,18.45,1.28,2.82,76.0,48.5,20.0,24.3,47.05,2466.51,4.04,9.04,Kharif,Drip,Reservoir,7.94,No,45.74,East,Medium,46.06
Maize,Harvest,Silt,7.86,12.59,1.45,2.62,76.0,48.5,20.0,35.92,92.95,2044.82,7.38,13.21,Zaid,Canal,Rainwater,2.07,No,105.33,North,Medium,69.11
Rice,Sowing,Silt,8.1,51.71,0.71,0.55,80.0,47.0,40.0,26.7,40.7,272.74,4.76,5.7,Kharif,Canal,River,5.11,No,60.3,East,Low,34.52
Rice,Harvest,Sandy,6.96,41.34,1.37,0.75,80.0,47.0,40.0,13.0,44.47,2085.65,4.62,4.44,Kharif,Rainfed,Reservoir,6.77,Yes,118.51,North,Low,36.91
Rice,Vegetative,Silt,7.4,12.91,0.51,0.53,80.0,47.0,40.0,20.58,65.32,1565.09,4.05,8.22,Rabi,Canal,River,6.09,Yes,92.54,West,Medium,74.74
Rice,Sowing,Sandy,5.08,56.37,0.56,0.12,80.0,47.0,40.0,22.7,79.69,1276.55,7.86,11.4,Kharif,Drip,Rainwater,8.28,Yes,15.55,South,Low,6.47
Maize,Flowering,Clay,5.35,39.18,0.54,2.35,76.0,48.5,20.0,35.5,48.03,1400.08,9.65,1.15,Rabi,Canal,Reservoir,0.77,No,24.42,Central,Medium,23.32
Rice,Sowing,Loamy,6.32,60.47,1.05,1.19,80.0,47.0,40.0,31.01,86.21,2358.69,10.21,4.39,Zaid,Drip,Rainwater,1.96,Yes,0.58,North,Low,0.25
Rice,Flowering,Loamy,6.87,14.89,1.4,1.81,80.0,47.0,40.0,41.06,68.22,2192.7,8.89,18.76,Kharif,Sprinkler,Groundwater,13.73,No,30.77,East,High,46.65
Rice,Vegetative,Clay,5.43,64.3,1.34,1.35,80.0,47.0,40.0,17.44,50.05,30.28,6.54,17.32,Rabi,Drip,Rainwater,0.66,No,33.27,East,Medium,25.82
Rice,Flowering,Sandy,6.93,35.79,0.43,1.78,80.0,47.0,40.0,20.27,47.53,2291.2,9.79,1.74,Rabi,Drip,Groundwater,13.59,Yes,60.05,Central,Low,35.68
Maize,Sowing,Clay,5.39,21.58,1.14,1.55,76.0,48.5,20.0,36.28,49.78,2128.94,6.74,1.64,Zaid,Rainfed,Reservoir,8.69,Yes,68.12,East,Low,44.29
Cotton,Flowering,Sandy,5.92,23.06,1.23,0.2,117.0,46.0,19.0,24.03,84.15,1842.31,8.75,2.77,Zaid,Drip,Reservoir,10.23,Yes,78.97,West,Medium,77.43
Cotton,Harvest,Silt,5.59,49.45,1.24,3.05,117.0,46.0,19.0,37.95,78.15,935.29,10.5,5.45,Rabi,Sprinkler,Rainwater,1.91,No,48.62,Central,Low,17.59
Rice,Sowing,Silt,6.67,30.89,1.47,1.1,80.0,47.0,40.0,36.38,85.91,2384.12,6.12,10.83,Rabi,Sprinkler,Reservoir,13.29,No,41.78,West,Low,25.22
Cotton,Sowing,Clay,6.44,31.56,0.66,2.19,117.0,46.0,19.0,24.12,56.76,1044.88,7.2,13.4,Kharif,Sprinkler,Reservoir,10.12,Yes,78.99,East,Low,42.19
Maize,Vegetative,Sandy,4.96,36.0,0.33,2.71,76.0,48.5,20.0,29.15,73.71,65.08,6.08,8.42,Zaid,Canal,Rainwater,4.33,No,72.7,South,Medium,82.57
Rice,Harvest,Sandy,4.82,17.54,1.42,1.63,80.0,47.0,40.0,41.64,50.85,1287.7,8.98,6.27,Kharif,Rainfed,Rainwater,13.27,No,60.99,East,Medium,41.49
Maize,Flowering,Silt,6.4,54.73,0.84,2.98,76.0,48.5,20.0,33.02,78.86,1608.88,8.24,6.22,Rabi,Rainfed,Reservoir,2.57,Yes,114.98,West,Low,64.61
Maize,Sowing,Silt,5.71,37.49,0.79,1.45,76.0,48.5,20.0,20.06,84.62,2299.56,8.72,14.5,Zaid,Drip,Reservoir,14.5,No,115.55,East,Low,56.23
Maize,Flowering,Clay,4.93,59.83,0.59,2.95,76.0,48.5,20.0,35.44,78.9,1022.15,9.29,12.97,Zaid,Drip,Rainwater,3.55,No,71.12,West,Medium,55.24
Maize,Vegetative,Silt,7.92,40.79,0.43,1.14,76.0,48.5,20.0,25.97,31.15,1931.72,6.74,17.62,Kharif,Sprinkler,Groundwater,10.83,No,29.48,West,Medium,21.13
Cotton,Sowing,Silt,8.06,62.64,1.59,2.98,117.0,46.0,19.0,31.81,27.83,50.34,9.08,1.94,Kharif,Rainfed,Groundwater,1.02,Yes,10.46,Central,Low,6.6
Maize,Flowering,Clay,7.97,31.69,1.2,2.17,76.0,48.5,20.0,23.65,51.76,1571.5,6.22,11.67,Zaid,Drip,Rainwater,11.11,No,51.63,West,Medium,47.0
Rice,Harvest,Clay,5.55,12.1,0.53,2.56,80.0,47.0,40.0,25.81,59.76,1134.1,10.14,10.29,Kharif,Drip,Groundwater,7.43,Yes,52.78,East,Low,22.03
Rice,Sowing,Silt,7.64,32.1,1.51,0.87,80.0,47.0,40.0,36.24,25.77,1943.53,7.84,14.89,Zaid,Canal,River,3.81,No,51.66,West,Low,30.83
Maize,Flowering,Clay,7.51,58.87,1.52,2.48,76.0,48.5,20.0,35.9,62.11,1537.36,4.09,10.64,Zaid,Canal,Reservoir,9.39,No,97.3,West,Medium,76.7
Cotton,Vegetative,Loamy,5.98,10.93,1.11,3.04,117.0,46.0,19.0,33.86,61.83,2133.99,6.47,16.61,Kharif,Canal,River,0.98,No,32.69,South,High,39.09
Rice,Harvest,Clay,7.43,38.05,0.93,3.08,80.0,47.0,40.0,29.66,92.72,1296.36,5.51,12.85,Kharif,Sprinkler,Rainwater,2.54,No,50.17,Central,Low,18.72
Maize,Sowing,Loamy,5.69,14.12,1.05,2.38,76.0,48.5,20.0,24.37,43.78,1820.73,4.37,19.11,Zaid,Canal,River,9.13,No,116.6,North,Medium,97.91
Rice,Harvest,Clay,5.17,59.31,0.5,2.35,80.0,47.0,40.0,12.55,51.71,2459.95,10.92,9.96,Rabi,Drip,Reservoir,7.08,No,81.22,West,Low,21.11
Maize,Vegetative,Clay,6.13,31.76,1.19,3.23,76.0,48.5,20.0,33.02,38.67,1156.89,5.43,12.78,Zaid,Sprinkler,Reservoir,4.61,Yes,97.94,South,Medium,81.31
Maize,Vegetative,Silt,5.94,15.6,0.79,3.1,76.0,48.5,20.0,29.15,55.4,304.28,9.85,0.98,Rabi,Rainfed,River,0.41,Yes,118.07,North,Medium,127.43
Maize,Harvest,Silt,6.28,45.13,0.85,3.02,76.0,48.5,20.0,38.6,41.97,1149.56,4.14,16.0,Rabi,Canal,Groundwater,3.52,No,46.51,East,Low,17.65
Rice,Harvest,Sandy,7.34,55.14,0.98,0.23,80.0,47.0,40.0,31.34,28.24,399.38,6.94,12.48,Kharif,Sprinkler,River,8.11,Yes,93.75,East,Low,34.0
Maize,Flowering,Loamy,7.9,63.55,0.45,2.26,76.0,48.5,20.0,37.92,41.96,914.58,10.55,18.72,Zaid,Drip,River,14.34,No,40.21,South,Medium,30.62
Cotton,Harvest,Clay,7.82,40.9,1.33,3.4,117.0,46.0,19.0,28.77,75.07,1226.54,7.95,18.23,Kharif,Rainfed,River,1.8,No,1.63,Central,Low,0.59
Rice,Flowering,Silt,5.44,18.38,1.58,1.38,80.0,47.0,40.0,12.3,61.77,1527.23,9.91,5.99,Zaid,Rainfed,Rainwater,13.59,No,82.55,South,Medium,75.34
Rice,Vegetative,Loamy,7.47,11.2,1.45,1.52,80.0,47.0,40.0,41.6,33.14,2011.32,4.26,12.1,Zaid,Rainfed,Reservoir,10.84,Yes,92.23,South,Medium,89.62
Maize,Harvest,Clay,6.23,49.54,0.52,2.65,76.0,48.5,20.0,14.77,80.93,1269.87,10.02,3.63,Kharif,Canal,Reservoir,6.47,No,36.97,West,Low,10.65
Rice,Harvest,Clay,7.63,26.72,0.56,2.79,80.0,47.0,40.0,25.93,57.63,1945.77,9.8,0.85,Rabi,Drip,Reservoir,7.28,Yes,92.29,West,Low,36.57
Maize,Sowing,Sandy,4.87,47.78,0.44,0.46,76.0,48.5,20.0,13.77,59.78,1606.08,6.94,7.5,Kharif,Sprinkler,River,11.89,Yes,40.83,Central,Low,17.09
Maize,Sowing,Silt,5.18,54.62,1.41,1.72,76.0,48.5,20.0,22.05,26.98,538.76,9.88,4.37,Kharif,Sprinkler,Groundwater,13.26,Yes,33.1,South,Low,13.94
Rice,Harvest,Silt,5.75,51.94,0.48,1.02,80.0,47.0,40.0,21.5,72.42,1321.56,7.28,2.97,Rabi,Sprinkler,Reservoir,9.83,No,118.6,West,Low,35.74
Rice,Sowing,Loamy,5.42,22.21,1.04,1.75,80.0,47.0,40.0,24.82,94.06,593.95,4.87,3.77,Kharif,Sprinkler,Reservoir,7.31,Yes,67.77,Central,Low,39.33
Maize,Sowing,Loamy,6.03,10.39,1.44,3.26,76.0,48.5,20.0,21.75,93.24,311.85,10.26,17.84,Rabi,Drip,Groundwater,6.8,No,107.29,East,Medium,106.89
Maize,Harvest,Silt,7.36,19.63,0.84,1.76,76.0,48.5,20.0,31.22,44.8,293.28,6.57,3.78,Zaid,Sprinkler,River,9.95,Yes,114.36,East,Medium,88.93
Cotton,Harvest,Clay,6.78,11.72,0.52,2.31,117.0,46.0,19.0,41.51,27.1,1006.64,6.63,10.01,Kharif,Drip,Groundwater,11.66,No,112.26,West,Medium,76.36
Rice,Flowering,Sandy,6.6,49.38,0.65,3.29,80.0,47.0,40.0,28.38,71.6,1707.19,7.81,7.45,Zaid,Canal,Groundwater,2.84,Yes,19.75,South,Low,11.22
Rice,Harvest,Loamy,5.6,58.41,0.83,0.62,80.0,47.0,40.0,23.46,82.55,2243.39,9.2,12.99,Kharif,Canal,Reservoir,3.38,Yes,48.53,Central,Low,13.94
Rice,Sowing,Sandy,6.3,22.37,1.07,0.55,80.0,47.0,40.0,17.13,46.31,2034.24,9.51,18.72,Kharif,Rainfed,Groundwater,4.91,Yes,82.35,Central,Low,44.06
Maize,Flowering,Silt,5.33,33.83,0.67,0.39,76.0,48.5,20.0,24.9,86.46,2034.34,7.01,19.08,Zaid,Sprinkler,Reservoir,13.53,Yes,8.66,Central,Low,5.49
Rice,Flowering,Sandy,4.89,57.42,1.33,1.48,80.0,47.0,40.0,40.62,76.1,1416.08,7.19,5.96,Kharif,Sprinkler,River,0.8,No,54.54,West,Medium,45.29
Rice,Sowing,Loamy,5.11,25.68,0.55,3.3,80.0,47.0,40.0,41.48,93.27,57.5,10.22,18.27,Rabi,Drip,Groundwater,7.11,No,56.62,East,Medium,77.85
Cotton,Harvest,Silt,4.83,41.4,0.35,2.6,117.0,46.0,19.0,41.56,72.07,2080.15,6.28,15.62,Zaid,Sprinkler,River,11.4,Yes,86.08,South,Low,34.24
Cotton,Harvest,Clay,6.9,41.88,0.32,2.88,117.0,46.0,19.0,13.22,34.32,111.4,10.66,14.14,Kharif,Sprinkler,Rainwater,5.89,Yes,12.99,West,Low,5.73
Cotton,Flowering,Clay,8.17,23.89,0.93,2.77,117.0,46.0,19.0,33.79,66.01,1711.11,7.54,10.28,Zaid,Rainfed,Rainwater,5.89,No,17.88,East,High,24.87
Maize,Harvest,Loamy,6.61,33.11,1.39,0.63,76.0,48.5,20.0,17.83,78.57,590.3,9.24,12.82,Kharif,Sprinkler,Reservoir,1.16,Yes,33.91,West,Low,11.72
Maize,Sowing,Loamy,7.12,28.34,0.71,0.93,76.0,48.5,20.0,38.54,86.61,2159.25,6.34,15.32,Kharif,Rainfed,Rainwater,1.3,No,112.62,Central,Low,70.78
Maize,Flowering,Silt,6.29,44.58,0.73,3.41,76.0,48.5,20.0,39.51,33.93,708.78,5.34,11.63,Rabi,Canal,Rainwater,11.43,No,59.85,North,Medium,56.35
Rice,Sowing,Loamy,7.71,51.26,0.31,1.38,80.0,47.0,40.0,41.6,77.11,582.28,10.68,9.65,Zaid,Drip,Groundwater,13.89,Yes,110.48,South,Low,57.08
Cotton,Sowing,Sandy,5.37,54.74,1.54,0.88,117.0,46.0,19.0,35.14,56.48,1434.93,4.3,18.86,Rabi,Rainfed,Rainwater,5.54,Yes,67.16,South,Low,32.06
Rice,Vegetative,Clay,7.22,64.13,0.47,2.47,80.0,47.0,40.0,39.99,64.17,631.29,9.69,2.67,Kharif,Rainfed,Groundwater,3.33,No,38.63,Central,Medium,24.79
Cotton,Vegetative,Sandy,7.21,35.18,0.33,0.58,117.0,46.0,19.0,31.77,32.2,824.35,4.12,17.79,Rabi,Sprinkler,Rainwater,10.52,Yes,14.71,Central,Medium,11.72
Rice,Sowing,Loamy,7.51,47.51,1.2,0.75,80.0,47.0,40.0,39.56,41.08,1631.97,4.03,13.32,Zaid,Sprinkler,Rainwater,7.11,No,66.1,West,Low,35.31
Rice,Flowering,Loamy,6.48,10.53,0.71,1.72,80.0,47.0,40.0,16.59,54.01,643.12,7.84,5.26,Kharif,Sprinkler,Rainwater,9.23,No,93.97,East,Medium,87.27
Cotton,Sowing,Silt,8.02,29.04,0.42,0.67,117.0,46.0,19.0,26.91,51.5,540.23,9.46,13.81,Kharif,Rainfed,River,12.35,No,103.82,Central,Low,58.23
Maize,Vegetative,Silt,4.96,17.87,0.45,0.11,76.0,48.5,20.0,28.37,84.68,327.51,10.58,7.07,Kharif,Sprinkler,Reservoir,9.15,No,70.21,West,Medium,73.75
Maize,Sowing,Loamy,6.67,36.98,1.12,1.97,76.0,48.5,20.0,40.66,32.63,657.09,4.2,9.34,Zaid,Canal,Reservoir,6.55,No,105.76,West,Low,62.54
Maize,Vegetative,Loamy,7.73,35.13,1.1,2.77,76.0,48.5,20.0,21.53,49.76,2080.46,4.83,4.28,Zaid,Canal,River,4.33,No,111.32,North,Low,56.16
Cotton,Harvest,Sandy,5.08,44.54,1.22,0.49,117.0,46.0,19.0,35.86,77.31,443.99,10.27,6.01,Kharif,Sprinkler,River,6.45,Yes,102.37,North,Low,41.29
Maize,Vegetative,Loamy,6.17,63.18,0.81,2.0,76.0,48.5,20.0,14.14,94.44,1961.97,10.28,7.42,Zaid,Canal,Reservoir,11.68,Yes,48.46,East,Low,17.23
Maize,Sowing,Loamy,5.83,60.27,0.62,0.55,76.0,48.5,20.0,24.25,84.3,1290.25,9.82,15.28,Kharif,Canal,Groundwater,7.15,No,94.26,East,Low,38.2
Rice,Harvest,Loamy,6.37,14.21,0.67,1.12,80.0,47.0,40.0,39.24,92.86,1853.39,8.89,6.93,Rabi,Rainfed,Rainwater,7.59,Yes,78.47,North,Low,37.12
Maize,Sowing,Sandy,7.52,64.78,0.58,2.29,76.0,48.5,20.0,17.89,28.69,1166.1,9.14,8.37,Rabi,Rainfed,Groundwater,6.43,No,69.67,West,Low,25.09
Rice,Vegetative,Loamy,7.64,8.26,0.93,0.41,80.0,47.0,40.0,28.33,60.08,2141.91,6.09,2.41,Rabi,Canal,Reservoir,12.76,No,96.57,North,Medium,84.32
Cotton,Sowing,Loamy,6.39,57.57,1.12,1.14,117.0,46.0,19.0,13.92,65.77,2481.48,5.73,12.47,Kharif,Canal,Reservoir,5.29,Yes,24.86,East,Low,9.41
Cotton,Flowering,Sandy,7.77,46.32,0.55,2.16,117.0,46.0,19.0,33.44,63.88,1048.09,9.29,3.16,Rabi,Rainfed,River,8.11,No,16.8,South,Medium,14.73
Cotton,Vegetative,Loamy,4.98,28.68,0.39,2.83,117.0,46.0,19.0,35.53,82.87,688.63,9.55,17.11,Kharif,Rainfed,River,14.04,Yes,18.49,South,Medium,16.12
Maize,Harvest,Sandy,7.82,62.62,0.78,0.55,76.0,48.5,20.0,37.52,90.03,6.5,5.94,7.94,Zaid,Sprinkler,Rainwater,7.22,No,88.67,West,Medium,60.76
Rice,Sowing,Loamy,6.78,40.68,1.08,0.45,80.0,47.0,40.0,34.03,37.27,1623.08,5.83,8.73,Kharif,Rainfed,Rainwater,9.08,Yes,53.86,East,Low,29.21
Rice,Vegetative,Sandy,6.68,63.15,1.01,2.56,80.0,47.0,40.0,29.51,60.24,616.27,8.24,13.02,Rabi,Drip,River,9.51,Yes,29.16,East,Low,12.04
Cotton,Harvest,Clay,7.72,64.01,0.62,0.63,117.0,46.0,19.0,12.7,50.52,2317.51,5.97,3.87,Zaid,Rainfed,Reservoir,7.07,Yes,115.76,Central,Low,28.53
Cotton,Flowering,Sandy,5.98,56.3,0.41,0.94,117.0,46.0,19.0,13.59,40.0,673.18,5.08,9.79,Kharif,Sprinkler,Rainwater,7.57,Yes,46.1,North,Low,21.23
Rice,Harvest,Loamy,7.56,29.19,1.26,0.36,80.0,47.0,40.0,13.68,56.53,461.88,5.18,3.55,Kharif,Rainfed,Reservoir,2.26,Yes,92.64,South,Low,34.16
Rice,Vegetative,Silt,7.53,19.92,0.94,0.37,80.0,47.0,40.0,37.33,44.34,1752.84,8.61,5.55,Kharif,Rainfed,Reservoir,11.45,No,55.64,North,Medium,52.81
Cotton,Sowing,Sandy,6.16,45.44,0.73,2.95,117.0,46.0,19.0,25.17,92.4,989.7,5.25,16.88,Kharif,Canal,Rainwater,12.3,Yes,12.13,Central,Low,5.78
Cotton,Sowing,Sandy,5.44,37.11,0.96,2.35,117.0,46.0,19.0,19.44,67.78,1842.9,6.97,10.54,Zaid,Rainfed,Reservoir,3.46,No,92.17,Central,Low,44.71
Maize,Vegetative,Silt,7.38,21.17,0.75,1.52,76.0,48.5,20.0,14.17,25.05,2478.92,5.88,12.36,Rabi,Sprinkler,River,1.27,Yes,84.75,Central,Medium,63.87
Cotton,Flowering,Sandy,5.11,30.97,1.59,3.05,117.0,46.0,19.0,24.94,43.75,1529.87,8.79,6.76,Rabi,Drip,River,1.29,Yes,6.54,West,Low,4.25
Maize,Sowing,Silt,6.55,29.27,0.76,0.73,76.0,48.5,20.0,30.01,94.95,1623.21,10.07,4.86,Zaid,Rainfed,River,3.75,Yes,68.52,South,Low,39.53
Cotton,Harvest,Silt,6.01,56.65,1.45,0.57,117.0,46.0,19.0,13.55,63.12,26.47,7.0,14.29,Kharif,Rainfed,Reservoir,9.49,No,118.25,South,Medium,68.32
Cotton,Sowing,Sandy,6.84,30.11,1.13,1.4,117.0,46.0,19.0,24.54,64.49,2384.8,6.79,13.94,Kharif,Sprinkler,River,12.87,Yes,97.83,West,Low,53.12
Rice,Vegetative,Silt,6.69,60.09,1.04,3.45,80.0,47.0,40.0,41.31,88.11,1930.86,7.14,10.11,Kharif,Drip,Rainwater,12.83,Yes,15.84,North,Medium,10.65
Cotton,Harvest,Clay,6.18,27.53,1.04,0.65,117.0,46.0,19.0,15.62,74.6,1738.92,4.25,15.74,Zaid,Sprinkler,Rainwater,12.73,No,11.72,Central,Low,4.14
Rice,Harvest,Sandy,8.04,46.75,1.45,3.31,80.0,47.0,40.0,37.17,62.77,1422.27,10.03,18.29,Kharif,Canal,River,7.27,No,1.31,South,Low,0.48
Maize,Flowering,Loamy,5.29,23.18,1.4,3.24,76.0,48.5,20.0,24.35,30.78,2295.92,8.25,0.74,Zaid,Rainfed,Groundwater,5.76,No,58.87,East,Medium,57.86
Rice,Vegetative,Loamy,4.9,40.73,0.31,1.81,80.0,47.0,40.0,23.07,67.81,16.73,10.25,9.73,Rabi,Canal,Groundwater,2.37,Yes,6.58,South,Medium,6.97
Cotton,Vegetative,Sandy,7.97,63.82,1.43,0.85,117.0,46.0,19.0,36.83,78.74,392.43,4.48,6.97,Zaid,Drip,River,0.54,Yes,4.62,South,Low,2.3
Rice,Vegetative,Sandy,6.59,33.83,0.46,1.43,80.0,47.0,40.0,14.72,55.75,2236.89,10.14,2.2,Zaid,Canal,Reservoir,1.97,No,20.48,North,Low,9.74
Maize,Flowering,Clay,6.63,61.45,1.24,2.19,76.0,48.5,20.0,16.4,60.17,20.53,4.45,3.42,Zaid,Sprinkler,Rainwater,11.5,Yes,39.24,West,Medium,37.59
Cotton,Vegetative,Clay,8.09,44.67,0.51,0.81,117.0,46.0,19.0,30.72,33.83,2227.31,4.38,3.09,Rabi,Canal,Rainwater,6.32,No,62.29,Central,Medium,45.09
Maize,Harvest,Clay,5.49,50.9,1.26,1.28,76.0,48.5,20.0,20.42,25.19,527.23,9.55,17.46,Rabi,Sprinkler,Rainwater,9.86,Yes,20.98,West,Low,6.32
Rice,Flowering,Loamy,8.01,36.23,0.68,0.44,80.0,47.0,40.0,17.64,28.75,2032.46,10.69,1.09,Zaid,Sprinkler,River,9.99,No,30.23,South,Low,17.4
Rice,Sowing,Loamy,4.83,59.11,0.98,2.06,80.0,47.0,40.0,12.96,25.34,1401.81,10.98,4.02,Kharif,Canal,Reservoir,2.16,No,100.84,South,Low,37.53
Cotton,Flowering,Silt,5.61,27.23,0.54,1.13,117.0,46.0,19.0,18.81,85.81,271.01,4.14,10.38,Kharif,Canal,Groundwater,13.68,No,24.37,Central,Medium,27.6
Maize,Flowering,Silt,5.6,38.29,0.44,0.16,76.0,48.5,20.0,15.11,29.96,996.61,5.17,19.26,Zaid,Sprinkler,River,6.23,Yes,80.28,Central,Low,44.12
Cotton,Harvest,Sandy,6.23,47.75,1.0,3.02,117.0,46.0,19.0,13.35,32.55,1087.28,4.57,13.15,Zaid,Canal,Rainwater,4.06,Yes,60.28,North,Low,17.67
Cotton,Flowering,Sandy,5.43,38.84,1.57,2.83,117.0,46.0,19.0,34.26,66.28,2016.25,8.1,12.5,Kharif,Drip,Reservoir,4.03,No,4.97,East,Medium,4.71
Maize,Harvest,Clay,5.47,24.75,1.46,1.15,76.0,48.5,20.0,32.83,77.72,437.2,7.77,7.91,Zaid,Drip,Reservoir,5.06,No,105.0,South,Medium,70.33
Maize,Flowering,Silt,6.41,23.74,1.35,0.22,76.0,48.5,20.0,20.55,64.6,2100.38,10.93,13.03,Kharif,Drip,Reservoir,5.44,No,118.16,East,Medium,111.19
Cotton,Flowering,Loamy,4.86,16.27,0.5,0.47,117.0,46.0,19.0,30.06,39.78,1386.58,4.03,9.68,Kharif,Drip,Groundwater,1.16,No,18.57,North,Medium,19.78
Cotton,Flowering,Silt,5.3,36.24,0.88,3.13,117.0,46.0,19.0,22.55,92.4,1834.69,5.23,4.83,Kharif,Drip,Reservoir,7.18,No,75.24,North,Low,45.59
Cotton,Harvest,Clay,6.09,62.31,1.11,1.47,117.0,46.0,19.0,32.12,74.33,128.9,10.39,19.64,Kharif,Canal,Reservoir,12.11,Yes,70.68,South,Medium,42.48
Maize,Flowering,Silt,5.58,48.88,0.6,1.99,76.0,48.5,20.0,22.93,71.22,627.83,9.32,3.94,Rabi,Rainfed,Reservoir,9.22,No,96.69,South,Low,52.28
Maize,Sowing,Loamy,6.24,32.58,0.92,0.81,76.0,48.5,20.0,12.45,33.95,1244.64,7.52,14.91,Rabi,Sprinkler,Groundwater,5.61,No,95.36,Central,Low,45.85
Cotton,Vegetative,Clay,5.91,44.02,0.89,2.69,117.0,46.0,19.0,16.67,56.1,1222.98,9.17,0.53,Zaid,Drip,Reservoir,2.4,Yes,66.92,West,Low,29.58
Rice,Sowing,Loamy,5.17,19.69,0.99,1.98,80.0,47.0,40.0,31.58,30.48,2004.77,8.13,7.32,Zaid,Canal,Reservoir,4.45,No,102.15,Central,Medium,92.0
Maize,Vegetative,Silt,6.24,34.28,0.58,1.28,76.0,48.5,20.0,27.55,52.99,1451.85,10.08,10.78,Zaid,Canal,Rainwater,12.81,No,103.9,Central,Medium,80.14
Rice,Vegetative,Loamy,4.91,54.21,0.63,1.67,80.0,47.0,40.0,15.11,43.4,1504.18,7.74,16.26,Kharif,Sprinkler,Rainwater,5.46,No,29.42,North,Medium,16.51
Maize,Flowering,Sandy,6.44,55.0,0.56,2.04,76.0,48.5,20.0,35.65,42.78,372.08,8.61,2.72,Zaid,Drip,Reservoir,14.67,Yes,51.14,East,Low,33.95
Cotton,Flowering,Clay,5.81,51.28,0.66,0.94,117.0,46.0,19.0,23.69,41.21,43.57,10.11,17.71,Rabi,Drip,Rainwater,2.46,Yes,31.08,Central,Medium,35.28
Cotton,Flowering,Clay,7.67,28.83,0.3,2.7,117.0,46.0,19.0,13.36,47.39,1814.79,5.62,14.83,Kharif,Rainfed,Rainwater,12.13,No,95.22,East,Medium,81.0
Rice,Vegetative,Sandy,6.34,27.92,0.8,2.65,80.0,47.0,40.0,21.08,55.64,2314.56,5.83,15.11,Kharif,Canal,River,14.52,No,70.34,East,Medium,53.63
Rice,Sowing,Clay,6.19,46.75,1.47,2.07,80.0,47.0,40.0,23.59,29.44,2060.59,8.07,15.96,Zaid,Sprinkler,Reservoir,12.59,Yes,82.88,Central,Low,38.39
Rice,Sowing,Loamy,6.49,48.06,0.35,3.06,80.0,47.0,40.0,41.23,54.81,1598.96,10.54,15.16,Zaid,Canal,Rainwater,7.0,Yes,88.43,Central,Low,47.17
Rice,Harvest,Loamy,4.94,63.01,0.36,1.96,80.0,47.0,40.0,12.47,84.24,475.76,7.58,13.39,Zaid,Drip,Groundwater,12.51,Yes,72.94,East,Low,19.11
Cotton,Harvest,Loamy,5.21,16.59,0.53,3.41,117.0,46.0,19.0,37.98,26.02,1997.82,4.5,19.4,Kharif,Canal,Groundwater,10.06,Yes,9.05,North,Medium,6.05
Cotton,Harvest,Loamy,5.29,34.29,1.37,0.42,117.0,46.0,19.0,24.49,42.72,373.89,4.07,7.76,Rabi,Sprinkler,Rainwater,1.1,No,52.8,South,Low,22.36
Rice,Vegetative,Silt,7.68,28.89,1.17,2.38,80.0,47.0,40.0,41.48,47.14,759.03,8.4,9.67,Zaid,Canal,Reservoir,1.98,No,87.93,North,Medium,79.6
Rice,Harvest,Loamy,7.36,63.87,0.96,3.43,80.0,47.0,40.0,31.41,81.48,1073.1,8.18,7.04,Kharif,Rainfed,River,7.16,No,68.02,South,Low,19.86
Rice,Flowering,Clay,6.33,38.91,1.48,1.91,80.0,47.0,40.0,30.81,76.28,291.43,9.89,3.48,Zaid,Canal,Reservoir,6.24,No,89.93,West,Medium,102.2
Rice,Harvest,Clay,6.54,16.08,0.52,1.12,80.0,47.0,40.0,19.76,67.61,435.81,4.35,5.95,Zaid,Canal,Rainwater,3.84,No,91.04,Central,Low,38.99
Rice,Flowering,Loamy,6.42,33.82,0.81,1.24,80.0,47.0,40.0,19.89,43.95,2167.43,4.07,13.1,Zaid,Rainfed,Reservoir,14.97,Yes,78.78,East,Low,47.42
Cotton,Flowering,Sandy,6.99,9.25,0.55,0.23,117.0,46.0,19.0,21.92,34.76,1306.52,10.48,2.66,Rabi,Canal,River,9.4,Yes,54.5,South,Medium,53.56
Maize,Vegetative,Loamy,6.99,14.78,1.13,2.7,76.0,48.5,20.0,35.82,62.81,1906.82,5.41,12.1,Kharif,Canal,Groundwater,0.47,No,108.29,North,High,131.83
Rice,Flowering,Sandy,6.57,34.97,1.31,1.81,80.0,47.0,40.0,20.69,33.44,1183.59,5.62,4.84,Zaid,Drip,River,6.48,No,105.65,East,Low,63.5
Rice,Flowering,Silt,7.12,24.31,0.61,1.67,80.0,47.0,40.0,32.67,25.58,1332.16,5.26,16.75,Rabi,Sprinkler,Groundwater,14.56,Yes,34.5,East,Medium,36.42
Rice,Vegetative,Loamy,6.33,58.96,0.86,0.89,80.0,47.0,40.0,15.17,31.23,1533.07,5.11,6.49,Kharif,Rainfed,Reservoir,9.92,Yes,5.16,South,Low,1.93
Rice,Sowing,Clay,4.8,34.15,0.86,0.41,80.0,47.0,40.0,31.32,53.03,2369.35,8.45,12.75,Zaid,Drip,Groundwater,5.87,Yes,43.01,East,Low,24.1
Cotton,Harvest,Loamy,8.1,55.32,1.22,0.73,117.0,46.0,19.0,30.73,40.08,2138.91,8.37,12.35,Zaid,Sprinkler,Rainwater,5.3,No,41.36,East,Low,13.19
Cotton,Sowing,Sandy,6.03,21.19,0.7,1.3,117.0,46.0,19.0,25.15,52.75,829.79,4.02,13.53,Rabi,Rainfed,Groundwater,14.27,Yes,70.39,Central,Low,41.32
Maize,Vegetative,Silt,6.14,29.51,1.16,0.15,76.0,48.5,20.0,28.84,31.06,1568.88,10.22,3.06,Kharif,Rainfed,Rainwater,14.55,No,111.14,West,Low,63.27
Rice,Sowing,Clay,5.65,9.68,1.08,0.54,80.0,47.0,40.0,23.4,83.86,1098.25,10.81,11.97,Kharif,Drip,Reservoir,12.57,No,11.81,North,Medium,9.82
Maize,Harvest,Loamy,6.87,50.94,1.28,2.4,76.0,48.5,20.0,30.93,72.32,1128.17,9.67,4.41,Kharif,Canal,Reservoir,1.13,Yes,45.26,North,Low,15.13
Cotton,Flowering,Sandy,7.14,63.41,1.48,2.97,117.0,46.0,19.0,12.39,51.82,1213.85,4.12,6.13,Kharif,Rainfed,Groundwater,6.49,No,31.11,West,Low,13.24
Rice,Harvest,Clay,6.4,43.36,0.87,2.05,80.0,47.0,40.0,28.72,35.53,1726.08,7.29,11.33,Zaid,Canal,Groundwater,9.51,Yes,6.66,East,Low,2.35
Rice,Harvest,Silt,6.31,37.46,0.86,0.51,80.0,47.0,40.0,18.61,33.41,2152.57,4.93,16.98,Rabi,Canal,Reservoir,1.57,No,35.59,East,Low,11.94
Cotton,Harvest,Clay,5.77,21.21,0.72,0.15,117.0,46.0,19.0,28.89,36.21,45.2,4.01,11.64,Rabi,Drip,Reservoir,3.71,No,52.45,West,Medium,47.64
Maize,Flowering,Sandy,7.85,8.82,1.15,2.59,76.0,48.5,20.0,32.04,54.58,424.98,8.81,3.08,Rabi,Rainfed,Rainwater,8.9,No,91.68,West,Medium,109.72
Rice,Sowing,Clay,5.11,47.6,1.47,0.8,80.0,47.0,40.0,34.77,73.4,831.46,4.06,5.5,Kharif,Rainfed,Groundwater,5.01,Yes,101.42,East,Low,51.87
Maize,Flowering,Silt,6.07,24.34,1.47,3.5,76.0,48.5,20.0,21.57,29.06,1190.9,4.49,14.18,Rabi,Canal,Groundwater,14.85,No,21.7,Central,Medium,20.54
Rice,Flowering,Sandy,6.34,57.75,0.33,0.98,80.0,47.0,40.0,14.4,71.91,770.36,10.48,0.77,Zaid,Sprinkler,Reservoir,10.75,No,13.01,South,Low,5.9
Maize,Harvest,Silt,7.69,64.62,0.46,3.46,76.0,48.5,20.0,32.56,26.11,119.84,8.57,4.69,Kharif,Rainfed,Rainwater,5.67,No,34.48,North,Medium,20.39
Cotton,Flowering,Loamy,7.48,20.71,1.28,3.36,117.0,46.0,19.0,38.89,43.42,1234.27,7.3,17.38,Kharif,Sprinkler,Groundwater,9.42,Yes,112.69,South,Medium,129.43
Maize,Harvest,Silt,6.75,10.86,0.44,2.13,76.0,48.5,20.0,25.49,50.21,1100.96,10.51,16.34,Rabi,Rainfed,River,2.26,No,12.16,West,Medium,7.23
Cotton,Flowering,Clay,8.15,35.08,0.56,0.67,117.0,46.0,19.0,29.91,52.47,995.66,9.66,9.62,Rabi,Sprinkler,River,12.67,Yes,112.31,Central,Low,73.93
Rice,Flowering,Sandy,6.47,29.2,1.35,3.34,80.0,47.0,40.0,12.03,36.67,470.89,6.65,14.78,Zaid,Sprinkler,Reservoir,4.24,No,106.9,Central,Medium,95.68
Cotton,Flowering,Loamy,4.94,19.36,1.59,3.18,117.0,46.0,19.0,41.23,44.38,1122.65,7.98,2.72,Kharif,Drip,River,8.88,Yes,69.43,North,Medium,80.96
Maize,Harvest,Loamy,5.24,19.67,0.42,3.33,76.0,48.5,20.0,18.0,38.61,1653.35,10.17,6.09,Zaid,Drip,Rainwater,14.99,Yes,61.27,South,Low,23.59
Cotton,Vegetative,Sandy,8.02,56.96,1.31,2.0,117.0,46.0,19.0,29.07,59.09,669.83,7.2,7.85,Kharif,Rainfed,Rainwater,0.9,Yes,1.61,North,Low,0.71
Rice,Flowering,Clay,7.22,25.16,0.34,2.26,80.0,47.0,40.0,22.45,89.93,1586.38,8.98,19.87,Zaid,Rainfed,Reservoir,9.2,Yes,92.03,South,Low,61.13
Cotton,Flowering,Sandy,7.32,61.64,0.95,0.85,117.0,46.0,19.0,14.96,64.73,502.93,4.6,4.24,Kharif,Drip,Groundwater,14.65,Yes,93.19,West,Low,41.38
Maize,Harvest,Clay,6.41,60.83,0.41,0.28,76.0,48.5,20.0,14.45,75.68,2079.11,9.29,5.74,Zaid,Drip,Reservoir,0.34,Yes,68.1,West,Low,17.41
Cotton,Harvest,Clay,5.17,62.94,0.97,0.85,117.0,46.0,19.0,32.34,35.66,1184.35,6.87,18.67,Kharif,Canal,Groundwater,3.84,Yes,106.6,West,Low,31.73
Cotton,Sowing,Silt,6.7,16.29,0.51,0.12,117.0,46.0,19.0,39.25,35.28,993.19,6.19,2.84,Kharif,Rainfed,River,7.44,No,97.29,West,Medium,93.92
Maize,Flowering,Clay,7.51,20.46,1.51,3.44,76.0,48.5,20.0,24.8,86.32,1692.82,8.46,18.49,Zaid,Rainfed,Reservoir,11.29,Yes,2.14,South,Medium,2.16
Cotton,Flowering,Sandy,6.69,52.65,1.32,0.4,117.0,46.0,19.0,13.91,33.42,1707.57,8.93,14.15,Kharif,Canal,Rainwater,0.91,No,105.28,North,Medium,71.95
Cotton,Vegetative,Loamy,7.48,20.78,0.6,2.62,117.0,46.0,19.0,17.29,40.06,1934.38,7.65,2.68,Zaid,Rainfed,Reservoir,7.77,No,93.94,Central,Medium,72.82
Maize,Vegetative,Sandy,7.34,18.3,1.2,0.35,76.0,48.5,20.0,36.19,81.58,2314.52,4.01,9.79,Kharif,Drip,River,6.96,Yes,89.85,North,Medium,84.42
Maize,Vegetative,Sandy,8.04,40.3,1.55,3.38,76.0,48.5,20.0,28.06,41.23,71.32,8.6,5.77,Zaid,Drip,River,14.36,No,26.98,North,Medium,29.05
Cotton,Sowing,Clay,5.52,31.26,0.36,1.3,117.0,46.0,19.0,32.34,69.7,1224.81,8.88,2.13,Zaid,Rainfed,Rainwater,4.43,Yes,102.17,East,Low,59.25
Rice,Harvest,Clay,5.96,59.05,0.41,2.65,80.0,47.0,40.0,20.16,50.49,747.17,9.46,6.11,Kharif,Sprinkler,Groundwater,8.66,Yes,63.27,Central,Low,17.44
Rice,Harvest,Loamy,5.88,26.49,0.4,2.82,80.0,47.0,40.0,36.18,90.31,220.03,8.87,7.57,Rabi,Rainfed,River,0.81,No,63.81,West,Medium,52.34
Cotton,Flowering,Sandy,7.26,51.26,1.02,3.03,117.0,46.0,19.0,28.8,92.03,132.81,4.72,6.73,Rabi,Drip,Rainwater,3.21,Yes,14.11,West,Medium,15.82
Maize,Flowering,Clay,5.43,53.5,1.08,1.2,76.0,48.5,20.0,22.47,61.08,2206.01,10.34,1.21,Kharif,Drip,Groundwater,8.56,No,14.15,Central,Low,7.27
Rice,Flowering,Clay,5.36,31.23,0.33,0.47,80.0,47.0,40.0,41.74,83.52,990.79,10.6,1.05,Kharif,Sprinkler,River,4.52,No,60.17,South,Medium,64.1
Cotton,Sowing,Loamy,7.76,54.83,1.45,0.11,117.0,46.0,19.0,28.97,45.14,983.22,8.34,18.69,Zaid,Sprinkler,Reservoir,5.58,No,24.4,South,Low,10.99
Maize,Sowing,Silt,5.88,18.52,0.77,3.16,76.0,48.5,20.0,14.53,76.67,720.99,9.56,1.4,Rabi,Drip,Reservoir,4.08,Yes,21.5,Central,Low,11.45
Maize,Vegetative,Sandy,7.28,61.07,0.7,3.29,76.0,48.5,20.0,27.28,83.36,1577.98,7.48,4.11,Zaid,Drip,Reservoir,2.28,Yes,61.81,South,Low,25.58
Rice,Harvest,Sandy,5.52,41.45,0.56,3.18,80.0,47.0,40.0,32.87,37.04,1079.78,6.35,8.63,Kharif,Canal,Groundwater,11.33,Yes,34.79,North,Low,12.97
Rice,Vegetative,Clay,5.07,55.91,1.37,3.11,80.0,47.0,40.0,17.76,50.69,1244.57,7.74,5.13,Kharif,Sprinkler,River,14.1,No,12.04,South,Low,4.78
Maize,Flowering,Clay,5.74,18.46,0.63,2.77,76.0,48.5,20.0,22.63,53.3,625.4,4.13,11.66,Rabi,Sprinkler,River,4.47,Yes,6.4,North,Medium,6.34
Cotton,Vegetative,Silt,5.65,59.4,0.67,1.1,117.0,46.0,19.0,24.47,46.9,1284.67,5.69,17.49,Kharif,Rainfed,Rainwater,13.9,No,72.61,South,Medium,42.53
Rice,Vegetative,Clay,5.46,11.83,0.73,1.76,80.0,47.0,40.0,39.19,48.67,966.92,8.22,6.32,Zaid,Canal,Groundwater,11.15,Yes,118.26,East,Medium,114.11
Rice,Vegetative,Clay,7.59,10.48,0.78,1.32,80.0,47.0,40.0,33.38,72.88,1000.55,8.89,3.03,Zaid,Drip,River,9.23,Yes,99.39,North,Medium,91.02
Maize,Sowing,Silt,5.43,25.63,0.78,3.36,76.0,48.5,20.0,28.43,56.52,1663.59,8.23,12.88,Rabi,Canal,River,13.35,Yes,32.43,South,Low,18.98
Rice,Sowing,Clay,6.38,11.42,1.38,2.73,80.0,47.0,40.0,27.72,47.6,436.54,7.51,1.35,Kharif,Drip,Reservoir,4.96,Yes,50.45,North,Low,33.43
Maize,Sowing,Sandy,4.85,21.45,0.71,1.5,76.0,48.5,20.0,41.69,55.39,63.07,8.72,14.72,Kharif,Drip,Groundwater,7.75,No,118.68,South,High,218.49
Maize,Harvest,Sandy,4.99,64.68,0.85,0.91,76.0,48.5,20.0,38.9,67.25,1184.68,7.07,5.7,Kharif,Rainfed,Reservoir,2.7,Yes,57.93,South,Low,17.93
Cotton,Flowering,Silt,8.12,21.43,1.21,2.39,117.0,46.0,19.0,39.41,76.2,1674.38,9.25,7.23,Rabi,Rainfed,Groundwater,7.07,Yes,77.48,South,Medium,88.9
Rice,Harvest,Silt,6.47,47.15,0.79,3.43,80.0,47.0,40.0,12.25,31.63,74.66,10.34,3.87,Rabi,Drip,Rainwater,2.1,No,54.34,Central,Low,23.42
Rice,Vegetative,Clay,6.81,30.06,0.62,0.63,80.0,47.0,40.0,35.08,58.04,2355.53,4.93,17.95,Kharif,Canal,Groundwater,1.65,Yes,93.86,West,Medium,80.55
Maize,Harvest,Silt,7.38,57.91,1.15,0.24,76.0,48.5,20.0,36.73,75.17,985.66,4.34,9.45,Zaid,Sprinkler,Groundwater,9.31,No,46.5,Central,Low,15.24
Rice,Harvest,Sandy,5.45,27.39,0.68,0.99,80.0,47.0,40.0,35.62,79.19,1527.82,7.34,1.04,Kharif,Sprinkler,Reservoir,12.84,Yes,110.18,East,Low,47.6
Cotton,Flowering,Sandy,7.41,42.73,0.58,1.96,117.0,46.0,19.0,33.56,28.64,2168.44,8.13,6.03,Zaid,Sprinkler,Groundwater,14.16,No,90.47,South,Medium,82.18
Cotton,Flowering,Sandy,7.53,28.93,0.65,1.62,117.0,46.0,19.0,21.41,84.87,1840.84,5.75,6.27,Zaid,Rainfed,Rainwater,14.42,Yes,38.54,East,Low,24.56
Cotton,Flowering,Sandy,7.79,46.35,0.52,1.21,117.0,46.0,19.0,17.06,71.25,1924.47,5.51,4.38,Rabi,Sprinkler,Groundwater,8.84,Yes,82.08,Central,Low,42.76
Maize,Vegetative,Clay,7.99,21.51,0.37,2.2,76.0,48.5,20.0,30.64,37.29,225.09,8.36,19.16,Rabi,Canal,River,9.28,No,92.68,East,High,139.0
Maize,Vegetative,Loamy,7.49,33.98,0.52,2.44,76.0,48.5,20.0,18.4,50.13,1351.14,5.28,8.8,Rabi,Rainfed,River,3.12,Yes,85.19,East,Low,42.0
Cotton,Harvest,Sandy,8.18,47.11,1.58,2.29,117.0,46.0,19.0,33.25,57.49,232.68,4.84,8.75,Zaid,Rainfed,Reservoir,14.47,No,95.05,South,Medium,62.61
Maize,Sowing,Loamy,4.85,21.61,0.4,3.35,76.0,48.5,20.0,40.88,41.74,1416.22,6.06,13.93,Rabi,Drip,Reservoir,7.49,Yes,30.76,Central,Medium,29.52
Maize,Sowing,Silt,6.01,55.65,0.94,2.58,76.0,48.5,20.0,40.35,30.8,1215.17,10.94,2.22,Rabi,Drip,River,5.72,Yes,29.86,Central,Low,14.74
Cotton,Sowing,Sandy,5.76,49.15,1.25,1.52,117.0,46.0,19.0,27.59,84.23,2136.72,9.89,1.08,Kharif,Sprinkler,Rainwater,9.93,No,50.2,Central,Low,23.63
Rice,Flowering,Silt,5.56,63.57,1.31,2.85,80.0,47.0,40.0,12.88,50.46,871.78,4.18,14.81,Kharif,Sprinkler,Reservoir,7.05,Yes,48.21,East,Low,20.48
Maize,Harvest,Silt,5.66,32.48,0.94,3.29,76.0,48.5,20.0,29.85,39.04,233.34,7.26,13.45,Zaid,Sprinkler,River,14.21,Yes,17.81,South,Low,9.08
Cotton,Flowering,Silt,6.94,31.3,0.39,2.05,117.0,46.0,19.0,19.21,71.15,1130.06,5.39,6.58,Kharif,Sprinkler,Rainwater,4.67,No,65.43,North,Low,39.95
Cotton,Flowering,Sandy,7.39,49.04,0.98,1.3,117.0,46.0,19.0,22.42,55.4,2096.68,10.46,10.87,Zaid,Drip,River,8.41,No,87.27,North,Medium,66.95
Cotton,Flowering,Silt,8.08,26.59,0.93,0.6,117.0,46.0,19.0,21.9,94.52,1315.1,10.43,14.98,Rabi,Rainfed,Rainwater,10.93,No,27.63,Central,Medium,25.77
Cotton,Flowering,Sandy,6.78,33.31,0.9,0.33,117.0,46.0,19.0,28.04,83.21,5.18,10.33,9.05,Zaid,Sprinkler,Groundwater,2.75,Yes,83.53,West,Medium,120.1
Maize,Vegetative,Silt,7.55,43.65,0.77,1.66,76.0,48.5,20.0,41.47,40.72,2390.49,8.81,4.62,Rabi,Sprinkler,River,2.88,Yes,29.87,Central,Low,16.62
Rice,Sowing,Silt,8.08,25.43,0.56,2.07,80.0,47.0,40.0,23.87,60.66,529.79,7.85,5.49,Zaid,Drip,Groundwater,13.15,No,31.35,West,Low,17.57
Rice,Flowering,Sandy,7.51,26.96,0.66,0.82,80.0,47.0,40.0,37.03,28.41,1752.22,8.18,18.24,Rabi,Drip,Rainwater,9.75,No,118.46,Central,Medium,127.36
Rice,Vegetative,Silt,5.23,49.36,1.15,0.51,80.0,47.0,40.0,27.03,43.1,351.06,7.21,3.0,Rabi,Drip,Groundwater,6.44,Yes,112.09,South,Low,61.71
Cotton,Sowing,Clay,5.79,25.69,1.17,0.97,117.0,46.0,19.0,34.49,57.53,77.04,9.51,14.86,Rabi,Sprinkler,Reservoir,11.5,No,15.44,South,Medium,19.94
Cotton,Vegetative,Loamy,5.22,20.62,0.84,1.64,117.0,46.0,19.0,41.21,26.05,376.48,6.59,6.6,Rabi,Rainfed,Groundwater,2.88,Yes,87.63,East,Medium,97.66
Cotton,Flowering,Clay,7.54,30.25,1.37,0.67,117.0,46.0,19.0,26.47,79.14,726.2,10.55,8.44,Rabi,Drip,River,14.72,Yes,90.64,West,Low,60.13
Maize,Sowing,Clay,6.46,25.11,1.04,2.06,76.0,48.5,20.0,22.92,41.29,1337.53,8.07,8.49,Kharif,Sprinkler,Reservoir,12.48,No,89.52,West,Low,49.81
Cotton,Flowering,Loamy,7.02,47.06,0.76,3.32,117.0,46.0,19.0,27.23,70.23,1759.56,10.77,0.65,Rabi,Rainfed,Groundwater,10.75,Yes,49.83,Central,Low,28.63
Maize,Sowing,Silt,5.21,53.91,1.0,1.46,76.0,48.5,20.0,33.08,71.93,2285.92,5.48,10.39,Rabi,Rainfed,Rainwater,12.46,No,108.46,Central,Low,51.25
Maize,Vegetative,Loamy,5.4,29.57,1.14,1.99,76.0,48.5,20.0,37.26,54.24,1094.38,6.29,7.62,Rabi,Rainfed,Groundwater,2.99,Yes,40.79,East,Low,25.09
Cotton,Vegetative,Silt,8.11,58.37,1.18,1.96,117.0,46.0,19.0,31.7,74.18,2322.44,6.52,17.57,Rabi,Drip,Reservoir,13.53,No,51.94,North,Medium,33.01
Rice,Vegetative,Silt,5.62,55.16,0.55,3.45,80.0,47.0,40.0,27.26,32.72,2136.07,7.54,14.26,Kharif,Rainfed,Rainwater,2.14,No,52.1,North,Medium,32.84
Maize,Sowing,Clay,6.47,52.15,1.12,0.32,76.0,48.5,20.0,25.52,75.25,1464.45,6.8,1.33,Kharif,Canal,River,12.13,Yes,71.89,South,Low,32.17
Maize,Sowing,Silt,5.05,46.15,0.83,2.82,76.0,48.5,20.0,18.17,29.74,753.63,8.51,8.84,Zaid,Canal,Reservoir,2.47,No,60.56,South,Low,26.66
Rice,Sowing,Clay,4.92,51.32,1.29,0.92,80.0,47.0,40.0,26.17,60.18,1351.95,5.69,9.79,Rabi,Rainfed,River,12.74,No,90.51,Central,Low,41.11
Rice,Harvest,Silt,6.39,63.83,0.46,0.77,80.0,47.0,40.0,17.69,61.88,1562.15,7.87,16.44,Zaid,Drip,Groundwater,11.83,No,109.94,South,Low,27.97
Maize,Harvest,Sandy,5.27,11.83,1.03,0.25,76.0,48.5,20.0,23.21,25.81,587.09,8.85,1.73,Rabi,Rainfed,Groundwater,9.03,No,29.72,North,Low,12.09
Maize,Harvest,Silt,7.14,34.27,0.95,1.68,76.0,48.5,20.0,12.75,86.23,1398.45,9.84,9.25,Kharif,Canal,Reservoir,10.83,No,54.94,West,Low,18.23
Rice,Vegetative,Sandy,8.07,25.65,0.35,3.21,80.0,47.0,40.0,41.4,27.77,865.79,4.12,16.88,Kharif,Rainfed,River,5.12,No,10.85,Central,Medium,10.09
Maize,Vegetative,Silt,7.63,47.07,0.42,2.55,76.0,48.5,20.0,12.3,78.62,1696.17,8.4,12.59,Zaid,Rainfed,Groundwater,6.51,Yes,9.39,East,Low,3.96
Rice,Harvest,Loamy,6.38,54.85,1.05,0.53,80.0,47.0,40.0,23.01,36.96,2104.62,5.87,8.99,Kharif,Drip,River,9.1,Yes,113.93,West,Low,33.84
Maize,Harvest,Silt,6.54,12.55,0.34,2.57,76.0,48.5,20.0,28.82,64.17,2058.21,4.33,18.58,Kharif,Sprinkler,River,1.54,No,82.58,East,Medium,50.71
Maize,Sowing,Loamy,5.35,55.23,1.41,2.0,76.0,48.5,20.0,18.68,42.24,652.94,9.96,6.98,Zaid,Canal,River,0.87,Yes,45.27,North,Low,18.29
Rice,Sowing,Silt,6.25,26.35,0.48,1.45,80.0,47.0,40.0,38.85,91.01,1831.73,8.11,6.61,Rabi,Sprinkler,Groundwater,4.43,No,8.86,West,Low,5.68
Cotton,Vegetative,Silt,6.35,54.25,0.44,0.53,117.0,46.0,19.0,17.09,58.22,1226.29,9.11,18.47,Zaid,Rainfed,Groundwater,6.85,Yes,27.11,East,Low,10.88
Maize,Sowing,Loamy,7.78,63.42,0.78,1.51,76.0,48.5,20.0,25.7,88.3,1149.12,5.98,18.17,Zaid,Rainfed,Groundwater,0.74,Yes,115.73,South,Low,45.91
Cotton,Vegetative,Clay,6.58,18.24,0.71,1.67,117.0,46.0,19.0,40.09,82.36,593.26,10.1,5.97,Rabi,Rainfed,Rainwater,2.49,No,88.71,West,Medium,86.2
Maize,Harvest,Loamy,6.19,20.17,1.17,0.49,76.0,48.5,20.0,26.71,82.3,253.14,8.81,18.05,Kharif,Drip,River,6.79,No,100.04,North,Medium,76.87
Maize,Vegetative,Clay,5.84,44.71,0.69,1.68,76.0,48.5,20.0,38.52,93.62,425.11,6.7,12.3,Zaid,Sprinkler,Rainwater,10.74,No,84.17,West,Medium,72.09
Maize,Sowing,Loamy,7.26,53.1,0.71,0.76,76.0,48.5,20.0,32.87,40.86,1122.11,4.73,16.79,Zaid,Rainfed,River,3.3,Yes,40.47,South,Low,19.25
Rice,Flowering,Clay,7.08,25.05,1.0,2.17,80.0,47.0,40.0,25.99,55.3,868.58,9.92,19.19,Rabi,Drip,Rainwater,5.42,Yes,36.69,North,Low,25.28
Rice,Harvest,Clay,7.52,15.69,0.33,0.23,80.0,47.0,40.0,37.71,35.92,1050.98,6.28,6.03,Rabi,Rainfed,Rainwater,5.19,Yes,5.65,West,Low,2.64
Rice,Sowing,Silt,5.67,32.09,1.33,1.18,80.0,47.0,40.0,41.83,43.38,1135.33,8.58,0.5,Zaid,Canal,Groundwater,6.85,No,25.29,North,Low,15.6
Cotton,Vegetative,Clay,6.9,13.19,1.11,1.71,117.0,46.0,19.0,19.3,37.93,1915.18,8.42,10.75,Rabi,Sprinkler,Reservoir,1.97,Yes,78.4,East,Medium,62.47
Maize,Sowing,Sandy,6.36,23.0,0.55,0.35,76.0,48.5,20.0,26.23,30.67,2402.32,6.28,12.06,Kharif,Drip,Reservoir,11.26,No,15.84,East,Medium,13.24
Maize,Vegetative,Sandy,6.99,53.18,1.05,3.48,76.0,48.5,20.0,39.87,94.46,570.94,7.96,6.2,Rabi,Drip,Reservoir,7.9,No,19.6,East,Medium,14.17
Maize,Vegetative,Clay,5.03,40.41,1.2,0.45,76.0,48.5,20.0,32.14,88.92,130.56,4.79,1.92,Rabi,Rainfed,Rainwater,5.78,Yes,76.59,East,Medium,82.1
Maize,Harvest,Clay,6.55,27.43,1.46,0.24,76.0,48.5,20.0,28.8,68.45,1812.3,10.13,19.11,Zaid,Drip,River,4.39,No,93.97,South,Low,38.08
Rice,Flowering,Clay,5.98,49.37,0.36,0.41,80.0,47.0,40.0,20.66,33.9,2252.81,5.64,4.93,Kharif,Rainfed,Groundwater,3.88,No,69.74,East,Low,36.65
Maize,Harvest,Loamy,8.03,43.29,1.07,3.01,76.0,48.5,20.0,29.71,55.88,1712.98,9.31,13.04,Kharif,Drip,Rainwater,5.63,Yes,84.65,North,Low,30.13
Cotton,Sowing,Loamy,6.45,43.22,1.06,0.63,117.0,46.0,19.0,17.65,78.56,1966.47,10.73,10.96,Rabi,Drip,Rainwater,9.6,Yes,62.25,West,Low,28.02
Rice,Vegetative,Loamy,7.03,29.92,0.57,1.3,80.0,47.0,40.0,21.55,50.96,403.13,9.12,12.31,Rabi,Rainfed,Reservoir,6.5,Yes,22.19,East,Low,13.17
Maize,Vegetative,Sandy,5.15,57.54,0.38,2.29,76.0,48.5,20.0,37.84,57.86,656.2,9.15,17.25,Kharif,Sprinkler,Groundwater,4.57,No,5.8,Central,Medium,3.93
Rice,Sowing,Silt,7.92,58.38,1.14,3.34,80.0,47.0,40.0,37.0,54.57,965.61,10.82,13.61,Rabi,Drip,Reservoir,11.1,Yes,20.16,North,Low,9.41
Rice,Vegetative,Sandy,7.08,27.51,0.51,2.58,80.0,47.0,40.0,30.63,32.54,1642.84,5.71,10.06,Rabi,Canal,Reservoir,9.91,No,83.18,West,Medium,69.96
Maize,Flowering,Clay,5.5,42.2,0.73,1.04,76.0,48.5,20.0,30.06,72.08,1937.56,9.68,3.5,Kharif,Canal,Groundwater,3.33,Yes,48.36,Central,Low,29.9
Cotton,Sowing,Clay,5.79,46.11,1.32,0.17,117.0,46.0,19.0,20.59,62.14,2085.56,9.89,19.36,Kharif,Rainfed,Groundwater,10.9,Yes,105.87,Central,Low,47.84
Rice,Sowing,Silt,7.97,25.57,1.38,3.49,80.0,47.0,40.0,35.53,77.22,1948.88,9.1,17.24,Kharif,Rainfed,River,14.73,No,100.58,Central,Low,62.94
Cotton,Vegetative,Loamy,6.68,19.94,1.17,3.26,117.0,46.0,19.0,21.29,62.36,164.82,10.74,8.89,Zaid,Sprinkler,Reservoir,1.37,Yes,42.74,West,Medium,47.62
Maize,Flowering,Silt,5.22,64.32,0.39,2.47,76.0,48.5,20.0,25.95,77.5,2458.04,5.91,13.93,Kharif,Rainfed,River,6.94,Yes,16.36,West,Low,7.73
Maize,Sowing,Silt,5.67,47.39,0.36,0.86,76.0,48.5,20.0,36.36,42.23,1535.2,7.46,15.4,Rabi,Canal,Rainwater,6.61,Yes,71.51,South,Low,37.18
Cotton,Harvest,Clay,6.9,14.72,1.53,1.09,117.0,46.0,19.0,37.66,79.52,1170.7,8.14,1.54,Kharif,Sprinkler,Groundwater,10.99,Yes,1.94,South,Low,0.9
Maize,Flowering,Clay,6.55,25.73,1.38,0.58,76.0,48.5,20.0,29.61,79.53,449.99,5.67,7.46,Kharif,Sprinkler,Groundwater,10.14,No,66.39,East,Low,50.75
Rice,Vegetative,Loamy,5.58,50.48,1.18,0.63,80.0,47.0,40.0,32.09,45.28,967.95,7.3,7.12,Kharif,Rainfed,River,12.72,Yes,0.7,West,Low,0.34
Cotton,Flowering,Sandy,7.69,63.37,1.53,1.18,117.0,46.0,19.0,33.52,90.9,1325.61,7.58,9.65,Zaid,Drip,Rainwater,7.71,No,118.48,West,Medium,86.88
Maize,Sowing,Clay,7.34,18.08,1.21,2.12,76.0,48.5,20.0,24.62,56.42,1837.86,8.98,18.94,Kharif,Canal,River,0.39,Yes,75.54,Central,Low,44.51
Maize,Vegetative,Clay,7.54,39.05,1.44,2.85,76.0,48.5,20.0,25.19,46.96,2235.53,9.12,15.82,Rabi,Drip,River,12.57,Yes,116.2,West,Low,58.77
Maize,Harvest,Loamy,6.32,48.58,0.73,2.95,76.0,48.5,20.0,41.04,36.3,898.65,4.38,5.4,Rabi,Canal,River,0.78,No,30.46,South,Low,11.32
Rice,Vegetative,Loamy,4.96,9.2,0.39,1.7,80.0,47.0,40.0,19.95,47.22,132.1,7.56,13.07,Zaid,Rainfed,Groundwater,11.02,Yes,95.25,East,High,139.38
Maize,Sowing,Clay,5.64,30.56,1.15,0.99,76.0,48.5,20.0,41.06,76.92,1876.35,10.3,1.78,Rabi,Drip,Reservoir,1.33,Yes,0.22,North,Low,0.14
Rice,Sowing,Silt,5.29,58.74,1.18,3.28,80.0,47.0,40.0,25.36,45.34,443.77,4.02,12.18,Rabi,Drip,Rainwater,0.89,No,33.71,East,Low,15.22
Cotton,Sowing,Loamy,5.43,27.81,1.19,2.03,117.0,46.0,19.0,14.43,81.17,2384.23,6.93,7.56,Kharif,Canal,River,12.91,Yes,2.04,Central,Low,1.02
Rice,Vegetative,Silt,4.93,22.46,1.5,2.37,80.0,47.0,40.0,20.52,28.89,1452.87,10.21,10.05,Kharif,Rainfed,River,5.93,No,67.29,North,Medium,53.28
Cotton,Sowing,Silt,4.92,21.87,1.25,1.91,117.0,46.0,19.0,13.19,48.24,1308.6,5.37,3.31,Kharif,Canal,Reservoir,4.34,No,89.81,Central,Low,47.12
Rice,Sowing,Silt,7.63,13.69,1.55,0.6,80.0,47.0,40.0,16.13,79.61,154.5,4.46,14.55,Rabi,Canal,Reservoir,3.25,Yes,64.62,North,Medium,68.67
Maize,Flowering,Clay,6.81,54.58,0.88,2.51,76.0,48.5,20.0,31.0,60.85,693.35,6.67,18.22,Kharif,Drip,Rainwater,10.08,Yes,85.93,East,Medium,67.79
Rice,Flowering,Silt,6.02,12.94,0.99,1.78,80.0,47.0,40.0,34.91,73.27,7.63,8.29,14.79,Kharif,Canal,Reservoir,13.34,No,95.81,East,High,212.47
Maize,Harvest,Sandy,7.84,24.66,0.64,2.26,76.0,48.5,20.0,38.1,29.68,2187.51,10.01,2.9,Kharif,Canal,Reservoir,12.44,Yes,56.91,South,Low,25.7
Cotton,Sowing,Silt,6.9,10.24,0.77,2.1,117.0,46.0,19.0,29.08,81.61,908.68,6.28,11.99,Rabi,Rainfed,Groundwater,10.55,No,80.25,East,Medium,70.58
Rice,Flowering,Loamy,7.4,31.34,1.49,0.92,80.0,47.0,40.0,26.5,39.9,575.66,7.78,10.31,Kharif,Sprinkler,Rainwater,5.52,No,94.42,Central,Medium,88.7
Maize,Vegetative,Sandy,6.26,24.09,0.78,2.25,76.0,48.5,20.0,40.97,52.68,1353.52,5.91,12.93,Kharif,Canal,River,14.55,Yes,53.73,Central,Medium,50.57
Maize,Sowing,Sandy,5.75,63.52,1.41,1.88,76.0,48.5,20.0,22.46,40.86,2455.32,8.72,5.02,Zaid,Sprinkler,River,6.12,Yes,104.1,Central,Low,39.92
Maize,Flowering,Sandy,5.12,27.84,0.98,1.15,76.0,48.5,20.0,18.2,80.54,1359.63,7.87,1.56,Rabi,Drip,Rainwater,3.56,No,75.37,Central,Low,46.85
Maize,Sowing,Sandy,5.61,10.08,0.88,0.29,76.0,48.5,20.0,40.4,54.8,1658.2,9.29,19.05,Rabi,Canal,Rainwater,0.56,Yes,63.27,South,Medium,61.48
Rice,Flowering,Clay,5.07,39.49,0.64,2.56,80.0,47.0,40.0,19.27,91.16,2115.28,5.11,9.0,Rabi,Sprinkler,Rainwater,9.8,No,74.79,Central,Low,42.54
Rice,Flowering,Clay,6.25,52.66,0.68,1.62,80.0,47.0,40.0,19.14,45.77,305.13,10.77,10.13,Rabi,Canal,River,5.95,Yes,73.13,South,Low,44.84
Rice,Vegetative,Silt,6.61,47.76,0.54,3.24,80.0,47.0,40.0,27.27,38.5,2303.99,5.3,3.36,Rabi,Rainfed,River,6.94,Yes,82.08,Central,Low,39.05
Rice,Harvest,Clay,8.1,35.09,1.23,1.64,80.0,47.0,40.0,29.18,49.98,427.46,7.6,2.9,Zaid,Rainfed,Rainwater,9.15,No,94.78,North,Low,39.75
Rice,Flowering,Loamy,6.17,18.61,0.81,2.2,80.0,47.0,40.0,18.39,30.16,1300.76,6.01,6.32,Kharif,Drip,River,5.2,Yes,105.43,Central,Medium,99.84
Maize,Flowering,Clay,7.0,45.37,1.24,3.25,76.0,48.5,20.0,13.06,70.28,1533.38,7.3,12.33,Kharif,Canal,Reservoir,0.82,Yes,31.94,North,Low,16.42
Rice,Vegetative,Sandy,5.73,43.35,0.54,0.66,80.0,47.0,40.0,22.74,57.44,199.93,10.07,5.17,Zaid,Sprinkler,River,10.54,No,91.53,East,Medium,82.69
Cotton,Harvest,Clay,7.42,57.89,1.54,3.42,117.0,46.0,19.0,18.77,71.52,416.21,6.35,7.59,Rabi,Drip,Rainwater,9.22,Yes,56.72,North,Low,17.34
Rice,Harvest,Clay,7.26,35.81,1.48,2.99,80.0,47.0,40.0,34.77,55.85,770.89,9.43,4.32,Zaid,Canal,Rainwater,13.97,Yes,94.92,East,Low,37.89
Rice,Vegetative,Sandy,8.08,20.82,0.5,2.47,80.0,47.0,40.0,32.04,92.35,1030.07,9.24,3.84,Zaid,Canal,Groundwater,14.56,No,99.27,South,Medium,89.22
Maize,Vegetative,Silt,7.96,10.35,0.36,1.4,76.0,48.5,20.0,17.75,60.27,1575.34,4.35,13.62,Kharif,Canal,Reservoir,2.27,No,8.22,West,Medium,6.44
Rice,Sowing,Loamy,7.39,46.52,0.82,2.36,80.0,47.0,40.0,41.49,87.0,1023.68,5.24,14.51,Rabi,Drip,River,8.39,Yes,16.78,South,Low,9.09
Rice,Vegetative,Silt,6.57,20.23,0.98,1.91,80.0,47.0,40.0,17.32,60.5,2242.6,8.01,19.61,Zaid,Rainfed,River,6.35,No,60.13,South,Medium,46.82
Cotton,Vegetative,Loamy,6.84,25.57,0.45,2.7,117.0,46.0,19.0,20.31,72.33,463.23,4.5,16.03,Kharif,Canal,Groundwater,0.66,No,113.09,South,Medium,92.7
Maize,Flowering,Sandy,8.06,19.07,0.95,2.46,76.0,48.5,20.0,24.81,71.58,1680.09,8.78,14.95,Kharif,Canal,Groundwater,7.08,Yes,13.99,Central,Medium,14.16
Rice,Harvest,Sandy,6.09,28.3,1.19,1.84,80.0,47.0,40.0,40.86,35.9,2045.39,7.34,7.54,Kharif,Canal,Rainwater,7.53,No,4.85,North,Low,2.16
Rice,Sowing,Clay,4.83,23.02,0.96,1.23,80.0,47.0,40.0,18.06,44.69,1152.74,9.9,14.83,Kharif,Drip,River,1.17,Yes,30.58,North,Low,16.44
Maize,Harvest,Loamy,5.21,27.64,0.43,0.51,76.0,48.5,20.0,39.08,85.39,1888.2,8.95,12.01,Rabi,Canal,Reservoir,13.01,Yes,102.85,Central,Low,45.73
Maize,Vegetative,Sandy,5.44,19.14,1.22,2.08,76.0,48.5,20.0,13.71,76.51,2144.08,7.12,12.67,Rabi,Canal,Reservoir,6.48,Yes,91.15,East,Medium,69.32
Rice,Flowering,Sandy,6.03,62.87,1.51,1.33,80.0,47.0,40.0,13.19,90.26,655.18,9.52,2.12,Rabi,Drip,River,14.14,No,53.23,East,Low,22.79
Rice,Flowering,Clay,7.73,16.81,1.23,3.23,80.0,47.0,40.0,12.15,66.83,422.99,10.43,10.16,Kharif,Sprinkler,Rainwater,0.7,Yes,3.8,North,Medium,3.83
Maize,Sowing,Silt,6.24,60.06,1.31,1.79,76.0,48.5,20.0,27.74,34.66,80.73,4.46,15.72,Kharif,Drip,Rainwater,11.18,Yes,26.82,East,Low,16.41
Maize,Sowing,Sandy,6.16,21.19,1.28,2.14,76.0,48.5,20.0,22.27,49.22,2386.08,4.12,8.66,Kharif,Sprinkler,River,6.54,No,18.86,Central,Low,10.75
Rice,Sowing,Silt,5.1,34.65,1.0,3.12,80.0,47.0,40.0,31.91,26.45,1813.28,6.03,11.45,Rabi,Drip,Reservoir,13.48,No,75.74,East,Low,42.5
Maize,Harvest,Sandy,7.02,11.18,1.29,2.69,76.0,48.5,20.0,39.4,47.9,731.71,5.44,0.61,Rabi,Canal,Groundwater,1.71,Yes,46.75,Central,Low,22.14
Maize,Harvest,Loamy,6.46,60.36,1.36,3.05,76.0,48.5,20.0,22.64,82.7,2016.15,7.41,18.28,Kharif,Drip,Reservoir,13.76,Yes,88.29,East,Low,24.61
Rice,Flowering,Sandy,7.49,63.88,0.74,0.3,80.0,47.0,40.0,21.42,26.08,2365.6,8.59,7.2,Zaid,Rainfed,Rainwater,8.85,Yes,77.62,Central,Low,35.19
Rice,Flowering,Loamy,6.12,42.98,1.36,1.18,80.0,47.0,40.0,21.86,81.48,2088.37,6.13,10.92,Kharif,Canal,Reservoir,11.38,No,53.98,Central,Medium,43.65
Cotton,Harvest,Sandy,6.83,33.67,0.6,2.33,117.0,46.0,19.0,24.07,46.41,1930.1,4.35,13.41,Kharif,Drip,Reservoir,7.49,No,50.45,South,Low,18.52
Maize,Sowing,Sandy,7.63,34.0,0.42,1.41,76.0,48.5,20.0,32.38,80.77,1037.96,10.15,12.32,Rabi,Drip,Reservoir,12.2,Yes,34.54,West,Low,19.58
Maize,Harvest,Sandy,5.7,58.2,1.37,0.77,76.0,48.5,20.0,19.92,89.91,908.54,8.49,14.71,Rabi,Sprinkler,Reservoir,10.16,Yes,29.35,South,Low,8.15
Maize,Vegetative,Clay,5.51,20.4,0.96,0.84,76.0,48.5,20.0,40.57,74.57,1663.77,7.89,6.39,Rabi,Drip,River,3.18,No,37.55,East,Medium,36.38
Cotton,Harvest,Clay,7.59,29.55,1.4,1.36,117.0,46.0,19.0,21.74,56.7,1652.56,4.54,5.03,Zaid,Drip,Groundwater,13.18,No,62.88,East,Low,23.34
Rice,Vegetative,Sandy,5.74,30.37,0.53,3.18,80.0,47.0,40.0,33.03,62.8,868.71,7.96,8.13,Kharif,Drip,River,13.85,Yes,38.94,South,Low,22.9
Cotton,Harvest,Loamy,7.04,62.38,0.54,0.79,117.0,46.0,19.0,39.83,34.58,1177.0,5.64,7.76,Zaid,Canal,Groundwater,7.33,No,92.2,East,Low,29.55
Rice,Sowing,Silt,4.85,14.45,1.44,1.09,80.0,47.0,40.0,36.34,72.26,2149.14,8.64,12.5,Rabi,Rainfed,Reservoir,6.97,Yes,74.44,Central,Medium,70.03
Cotton,Vegetative,Silt,5.14,62.86,1.44,3.46,117.0,46.0,19.0,28.43,36.93,146.78,4.86,15.35,Rabi,Drip,Reservoir,10.08,No,118.63,South,Medium,96.46
Rice,Vegetative,Sandy,7.82,16.27,0.67,0.39,80.0,47.0,40.0,34.84,41.28,107.98,9.58,19.29,Rabi,Sprinkler,Rainwater,2.64,Yes,32.97,North,High,56.8
Rice,Sowing,Clay,5.63,32.0,0.31,1.34,80.0,47.0,40.0,28.29,40.56,2351.34,10.19,17.37,Rabi,Canal,River,2.84,No,105.24,West,Low,58.36
Cotton,Harvest,Sandy,5.26,62.59,0.36,0.61,117.0,46.0,19.0,30.61,62.46,411.02,5.11,5.04,Kharif,Rainfed,Reservoir,10.56,Yes,79.08,West,Low,25.97
Cotton,Harvest,Silt,4.89,32.33,1.22,1.14,117.0,46.0,19.0,35.68,63.7,2371.13,7.01,18.21,Rabi,Sprinkler,River,9.66,No,37.78,West,Low,15.67
Maize,Harvest,Loamy,5.32,28.32,1.25,0.99,76.0,48.5,20.0,28.36,32.39,1861.85,8.88,13.25,Zaid,Canal,Groundwater,2.56,Yes,56.72,West,Low,22.72
Rice,Flowering,Clay,6.93,64.88,1.38,1.11,80.0,47.0,40.0,41.32,42.03,1533.72,9.63,10.49,Kharif,Canal,Rainwater,1.47,No,4.39,West,Medium,3.35
Cotton,Sowing,Loamy,5.05,38.32,0.93,1.33,117.0,46.0,19.0,19.07,79.59,522.05,4.62,15.82,Kharif,Sprinkler,Rainwater,4.11,Yes,28.61,East,Low,13.72
Rice,Vegetative,Sandy,5.44,29.39,1.56,0.93,80.0,47.0,40.0,39.59,57.46,546.29,8.12,13.66,Zaid,Drip,Reservoir,1.18,No,112.88,East,Medium,101.41
Cotton,Vegetative,Sandy,5.45,37.2,0.88,0.49,117.0,46.0,19.0,25.68,55.37,9.82,8.67,9.69,Zaid,Canal,Rainwater,8.75,Yes,77.65,Central,Medium,87.61
Maize,Vegetative,Clay,7.9,33.01,0.3,1.69,76.0,48.5,20.0,23.19,81.43,110.69,8.88,8.8,Rabi,Rainfed,River,14.12,Yes,16.3,South,Medium,17.34
Cotton,Sowing,Sandy,6.11,25.74,1.52,1.07,117.0,46.0,19.0,32.25,81.85,1736.7,6.09,0.88,Zaid,Drip,River,0.59,No,80.09,South,Low,48.56
Rice,Vegetative,Silt,7.09,36.99,1.07,0.52,80.0,47.0,40.0,36.12,61.3,1248.83,9.5,13.25,Zaid,Rainfed,Rainwater,7.39,Yes,74.04,West,Medium,60.44
Maize,Flowering,Loamy,6.8,11.32,1.59,2.55,76.0,48.5,20.0,17.91,68.94,362.82,9.44,18.13,Kharif,Sprinkler,Rainwater,4.43,Yes,91.87,West,Medium,100.95
Maize,Harvest,Clay,5.56,16.76,1.41,2.79,76.0,48.5,20.0,41.19,85.63,255.58,4.94,13.83,Zaid,Rainfed,Reservoir,2.79,Yes,96.45,North,Medium,83.74
Maize,Flowering,Sandy,7.68,62.02,1.54,1.44,76.0,48.5,20.0,28.4,58.32,2263.44,10.32,11.29,Rabi,Canal,Reservoir,8.76,No,73.99,East,Medium,52.5
Cotton,Vegetative,Clay,6.18,47.51,1.34,0.66,117.0,46.0,19.0,31.48,54.87,1140.5,5.51,12.71,Zaid,Rainfed,Reservoir,13.56,No,84.2,West,Medium,59.73
Rice,Flowering,Silt,8.08,50.75,1.29,0.24,80.0,47.0,40.0,12.89,65.69,1211.42,10.8,10.57,Rabi,Rainfed,Reservoir,8.68,Yes,102.06,West,Low,49.78
Maize,Vegetative,Loamy,7.79,49.43,1.51,0.45,76.0,48.5,20.0,14.89,46.53,1342.43,10.18,9.01,Kharif,Sprinkler,Rainwater,1.53,No,18.63,West,Low,7.67
Maize,Vegetative,Loamy,8.08,15.79,0.96,0.1,76.0,48.5,20.0,39.35,43.37,1239.23,7.93,8.68,Kharif,Drip,Rainwater,10.48,Yes,28.2,Central,Medium,27.25
Rice,Harvest,Sandy,5.9,27.35,1.33,0.35,80.0,47.0,40.0,30.85,91.91,1477.76,4.93,9.98,Rabi,Canal,Rainwater,13.58,Yes,30.38,West,Low,12.56
Cotton,Flowering,Sandy,5.52,36.66,1.25,2.7,117.0,46.0,19.0,37.53,64.53,926.37,5.57,7.62,Zaid,Canal,Reservoir,6.67,No,51.54,South,Medium,51.27
Cotton,Harvest,Loamy,6.65,63.14,1.53,2.94,117.0,46.0,19.0,33.99,62.4,811.69,4.88,8.71,Rabi,Canal,River,0.55,Yes,98.3,East,Low,29.64
Rice,Flowering,Clay,5.21,22.75,0.5,1.22,80.0,47.0,40.0,23.75,86.89,1893.36,8.1,5.07,Kharif,Rainfed,Rainwater,5.84,Yes,85.64,North,Medium,83.94
Cotton,Sowing,Clay,5.91,50.68,0.95,2.61,117.0,46.0,19.0,40.64,37.16,119.61,9.84,5.4,Zaid,Drip,Rainwater,5.36,Yes,1.1,North,Low,0.81
Maize,Flowering,Loamy,5.44,56.26,1.53,3.02,76.0,48.5,20.0,14.81,39.37,2138.39,5.18,2.05,Rabi,Rainfed,River,10.11,No,32.06,West,Low,14.77
Rice,Sowing,Loamy,7.52,15.52,0.84,1.62,80.0,47.0,40.0,40.88,87.36,2385.24,9.93,1.29,Kharif,Canal,Groundwater,0.6,Yes,118.48,Central,Low,80.59
Rice,Harvest,Loamy,8.11,10.01,1.04,1.6,80.0,47.0,40.0,33.88,74.0,622.55,9.34,13.79,Zaid,Sprinkler,Reservoir,1.84,No,74.18,South,Medium,47.77
Maize,Harvest,Sandy,5.53,30.52,1.45,2.37,76.0,48.5,20.0,22.27,86.73,740.51,6.31,18.25,Kharif,Rainfed,Groundwater,2.09,Yes,12.49,Central,Low,4.62
Maize,Sowing,Silt,5.76,50.82,0.73,3.45,76.0,48.5,20.0,28.11,58.34,1064.95,9.71,7.41,Kharif,Rainfed,Reservoir,14.59,No,119.56,Central,Low,55.63
Maize,Harvest,Silt,4.87,25.79,0.51,1.89,76.0,48.5,20.0,18.45,83.02,180.62,10.59,11.22,Zaid,Rainfed,Rainwater,5.52,No,117.7,South,Medium,84.12
Maize,Harvest,Sandy,6.64,48.89,0.95,2.01,76.0,48.5,20.0,41.86,48.23,2235.55,6.41,16.81,Kharif,Canal,River,3.41,Yes,94.35,Central,Low,34.94
Maize,Flowering,Sandy,8.05,19.4,0.76,1.98,76.0,48.5,20.0,35.09,26.55,835.49,8.18,5.38,Rabi,Canal,River,11.09,Yes,119.97,North,Medium,133.92
Cotton,Vegetative,Silt,8.09,33.74,0.95,0.93,117.0,46.0,19.0,39.49,33.65,853.87,7.37,14.96,Rabi,Canal,Reservoir,2.01,Yes,73.39,West,Medium,63.5
Cotton,Vegetative,Clay,7.16,51.84,1.41,0.47,117.0,46.0,19.0,40.89,79.93,1902.27,8.29,8.25,Zaid,Sprinkler,Rainwater,3.74,Yes,89.17,South,Low,45.8
Rice,Vegetative,Silt,7.25,51.43,0.55,3.26,80.0,47.0,40.0,35.58,82.08,453.11,8.6,15.48,Kharif,Rainfed,River,12.81,Yes,28.72,Central,Medium,21.85
Rice,Vegetative,Sandy,6.71,37.4,1.52,0.82,80.0,47.0,40.0,37.47,32.06,1322.47,4.72,0.92,Kharif,Canal,Reservoir,11.09,No,108.96,South,Medium,89.69
Maize,Vegetative,Sandy,7.14,23.04,1.35,0.79,76.0,48.5,20.0,23.75,38.92,1124.75,7.58,15.02,Rabi,Rainfed,Reservoir,9.45,No,15.3,East,Medium,12.47
Cotton,Harvest,Clay,7.46,29.34,0.4,1.57,117.0,46.0,19.0,31.43,73.83,2190.18,5.2,2.93,Rabi,Canal,Reservoir,2.39,No,101.8,South,Low,41.64
Maize,Harvest,Sandy,5.81,50.6,1.48,2.3,76.0,48.5,20.0,35.96,63.42,94.56,9.4,16.84,Kharif,Canal,Reservoir,9.57,No,6.07,East,Medium,4.39
Rice,Flowering,Silt,6.71,54.06,1.52,2.83,80.0,47.0,40.0,12.74,76.58,1484.14,9.72,15.71,Rabi,Sprinkler,Rainwater,4.08,No,61.87,South,Medium,41.67
Cotton,Harvest,Clay,7.58,8.1,0.54,3.21,117.0,46.0,19.0,21.79,58.0,93.51,7.24,10.64,Zaid,Sprinkler,River,0.7,No,90.39,Central,Medium,74.65
Maize,Harvest,Loamy,5.44,34.48,1.36,1.85,76.0,48.5,20.0,34.38,58.69,1758.29,4.65,14.58,Zaid,Rainfed,Reservoir,11.95,No,90.31,East,Low,36.34
Maize,Harvest,Clay,6.64,63.05,0.41,1.37,76.0,48.5,20.0,40.84,31.0,1136.05,9.99,3.14,Zaid,Rainfed,Groundwater,6.1,No,13.51,South,Low,4.3
Cotton,Flowering,Sandy,5.9,20.72,0.93,1.28,117.0,46.0,19.0,34.45,91.22,2032.66,7.54,2.04,Kharif,Sprinkler,River,1.68,No,56.71,West,Medium,62.59
Cotton,Vegetative,Loamy,7.05,25.29,0.49,1.48,117.0,46.0,19.0,35.16,76.36,1286.45,6.77,10.41,Rabi,Rainfed,Groundwater,8.2,Yes,3.57,East,Medium,3.19
Rice,Harvest,Silt,7.09,17.09,1.1,2.86,80.0,47.0,40.0,30.61,54.89,884.86,10.82,6.82,Kharif,Drip,Rainwater,7.43,No,119.6,East,Medium,74.71
Maize,Sowing,Loamy,7.03,38.77,0.81,2.24,76.0,48.5,20.0,17.52,30.85,719.54,8.99,4.66,Kharif,Drip,River,10.69,No,41.58,West,Low,19.47
Maize,Flowering,Clay,6.39,49.75,1.53,0.97,76.0,48.5,20.0,32.68,79.45,1967.27,4.66,9.11,Zaid,Canal,Groundwater,8.9,No,7.56,North,Medium,6.37
Maize,Flowering,Clay,7.2,14.52,0.84,1.45,76.0,48.5,20.0,14.22,36.51,2415.77,9.52,3.58,Kharif,Canal,Reservoir,6.65,Yes,49.31,South,Medium,45.0
Cotton,Harvest,Sandy,7.14,52.19,0.43,3.16,117.0,46.0,19.0,20.95,85.91,1642.23,9.56,6.05,Rabi,Drip,River,10.08,No,87.99,South,Low,26.3
Maize,Sowing,Silt,6.73,43.07,0.49,1.1,76.0,48.5,20.0,36.21,79.44,2119.03,10.68,5.78,Rabi,Rainfed,Reservoir,1.01,No,57.44,East,Low,31.08
Maize,Vegetative,Silt,6.63,33.77,0.85,0.44,76.0,48.5,20.0,21.67,25.31,1479.72,10.1,2.57,Kharif,Sprinkler,River,7.78,Yes,3.24,East,Low,1.66
Cotton,Harvest,Sandy,6.4,20.84,1.11,0.29,117.0,46.0,19.0,41.09,33.0,1274.16,8.11,6.84,Kharif,Drip,Reservoir,9.5,No,93.08,South,Medium,62.91
Cotton,Harvest,Sandy,5.78,10.42,1.37,2.61,117.0,46.0,19.0,31.94,37.5,62.59,7.57,13.51,Zaid,Sprinkler,River,2.21,No,110.78,North,High,134.3
Rice,Sowing,Silt,5.28,15.36,1.55,3.11,80.0,47.0,40.0,17.06,79.0,1493.02,6.88,8.05,Zaid,Drip,Rainwater,7.74,Yes,91.27,Central,Low,49.7
Cotton,Vegetative,Clay,5.33,14.05,0.77,2.1,117.0,46.0,19.0,39.05,37.94,2054.14,7.31,15.61,Kharif,Canal,Groundwater,9.14,Yes,59.15,East,Medium,57.0
Maize,Flowering,Loamy,7.77,21.84,0.52,1.02,76.0,48.5,20.0,14.44,84.74,2337.15,8.76,11.06,Kharif,Sprinkler,Rainwater,6.81,No,17.4,South,Medium,15.65
Maize,Sowing,Silt,6.19,17.48,1.36,2.08,76.0,48.5,20.0,39.4,76.6,2243.29,10.24,8.98,Zaid,Rainfed,Groundwater,3.74,No,104.21,South,Medium,100.74
Maize,Flowering,Clay,7.37,51.39,0.72,1.44,76.0,48.5,20.0,25.57,41.98,1009.58,9.78,3.84,Rabi,Sprinkler,Reservoir,9.44,No,90.52,South,Low,49.01
Rice,Harvest,Clay,7.63,26.93,0.94,3.28,80.0,47.0,40.0,35.49,33.35,137.69,6.53,8.31,Rabi,Canal,Groundwater,9.66,Yes,108.28,Central,Low,65.52
Maize,Sowing,Sandy,4.85,27.2,0.85,1.18,76.0,48.5,20.0,27.51,36.91,1996.9,7.98,12.85,Zaid,Rainfed,Groundwater,10.86,No,74.92,East,Low,42.91
Maize,Sowing,Clay,5.16,64.86,1.5,2.6,76.0,48.5,20.0,29.38,64.35,1021.73,4.04,2.99,Rabi,Drip,River,1.4,Yes,64.73,East,Low,26.17
Maize,Flowering,Sandy,5.11,63.78,1.43,0.88,76.0,48.5,20.0,30.93,73.53,38.96,8.57,17.15,Zaid,Canal,River,13.89,No,89.74,West,High,124.54
Maize,Vegetative,Loamy,5.04,9.14,1.04,1.47,76.0,48.5,20.0,30.52,79.6,1372.52,10.98,7.9,Zaid,Canal,Reservoir,1.56,No,3.11,East,Medium,2.77
Cotton,Flowering,Clay,6.49,38.98,0.45,0.61,117.0,46.0,19.0,26.27,55.23,786.98,4.73,10.21,Rabi,Sprinkler,River,4.31,Yes,56.47,East,Low,34.67
Cotton,Sowing,Clay,5.86,59.02,0.63,1.15,117.0,46.0,19.0,20.66,38.63,1685.99,5.52,15.37,Zaid,Sprinkler,Reservoir,1.11,Yes,33.39,South,Low,13.22
Rice,Sowing,Clay,7.76,53.01,0.93,0.48,80.0,47.0,40.0,16.75,44.52,368.67,5.44,7.57,Zaid,Rainfed,River,1.65,No,102.99,South,Low,48.39
Maize,Sowing,Loamy,7.43,37.76,0.46,1.28,76.0,48.5,20.0,13.96,91.44,2009.06,5.31,7.59,Zaid,Rainfed,River,14.05,Yes,102.23,South,Low,46.99
Maize,Vegetative,Silt,4.9,37.58,0.87,1.82,76.0,48.5,20.0,19.42,87.73,2353.78,5.23,13.94,Rabi,Sprinkler,Rainwater,7.89,No,106.01,East,Medium,73.14
Cotton,Sowing,Silt,7.09,30.03,0.51,2.67,117.0,46.0,19.0,17.83,47.66,256.67,4.0,3.03,Rabi,Canal,Reservoir,13.61,Yes,33.23,West,Low,21.47
Cotton,Sowing,Sandy,7.97,44.22,0.52,1.96,117.0,46.0,19.0,23.14,91.78,2258.61,7.53,15.81,Kharif,Canal,Reservoir,2.95,No,16.87,North,Low,7.97
Rice,Vegetative,Loamy,5.68,37.57,1.03,1.42,80.0,47.0,40.0,35.89,52.32,479.12,10.99,3.43,Zaid,Sprinkler,Rainwater,1.25,No,76.95,South,Medium,65.29
Cotton,Harvest,Clay,5.98,12.64,0.73,0.33,117.0,46.0,19.0,12.37,29.75,1989.56,6.48,7.84,Rabi,Rainfed,Groundwater,14.33,Yes,90.32,West,Low,33.66
Cotton,Harvest,Loamy,6.71,29.54,0.93,0.2,117.0,46.0,19.0,26.95,87.52,1959.55,7.19,17.35,Zaid,Canal,River,6.67,Yes,24.47,West,Low,9.57
Cotton,Flowering,Clay,6.93,44.98,1.22,3.01,117.0,46.0,19.0,35.93,50.31,2071.68,5.37,2.85,Zaid,Sprinkler,Groundwater,1.03,Yes,36.73,North,Low,23.36
Maize,Harvest,Loamy,6.23,40.48,1.15,0.79,76.0,48.5,20.0,21.04,92.03,935.68,4.55,1.15,Rabi,Canal,Groundwater,4.15,Yes,11.38,East,Low,3.81
Rice,Harvest,Loamy,5.04,32.64,1.51,2.56,80.0,47.0,40.0,19.88,81.67,1892.84,10.62,6.42,Kharif,Sprinkler,Rainwater,12.78,No,62.54,South,Low,22.18
Rice,Vegetative,Clay,5.32,45.93,0.85,0.25,80.0,47.0,40.0,19.89,90.8,1395.41,7.86,2.63,Rabi,Sprinkler,River,8.5,Yes,14.65,Central,Low,6.58
Maize,Flowering,Silt,7.4,38.28,1.48,1.88,76.0,48.5,20.0,12.34,44.71,845.84,9.69,19.85,Rabi,Sprinkler,Reservoir,0.45,Yes,8.73,North,Low,4.79
Rice,Vegetative,Sandy,6.99,42.85,0.62,2.36,80.0,47.0,40.0,26.65,33.31,1092.72,7.43,1.88,Kharif,Rainfed,Groundwater,0.38,Yes,91.85,North,Low,45.52
Rice,Vegetative,Silt,6.36,14.08,1.2,0.77,80.0,47.0,40.0,17.66,44.09,2436.48,9.05,9.81,Rabi,Rainfed,Rainwater,5.76,Yes,28.99,Central,Medium,22.7
Rice,Flowering,Sandy,7.95,12.2,0.66,2.1,80.0,47.0,40.0,39.55,25.77,310.03,5.53,11.29,Rabi,Drip,River,12.43,No,13.71,North,High,25.27
Rice,Sowing,Sandy,6.12,58.64,1.26,1.53,80.0,47.0,40.0,21.31,63.62,691.98,10.23,19.15,Rabi,Rainfed,Rainwater,5.66,No,39.16,North,Low,15.68
Cotton,Sowing,Clay,5.2,40.67,1.24,2.69,117.0,46.0,19.0,27.9,37.44,1967.23,9.73,5.98,Kharif,Drip,Reservoir,2.24,Yes,78.68,East,Low,40.27
Rice,Harvest,Loamy,5.07,42.56,0.61,1.9,80.0,47.0,40.0,31.71,41.96,604.67,8.36,14.75,Rabi,Sprinkler,Reservoir,1.45,No,36.92,West,Low,13.48
Rice,Flowering,Clay,5.65,56.89,1.34,2.3,80.0,47.0,40.0,25.42,65.71,2175.0,10.14,14.96,Kharif,Canal,Reservoir,10.91,No,78.45,North,Medium,57.21
Maize,Sowing,Loamy,6.46,61.07,1.03,0.53,76.0,48.5,20.0,23.22,28.89,979.06,7.89,9.94,Rabi,Rainfed,Rainwater,13.32,No,56.88,South,Low,22.61
Maize,Harvest,Clay,7.19,52.17,1.19,2.4,76.0,48.5,20.0,35.05,90.8,17.49,9.67,2.8,Kharif,Sprinkler,Reservoir,13.94,No,87.06,Central,Medium,64.85
Maize,Flowering,Sandy,8.15,61.62,1.31,1.76,76.0,48.5,20.0,39.76,33.62,354.89,6.95,17.95,Rabi,Drip,River,0.39,Yes,76.06,North,Medium,70.67
Rice,Harvest,Sandy,6.3,25.23,0.83,2.89,80.0,47.0,40.0,39.43,91.61,779.74,7.66,13.74,Zaid,Rainfed,River,7.8,Yes,4.15,West,Low,1.89
Cotton,Sowing,Clay,4.83,46.99,0.87,3.26,117.0,46.0,19.0,33.99,82.2,160.7,6.22,12.74,Kharif,Canal,Rainwater,14.03,No,30.14,South,Medium,30.21
Cotton,Flowering,Loamy,5.13,9.57,0.52,3.25,117.0,46.0,19.0,30.82,63.58,1305.8,10.45,5.22,Rabi,Sprinkler,Rainwater,9.09,Yes,45.04,South,Medium,48.33
Rice,Sowing,Silt,7.2,30.79,1.05,0.41,80.0,47.0,40.0,13.21,54.0,8.19,10.06,13.67,Rabi,Drip,Rainwater,7.68,Yes,100.99,West,Low,75.43
Maize,Harvest,Silt,5.5,17.55,0.83,2.83,76.0,48.5,20.0,39.71,35.54,0.38,6.42,6.59,Rabi,Canal,River,12.86,No,42.1,East,Medium,43.94
Maize,Vegetative,Clay,7.84,19.06,0.94,2.84,76.0,48.5,20.0,21.93,93.1,1848.99,4.39,9.83,Zaid,Sprinkler,River,7.16,No,7.32,East,Medium,6.0
Rice,Harvest,Clay,7.99,51.56,0.79,3.21,80.0,47.0,40.0,40.02,58.37,1966.46,6.0,12.61,Kharif,Drip,Rainwater,4.87,Yes,27.11,East,Low,9.77
Cotton,Flowering,Loamy,7.82,34.69,0.81,1.59,117.0,46.0,19.0,32.41,53.55,692.36,7.1,16.87,Kharif,Drip,Groundwater,13.29,Yes,112.93,South,Medium,109.1
Maize,Vegetative,Silt,6.27,21.28,0.67,2.59,76.0,48.5,20.0,19.49,50.55,1608.01,8.13,12.14,Kharif,Drip,Rainwater,8.04,Yes,53.05,South,Medium,41.94
Cotton,Harvest,Sandy,7.38,30.04,1.6,3.41,117.0,46.0,19.0,30.27,51.66,2140.21,9.86,13.63,Rabi,Rainfed,Reservoir,11.12,No,71.5,East,Low,28.76
Maize,Vegetative,Loamy,5.13,38.09,0.4,0.25,76.0,48.5,20.0,34.04,84.05,2171.45,10.49,4.33,Kharif,Rainfed,River,0.74,Yes,6.82,North,Low,3.79
Rice,Harvest,Loamy,7.71,62.83,1.37,1.53,80.0,47.0,40.0,37.89,82.79,1091.16,9.4,16.44,Rabi,Canal,Rainwater,2.12,No,61.47,East,Low,19.27
Rice,Sowing,Clay,7.61,59.37,0.48,1.76,80.0,47.0,40.0,12.27,82.94,1762.07,9.1,17.29,Rabi,Drip,Reservoir,3.78,Yes,74.67,South,Low,27.71
Cotton,Harvest,Sandy,7.58,54.78,0.71,3.23,117.0,46.0,19.0,20.88,39.91,323.92,10.29,8.76,Rabi,Drip,River,2.71,Yes,50.3,East,Low,17.64
Maize,Flowering,Loamy,7.91,44.35,0.74,2.64,76.0,48.5,20.0,24.53,83.28,2049.86,7.46,1.62,Rabi,Sprinkler,Reservoir,4.08,Yes,66.44,Central,Low,38.15
Rice,Flowering,Clay,8.03,12.83,0.78,2.84,80.0,47.0,40.0,23.87,86.82,1445.75,4.08,11.43,Zaid,Sprinkler,Reservoir,6.62,Yes,48.77,East,Medium,48.89
Maize,Sowing,Loamy,5.32,62.16,0.83,1.42,76.0,48.5,20.0,36.83,82.58,563.4,10.91,6.71,Rabi,Rainfed,Groundwater,1.41,No,14.51,East,Low,6.49
Maize,Sowing,Loamy,7.62,26.81,0.32,0.8,76.0,48.5,20.0,35.53,49.21,2499.38,8.11,4.46,Rabi,Rainfed,Rainwater,14.68,No,81.45,West,Low,50.46
Rice,Flowering,Clay,7.28,59.8,0.38,0.16,80.0,47.0,40.0,17.18,71.02,1321.21,4.38,12.62,Rabi,Sprinkler,Reservoir,2.07,Yes,110.69,Central,Low,50.25
Rice,Flowering,Loamy,8.03,64.3,0.96,2.4,80.0,47.0,40.0,36.97,82.21,1821.98,5.06,6.61,Zaid,Drip,Rainwater,9.79,Yes,28.49,South,Low,14.93
Cotton,Vegetative,Silt,6.24,10.87,0.88,3.41,117.0,46.0,19.0,28.96,54.74,743.23,7.84,2.74,Zaid,Sprinkler,Reservoir,14.82,Yes,107.13,West,Medium,94.11
Cotton,Sowing,Loamy,6.02,16.45,1.12,2.69,117.0,46.0,19.0,25.23,52.37,235.44,6.34,15.03,Kharif,Canal,Reservoir,8.75,No,24.65,North,Medium,27.08
Rice,Flowering,Silt,5.46,32.69,0.76,0.72,80.0,47.0,40.0,36.14,30.83,1261.06,4.92,4.59,Zaid,Sprinkler,Rainwater,13.71,Yes,110.3,East,Low,78.52
Rice,Sowing,Clay,5.49,50.75,0.32,1.23,80.0,47.0,40.0,35.6,29.71,1987.72,8.93,5.05,Zaid,Canal,Reservoir,14.59,No,57.47,Central,Low,28.7
Rice,Vegetative,Loamy,5.44,34.15,0.93,1.39,80.0,47.0,40.0,17.99,73.89,2261.26,4.9,6.65,Rabi,Canal,Rainwater,6.82,No,86.48,West,Low,42.39
Maize,Sowing,Silt,7.51,22.36,1.14,0.2,76.0,48.5,20.0,37.05,85.82,382.95,7.82,15.07,Rabi,Sprinkler,Groundwater,9.42,No,109.2,South,Medium,116.31
Cotton,Harvest,Clay,6.73,28.95,1.06,2.12,117.0,46.0,19.0,36.93,58.81,2352.14,5.66,5.76,Zaid,Sprinkler,River,6.16,No,119.4,East,Low,51.53
Cotton,Flowering,Silt,7.84,11.96,0.64,1.32,117.0,46.0,19.0,12.72,48.13,1873.15,10.29,5.48,Zaid,Sprinkler,Groundwater,10.21,No,9.4,South,Medium,8.58
Cotton,Vegetative,Silt,6.96,41.31,0.39,2.01,117.0,46.0,19.0,18.69,78.14,989.18,4.99,18.18,Rabi,Sprinkler,River,2.92,Yes,33.66,South,Low,15.6
Cotton,Vegetative,Clay,6.33,30.93,1.39,2.71,117.0,46.0,19.0,19.82,74.99,478.58,4.26,3.24,Kharif,Drip,Reservoir,4.65,Yes,59.99,West,Low,32.28
Cotton,Vegetative,Clay,7.14,31.6,0.64,1.8,117.0,46.0,19.0,19.75,75.62,1944.19,8.27,1.79,Rabi,Rainfed,Reservoir,11.63,No,12.62,South,Low,6.44
Cotton,Vegetative,Sandy,5.04,27.03,1.15,2.78,117.0,46.0,19.0,18.44,85.0,271.57,8.86,5.3,Rabi,Canal,Rainwater,12.81,Yes,98.27,West,Medium,92.47
Maize,Vegetative,Clay,7.41,53.46,1.37,0.99,76.0,48.5,20.0,29.46,26.45,472.68,9.97,6.82,Kharif,Canal,River,12.58,Yes,59.8,South,Low,28.91
Cotton,Harvest,Silt,4.84,17.24,0.72,1.97,117.0,46.0,19.0,28.73,90.13,2260.76,6.48,3.43,Zaid,Drip,River,6.32,No,16.64,North,Low,7.15
Maize,Vegetative,Loamy,5.02,36.82,1.18,2.41,76.0,48.5,20.0,23.82,39.82,2298.72,9.91,10.02,Rabi,Rainfed,Rainwater,13.15,Yes,83.83,Central,Low,42.66
Cotton,Vegetative,Silt,7.45,25.39,0.75,1.65,117.0,46.0,19.0,18.71,82.22,2462.36,8.23,18.78,Kharif,Drip,River,8.42,No,31.54,North,Medium,23.94
Cotton,Vegetative,Clay,7.37,49.47,1.44,0.54,117.0,46.0,19.0,38.75,53.03,1887.01,6.41,18.06,Zaid,Sprinkler,Reservoir,2.87,Yes,30.42,South,Medium,22.61
Rice,Sowing,Clay,7.57,39.42,0.96,1.78,80.0,47.0,40.0,36.99,54.77,18.59,8.14,4.07,Kharif,Rainfed,River,0.86,Yes,48.68,West,Low,41.68
Rice,Sowing,Loamy,6.5,46.06,0.94,2.75,80.0,47.0,40.0,14.8,40.71,668.33,8.46,15.17,Kharif,Canal,Reservoir,12.94,No,116.52,North,Low,49.59
Maize,Vegetative,Sandy,7.2,53.73,0.89,1.51,76.0,48.5,20.0,12.48,32.44,1356.89,9.88,3.72,Rabi,Drip,River,13.02,No,82.89,North,Low,32.68
Maize,Flowering,Clay,7.01,43.87,0.68,0.41,76.0,48.5,20.0,17.9,64.67,193.04,6.05,1.98,Zaid,Drip,Reservoir,3.41,Yes,109.19,South,Medium,112.56
Rice,Harvest,Clay,5.09,57.84,0.35,0.26,80.0,47.0,40.0,16.09,74.46,440.89,5.79,1.96,Kharif,Rainfed,Rainwater,1.15,No,11.6,East,Low,3.37
Rice,Harvest,Clay,5.43,38.32,1.18,0.24,80.0,47.0,40.0,15.13,32.78,1930.9,7.88,9.98,Zaid,Sprinkler,Reservoir,3.83,No,82.95,South,Low,26.59
Cotton,Harvest,Clay,7.02,32.91,0.34,1.76,117.0,46.0,19.0,14.63,78.02,1125.89,8.48,17.8,Zaid,Rainfed,Reservoir,6.68,Yes,117.5,West,Low,39.44
Cotton,Vegetative,Sandy,7.44,29.81,1.18,0.47,117.0,46.0,19.0,19.09,84.79,691.3,4.5,19.05,Rabi,Drip,River,7.07,Yes,97.01,East,Low,49.92
Rice,Sowing,Sandy,7.25,27.94,0.93,0.53,80.0,47.0,40.0,14.19,36.95,1917.02,8.72,1.27,Rabi,Sprinkler,Reservoir,12.32,Yes,10.55,East,Low,5.27
Cotton,Sowing,Clay,4.97,14.61,0.43,2.79,117.0,46.0,19.0,33.26,31.84,2206.61,5.32,14.67,Kharif,Sprinkler,Reservoir,11.64,Yes,62.01,West,Medium,56.73
Rice,Vegetative,Sandy,5.07,45.62,0.9,3.32,80.0,47.0,40.0,26.48,45.43,1143.59,10.86,14.48,Zaid,Canal,Reservoir,9.74,No,100.48,Central,Medium,69.18
Maize,Sowing,Clay,8.16,53.01,0.88,2.03,76.0,48.5,20.0,25.97,87.35,2154.26,9.43,10.45,Rabi,Drip,Reservoir,12.44,Yes,64.0,Central,Low,28.52
Maize,Harvest,Silt,7.82,58.71,0.75,3.3,76.0,48.5,20.0,14.77,85.56,355.07,7.49,2.56,Rabi,Canal,Reservoir,4.34,Yes,84.57,West,Low,25.99
Cotton,Flowering,Silt,6.06,11.41,1.32,1.09,117.0,46.0,19.0,19.82,90.41,2007.05,9.29,13.41,Rabi,Drip,Groundwater,13.86,Yes,46.11,East,Medium,44.33
Maize,Sowing,Loamy,5.19,52.22,0.83,2.55,76.0,48.5,20.0,18.4,39.78,51.65,10.14,17.73,Kharif,Sprinkler,Rainwater,4.4,No,22.36,North,Medium,19.72
Cotton,Sowing,Silt,5.84,42.87,0.87,2.67,117.0,46.0,19.0,37.74,70.45,2140.88,7.35,16.84,Zaid,Rainfed,Rainwater,5.05,No,7.0,South,Low,3.85
Maize,Vegetative,Clay,6.77,21.5,0.52,0.61,76.0,48.5,20.0,26.26,91.54,601.95,9.02,13.29,Rabi,Drip,Groundwater,9.64,No,119.56,East,Medium,101.12
Cotton,Vegetative,Silt,8.16,33.34,1.43,1.05,117.0,46.0,19.0,40.67,71.73,2385.26,7.94,9.3,Rabi,Rainfed,Rainwater,7.72,Yes,63.69,East,Low,38.88
Maize,Vegetative,Sandy,6.07,44.1,1.02,2.81,76.0,48.5,20.0,27.72,55.16,1640.47,5.9,11.01,Rabi,Rainfed,River,5.54,Yes,9.82,Central,Low,4.86
Cotton,Sowing,Clay,5.42,24.36,1.12,0.43,117.0,46.0,19.0,40.24,44.45,2276.09,4.04,0.69,Rabi,Drip,Reservoir,4.16,Yes,53.0,North,Low,34.84
Cotton,Vegetative,Sandy,5.29,51.91,0.84,2.98,117.0,46.0,19.0,21.17,27.45,1552.94,8.57,15.57,Rabi,Rainfed,Reservoir,3.89,Yes,109.64,Central,Low,47.06
Maize,Flowering,Silt,4.95,33.98,0.6,2.0,76.0,48.5,20.0,29.14,75.98,1815.0,5.31,11.11,Kharif,Drip,Groundwater,11.2,Yes,42.89,South,Low,28.29
Cotton,Flowering,Clay,5.31,62.07,0.57,3.07,117.0,46.0,19.0,27.91,68.53,690.91,6.64,6.47,Rabi,Rainfed,Rainwater,11.33,No,5.55,West,Low,2.74
Cotton,Harvest,Loamy,6.24,18.22,1.21,0.34,117.0,46.0,19.0,20.95,88.15,1414.78,9.28,9.81,Kharif,Sprinkler,Rainwater,2.59,Yes,63.36,West,Low,25.17
Maize,Sowing,Loamy,5.43,46.48,0.98,0.38,76.0,48.5,20.0,19.46,43.49,1500.35,9.29,2.8,Zaid,Rainfed,River,4.6,No,90.47,Central,Low,40.25
Maize,Sowing,Loamy,6.04,40.86,0.6,1.03,76.0,48.5,20.0,33.28,65.44,1388.62,5.47,14.65,Rabi,Canal,Rainwater,8.69,Yes,33.0,South,Low,17.74
Rice,Vegetative,Loamy,5.24,17.85,0.93,2.32,80.0,47.0,40.0,22.22,27.19,616.23,6.63,10.57,Kharif,Canal,River,14.74,Yes,48.1,South,Medium,39.51
Maize,Harvest,Loamy,6.35,11.76,0.9,0.71,76.0,48.5,20.0,30.12,87.44,1770.69,7.52,6.52,Zaid,Sprinkler,Groundwater,5.37,Yes,112.74,East,Low,49.07
Rice,Flowering,Clay,6.26,63.77,1.09,0.49,80.0,47.0,40.0,37.82,84.38,828.16,4.81,10.9,Zaid,Drip,River,14.46,No,1.72,East,Medium,1.31
Rice,Harvest,Clay,8.14,48.88,1.27,3.46,80.0,47.0,40.0,14.81,32.62,881.12,5.1,19.1,Zaid,Sprinkler,Groundwater,1.14,No,61.18,South,Low,17.73
Rice,Harvest,Clay,7.67,38.44,0.75,3.48,80.0,47.0,40.0,29.13,42.58,2330.3,10.44,2.96,Kharif,Canal,Groundwater,1.62,Yes,7.19,East,Low,2.66
Cotton,Vegetative,Silt,8.04,56.13,0.43,3.04,117.0,46.0,19.0,30.88,48.23,1876.82,5.14,4.52,Kharif,Canal,Groundwater,12.13,Yes,14.4,North,Low,6.51
Rice,Harvest,Loamy,7.71,20.06,1.34,0.43,80.0,47.0,40.0,19.91,66.08,552.58,10.59,7.36,Rabi,Sprinkler,Rainwater,14.63,No,102.9,East,Low,40.42
Rice,Vegetative,Silt,7.45,41.05,1.44,0.87,80.0,47.0,40.0,24.7,66.83,1239.78,4.88,10.28,Zaid,Canal,Rainwater,10.78,Yes,104.52,Central,Low,51.66
Maize,Vegetative,Sandy,7.2,29.66,1.11,0.97,76.0,48.5,20.0,26.77,78.48,1097.22,10.78,15.35,Rabi,Rainfed,River,4.42,No,43.06,East,Medium,34.28
Maize,Sowing,Silt,7.39,10.56,0.64,2.79,76.0,48.5,20.0,35.74,72.64,753.04,4.59,2.35,Zaid,Canal,River,12.44,No,106.22,North,Medium,99.4
Cotton,Vegetative,Silt,7.61,48.88,1.05,1.21,117.0,46.0,19.0,37.48,91.29,1499.24,9.1,17.13,Zaid,Sprinkler,Reservoir,7.68,No,90.76,South,Medium,67.1
Cotton,Harvest,Sandy,7.09,21.11,0.32,0.52,117.0,46.0,19.0,37.8,81.79,2362.75,10.46,3.11,Zaid,Drip,River,4.92,No,82.29,West,Medium,54.44
Rice,Flowering,Sandy,5.84,8.88,0.44,2.33,80.0,47.0,40.0,25.18,60.82,847.1,6.89,3.54,Kharif,Rainfed,Groundwater,2.78,Yes,47.89,East,Medium,48.65
Maize,Harvest,Loamy,4.92,47.6,0.71,0.92,76.0,48.5,20.0,12.07,68.32,2237.63,8.86,9.81,Kharif,Canal,Groundwater,6.44,No,96.01,South,Low,28.18
Rice,Harvest,Silt,5.81,34.58,1.45,2.46,80.0,47.0,40.0,26.53,38.43,1240.78,6.28,16.71,Rabi,Sprinkler,River,5.51,Yes,0.08,East,Low,0.03
Cotton,Harvest,Loamy,5.31,38.25,0.68,1.78,117.0,46.0,19.0,25.64,88.67,2174.65,9.83,8.58,Kharif,Canal,Groundwater,0.85,No,47.13,West,Low,16.88
Rice,Flowering,Sandy,7.62,50.97,0.73,1.15,80.0,47.0,40.0,36.16,76.81,1231.81,9.38,7.33,Rabi,Drip,Rainwater,2.82,Yes,55.48,North,Low,33.35
Maize,Harvest,Sandy,7.64,52.43,0.58,0.6,76.0,48.5,20.0,38.54,64.17,1698.45,7.12,0.76,Zaid,Rainfed,River,3.48,Yes,105.15,Central,Low,37.1
Cotton,Sowing,Loamy,6.04,63.99,0.68,2.62,117.0,46.0,19.0,29.84,82.65,545.41,9.9,1.85,Zaid,Sprinkler,River,0.99,Yes,31.27,Central,Low,12.83
Cotton,Flowering,Clay,5.83,61.97,1.42,0.65,117.0,46.0,19.0,36.69,25.88,2438.41,5.99,3.55,Kharif,Rainfed,Reservoir,7.45,Yes,33.17,North,Low,17.81
Maize,Harvest,Clay,7.63,48.22,1.44,0.71,76.0,48.5,20.0,25.86,28.27,743.39,6.88,14.49,Rabi,Rainfed,Rainwater,1.73,Yes,81.82,South,Low,26.75
Cotton,Sowing,Silt,6.94,13.91,0.89,1.91,117.0,46.0,19.0,22.71,48.32,117.29,6.73,17.23,Rabi,Sprinkler,Rainwater,12.95,No,52.19,West,Medium,61.11
Maize,Sowing,Sandy,6.51,23.47,0.6,1.08,76.0,48.5,20.0,17.76,72.48,419.57,5.26,3.96,Kharif,Drip,River,13.11,Yes,114.58,Central,Low,67.81
Rice,Sowing,Loamy,7.95,15.83,1.56,3.35,80.0,47.0,40.0,30.3,63.94,1625.27,5.28,6.25,Rabi,Sprinkler,River,2.14,Yes,51.58,East,Low,32.13
Maize,Flowering,Silt,7.43,16.35,0.35,2.04,76.0,48.5,20.0,38.49,59.62,1761.81,5.37,18.07,Kharif,Canal,River,3.44,No,106.83,South,High,159.82
Cotton,Harvest,Clay,4.98,59.39,0.71,3.24,117.0,46.0,19.0,18.69,30.9,1982.23,7.19,10.76,Zaid,Drip,Groundwater,2.31,Yes,98.8,Central,Low,26.71
Maize,Flowering,Sandy,5.01,22.19,0.4,0.52,76.0,48.5,20.0,28.69,29.87,1406.5,5.36,4.52,Zaid,Sprinkler,River,14.79,No,81.92,Central,Medium,84.68
Cotton,Harvest,Sandy,7.48,54.69,0.66,2.28,117.0,46.0,19.0,22.4,29.99,293.97,9.43,8.45,Zaid,Canal,Rainwater,11.98,No,109.79,Central,Low,40.15
Rice,Flowering,Loamy,6.6,53.77,0.7,2.38,80.0,47.0,40.0,37.83,54.78,571.51,4.67,14.38,Rabi,Drip,Groundwater,12.02,Yes,12.23,South,Medium,10.36
Cotton,Harvest,Sandy,4.9,61.89,0.82,2.36,117.0,46.0,19.0,34.3,39.67,1049.17,7.32,14.22,Rabi,Sprinkler,Groundwater,10.81,Yes,116.84,West,Low,35.84
Maize,Sowing,Silt,4.94,64.86,0.83,1.94,76.0,48.5,20.0,29.19,39.29,2159.4,10.06,11.7,Rabi,Drip,River,3.72,No,91.64,North,Low,36.99
Cotton,Flowering,Silt,6.29,22.27,0.51,3.36,117.0,46.0,19.0,23.83,40.35,1802.38,8.42,11.59,Zaid,Sprinkler,River,7.87,Yes,27.92,North,Medium,27.49
Cotton,Harvest,Sandy,6.69,51.23,1.11,0.86,117.0,46.0,19.0,36.32,61.01,2439.48,9.3,16.3,Zaid,Drip,Groundwater,2.28,Yes,28.52,East,Low,9.99
Maize,Vegetative,Sandy,7.52,25.06,1.04,0.51,76.0,48.5,20.0,23.58,45.36,1118.32,7.57,5.03,Zaid,Sprinkler,Reservoir,10.82,Yes,59.09,West,Low,33.11
Maize,Harvest,Sandy,6.88,53.96,0.5,3.3,76.0,48.5,20.0,39.8,30.62,875.34,7.01,17.49,Rabi,Sprinkler,Rainwater,11.99,No,74.87,North,Low,26.29
Cotton,Vegetative,Clay,6.88,53.25,0.73,2.7,117.0,46.0,19.0,22.1,65.99,124.35,4.84,7.93,Kharif,Canal,River,15.0,No,50.06,West,Medium,43.13
Maize,Vegetative,Loamy,6.91,40.15,0.72,2.17,76.0,48.5,20.0,17.86,91.89,1235.25,10.89,19.77,Rabi,Drip,River,0.66,No,69.3,East,Medium,45.95
Maize,Harvest,Sandy,8.03,61.39,0.64,0.76,76.0,48.5,20.0,38.96,31.86,1504.23,6.01,1.25,Kharif,Drip,Rainwater,10.72,No,118.17,North,Low,38.01
Rice,Harvest,Clay,6.63,53.88,1.48,1.81,80.0,47.0,40.0,21.01,57.07,1216.6,6.88,0.64,Kharif,Canal,Reservoir,3.1,Yes,19.81,East,Low,5.82
Cotton,Vegetative,Silt,5.14,52.85,1.21,1.57,117.0,46.0,19.0,26.67,54.06,940.07,8.07,9.89,Zaid,Sprinkler,Groundwater,2.01,No,26.8,West,Low,12.04
Cotton,Vegetative,Clay,7.42,21.91,0.87,0.48,117.0,46.0,19.0,29.91,57.72,1474.43,7.13,5.06,Kharif,Drip,River,0.95,Yes,28.0,South,Medium,24.46
Cotton,Harvest,Loamy,7.2,18.8,0.61,2.15,117.0,46.0,19.0,36.79,63.53,1320.26,7.96,12.15,Zaid,Canal,River,14.07,No,81.8,Central,Medium,54.09
Cotton,Flowering,Silt,4.94,57.38,1.28,1.07,117.0,46.0,19.0,39.36,36.06,2361.34,5.6,0.83,Zaid,Sprinkler,River,2.47,No,33.06,North,Medium,27.31
Rice,Sowing,Sandy,6.66,49.33,1.26,0.57,80.0,47.0,40.0,28.98,26.1,1624.58,9.43,8.96,Rabi,Rainfed,River,1.9,Yes,86.57,North,Low,41.23
Cotton,Sowing,Clay,5.1,20.15,0.33,1.26,117.0,46.0,19.0,20.56,94.54,1933.58,8.72,7.66,Kharif,Rainfed,Groundwater,12.39,No,53.51,West,Low,30.21
Maize,Vegetative,Loamy,7.85,33.51,1.5,0.18,76.0,48.5,20.0,37.53,44.55,1902.34,10.89,10.46,Zaid,Canal,Rainwater,4.12,Yes,94.96,North,Medium,80.91
Maize,Sowing,Loamy,4.87,17.04,1.46,0.62,76.0,48.5,20.0,29.51,64.99,2457.12,7.79,13.96,Rabi,Canal,Rainwater,2.53,Yes,70.27,North,Low,43.44
Maize,Harvest,Sandy,7.72,38.32,0.96,3.1,76.0,48.5,20.0,38.87,77.17,1643.74,4.18,16.35,Kharif,Rainfed,Rainwater,1.43,No,54.85,Central,Low,22.22
Maize,Vegetative,Clay,7.93,24.05,0.94,0.14,76.0,48.5,20.0,38.86,42.6,1855.21,6.45,9.51,Kharif,Sprinkler,River,10.88,No,48.13,Central,Medium,44.86
Cotton,Vegetative,Sandy,7.25,34.62,0.48,2.66,117.0,46.0,19.0,25.44,48.28,978.19,10.32,4.59,Rabi,Rainfed,River,6.74,No,5.93,West,Low,3.13
Cotton,Harvest,Silt,7.03,10.67,0.92,0.81,117.0,46.0,19.0,15.33,36.29,999.23,9.99,8.09,Kharif,Rainfed,Reservoir,11.62,Yes,41.72,Central,Low,15.6
Rice,Flowering,Silt,5.9,22.69,0.34,1.72,80.0,47.0,40.0,16.48,28.31,1645.6,4.15,10.7,Rabi,Sprinkler,Rainwater,10.45,Yes,69.14,Central,Medium,62.81
Maize,Harvest,Clay,6.24,9.75,1.07,0.69,76.0,48.5,20.0,37.44,83.8,641.05,9.3,11.35,Rabi,Drip,River,10.33,No,24.88,South,Medium,16.55
Rice,Harvest,Sandy,5.29,15.16,1.02,1.56,80.0,47.0,40.0,40.28,68.94,2481.95,6.89,5.06,Rabi,Drip,Rainwater,10.39,No,35.54,West,Medium,24.18
Maize,Harvest,Sandy,7.63,15.92,1.39,0.76,76.0,48.5,20.0,16.25,90.9,823.08,6.77,7.88,Rabi,Canal,River,11.79,No,59.78,North,Low,22.59
Maize,Harvest,Loamy,6.49,16.38,0.83,2.33,76.0,48.5,20.0,32.87,71.53,784.82,8.53,12.98,Kharif,Canal,Groundwater,10.45,No,43.43,West,Medium,27.71
Maize,Flowering,Sandy,6.65,13.72,0.48,3.28,76.0,48.5,20.0,18.51,51.2,1528.39,5.69,4.22,Rabi,Sprinkler,Rainwater,12.18,No,43.84,South,Medium,41.57
Cotton,Vegetative,Loamy,8.05,24.98,1.12,1.28,117.0,46.0,19.0,20.74,63.69,2338.3,8.95,17.4,Zaid,Sprinkler,Groundwater,3.79,Yes,62.66,South,Medium,48.75
Cotton,Harvest,Clay,5.38,28.77,0.4,2.61,117.0,46.0,19.0,39.63,79.4,328.41,10.8,13.91,Rabi,Canal,Reservoir,0.41,No,39.07,South,Low,20.78
Cotton,Harvest,Silt,6.41,17.11,1.03,1.9,117.0,46.0,19.0,27.65,88.67,242.12,7.32,6.3,Kharif,Canal,Groundwater,11.11,No,38.22,South,Medium,29.94
Rice,Flowering,Loamy,8.1,31.03,0.45,1.56,80.0,47.0,40.0,41.28,47.04,1100.92,4.64,13.14,Zaid,Drip,River,8.95,No,42.91,North,Medium,45.79
Rice,Sowing,Loamy,5.19,30.52,1.08,0.73,80.0,47.0,40.0,35.92,57.33,1943.71,4.08,6.5,Rabi,Canal,Rainwater,0.55,Yes,82.56,East,Low,49.78
Cotton,Flowering,Clay,7.32,8.55,1.42,1.69,117.0,46.0,19.0,18.93,52.05,1454.25,10.97,11.57,Kharif,Canal,Rainwater,9.35,Yes,108.48,North,Medium,103.32
Cotton,Harvest,Sandy,7.42,46.41,0.41,1.81,117.0,46.0,19.0,20.65,68.37,2126.06,6.73,12.85,Kharif,Rainfed,Reservoir,3.21,No,57.59,East,Low,18.17
Rice,Sowing,Loamy,5.63,27.49,0.95,1.71,80.0,47.0,40.0,35.82,34.22,289.1,4.06,2.48,Kharif,Canal,Rainwater,4.74,No,43.38,South,Medium,47.54
Cotton,Sowing,Clay,5.96,47.94,1.46,3.17,117.0,46.0,19.0,25.5,70.17,662.89,9.62,6.03,Kharif,Drip,Groundwater,3.4,No,40.97,South,Low,19.12
Maize,Flowering,Sandy,5.86,41.26,1.2,3.11,76.0,48.5,20.0,28.25,84.89,2074.64,5.74,9.92,Rabi,Sprinkler,River,12.94,No,15.18,North,Low,9.31
Rice,Sowing,Sandy,6.79,44.66,0.67,1.46,80.0,47.0,40.0,41.49,38.57,1379.74,5.57,3.71,Zaid,Drip,Groundwater,3.0,Yes,118.99,South,Low,65.59
Maize,Flowering,Sandy,5.53,47.17,0.68,1.36,76.0,48.5,20.0,34.92,68.86,1205.65,7.81,13.52,Zaid,Canal,Reservoir,13.38,No,77.22,West,Medium,68.08
Rice,Sowing,Silt,7.82,29.13,1.42,2.54,80.0,47.0,40.0,15.4,60.37,1079.13,7.56,10.58,Zaid,Sprinkler,Rainwater,13.78,Yes,94.81,North,Low,47.14
Rice,Sowing,Silt,8.18,57.92,1.1,2.17,80.0,47.0,40.0,20.81,53.57,83.86,6.81,10.52,Rabi,Rainfed,River,9.71,No,75.38,North,Medium,62.78
Cotton,Flowering,Sandy,7.73,17.98,0.98,0.52,117.0,46.0,19.0,21.45,70.51,31.71,8.57,2.06,Kharif,Drip,River,7.67,Yes,87.19,East,Medium,128.41
Maize,Sowing,Clay,6.58,33.13,0.58,3.17,76.0,48.5,20.0,22.82,35.61,665.99,6.24,18.82,Kharif,Rainfed,River,6.61,Yes,66.53,Central,Low,34.61
Cotton,Harvest,Clay,7.91,49.25,1.15,0.39,117.0,46.0,19.0,26.77,82.14,300.01,7.73,0.86,Zaid,Drip,Reservoir,11.08,Yes,80.78,East,Low,32.47
Cotton,Harvest,Sandy,5.52,30.75,1.18,2.43,117.0,46.0,19.0,21.68,77.42,775.91,10.86,15.97,Kharif,Canal,Rainwater,6.12,Yes,60.17,North,Low,22.09
Rice,Harvest,Silt,5.07,60.18,0.49,0.4,80.0,47.0,40.0,35.4,35.76,304.46,9.25,1.46,Zaid,Rainfed,Reservoir,14.22,Yes,19.02,Central,Low,7.37
Maize,Sowing,Sandy,4.85,22.65,1.44,0.24,76.0,48.5,20.0,13.11,43.94,1759.53,6.63,12.58,Kharif,Sprinkler,Groundwater,4.83,Yes,104.22,East,Low,54.35
Cotton,Harvest,Silt,5.05,56.99,0.95,0.19,117.0,46.0,19.0,31.0,82.04,251.3,5.88,12.09,Rabi,Drip,Reservoir,10.73,Yes,48.88,East,Medium,28.08
Rice,Sowing,Silt,6.18,61.51,0.57,0.62,80.0,47.0,40.0,34.12,48.38,576.58,8.11,18.86,Zaid,Sprinkler,Reservoir,0.79,Yes,13.72,Central,Low,6.03
Rice,Vegetative,Silt,5.51,22.72,0.5,3.44,80.0,47.0,40.0,14.35,63.55,1111.85,10.91,5.79,Rabi,Canal,Groundwater,11.66,No,60.03,North,Medium,44.7
Cotton,Flowering,Loamy,5.92,63.33,0.93,0.49,117.0,46.0,19.0,23.65,41.16,2312.99,5.65,5.84,Zaid,Canal,Groundwater,2.73,No,51.02,West,Low,23.82
Cotton,Flowering,Loamy,7.34,8.4,0.92,0.36,117.0,46.0,19.0,37.4,36.69,2155.46,8.29,18.59,Zaid,Rainfed,Groundwater,1.77,Yes,22.65,South,Medium,25.82
Rice,Flowering,Loamy,5.54,9.95,0.44,0.63,80.0,47.0,40.0,19.94,87.96,2379.39,7.12,5.0,Rabi,Canal,Groundwater,2.57,Yes,39.94,Central,Medium,38.45
Maize,Harvest,Silt,5.04,16.41,0.44,0.69,76.0,48.5,20.0,29.56,51.02,837.88,9.13,19.87,Zaid,Canal,Groundwater,2.08,Yes,117.95,West,Low,51.06
Maize,Sowing,Silt,7.23,18.69,1.55,0.32,76.0,48.5,20.0,17.42,58.01,1601.78,4.35,2.28,Rabi,Canal,River,13.31,Yes,9.93,Central,Low,5.43
Cotton,Harvest,Sandy,7.4,20.7,0.85,0.53,117.0,46.0,19.0,33.91,93.31,53.52,10.0,0.85,Zaid,Drip,Groundwater,0.5,Yes,105.34,South,Medium,100.13
Maize,Vegetative,Loamy,5.98,44.26,1.15,2.23,76.0,48.5,20.0,30.71,56.29,2138.32,6.11,19.54,Kharif,Canal,Rainwater,0.35,Yes,31.93,North,Medium,23.2
Rice,Vegetative,Loamy,6.33,47.47,0.45,0.78,80.0,47.0,40.0,27.28,89.42,2365.71,4.72,5.69,Zaid,Drip,Reservoir,7.08,No,107.01,West,Low,51.06
Maize,Harvest,Sandy,7.35,20.42,0.69,3.49,76.0,48.5,20.0,19.76,90.17,2248.05,9.99,0.64,Kharif,Rainfed,Reservoir,7.69,No,36.35,North,Low,14.22
Rice,Vegetative,Clay,6.58,57.27,1.05,3.32,80.0,47.0,40.0,26.02,59.1,582.0,6.64,15.02,Rabi,Sprinkler,River,10.66,Yes,75.61,South,Low,32.23
Rice,Flowering,Clay,4.91,62.52,1.5,3.33,80.0,47.0,40.0,29.48,47.74,1438.46,6.99,18.82,Zaid,Rainfed,Rainwater,9.78,No,51.57,North,Medium,36.76
Cotton,Flowering,Sandy,6.39,15.16,1.33,2.66,117.0,46.0,19.0,36.71,56.36,1052.86,6.94,5.68,Zaid,Sprinkler,Reservoir,14.51,Yes,59.62,North,Medium,67.53
Maize,Vegetative,Sandy,6.03,53.79,1.46,0.51,76.0,48.5,20.0,30.28,44.73,1931.97,5.02,14.98,Rabi,Rainfed,Rainwater,3.37,No,45.26,East,Medium,29.8
Rice,Harvest,Loamy,6.94,41.27,0.73,1.32,80.0,47.0,40.0,36.68,90.47,1975.26,9.34,18.01,Zaid,Rainfed,Groundwater,7.66,Yes,37.63,North,Low,14.55
Rice,Vegetative,Loamy,7.37,45.2,1.04,2.63,80.0,47.0,40.0,33.63,61.91,2259.71,7.44,7.11,Kharif,Rainfed,River,14.65,No,99.53,East,Medium,73.65
Maize,Harvest,Clay,5.15,25.42,1.2,1.04,76.0,48.5,20.0,30.06,64.48,596.78,6.15,12.49,Rabi,Rainfed,Rainwater,6.84,No,110.77,South,Low,46.18
Maize,Harvest,Loamy,5.59,21.59,0.8,0.16,76.0,48.5,20.0,13.5,82.37,1504.81,6.67,17.18,Kharif,Canal,Reservoir,2.43,No,78.32,North,Medium,41.18
Cotton,Harvest,Loamy,6.48,35.57,1.04,0.37,117.0,46.0,19.0,38.6,62.02,246.81,7.24,4.15,Zaid,Rainfed,Reservoir,5.29,No,16.02,East,Medium,12.18
Cotton,Harvest,Silt,6.4,62.53,0.89,2.34,117.0,46.0,19.0,26.42,52.8,830.54,9.83,8.79,Zaid,Canal,Rainwater,7.26,Yes,31.88,Central,Low,9.01
Maize,Sowing,Clay,6.27,61.67,0.33,0.68,76.0,48.5,20.0,13.42,43.64,2233.82,4.62,1.33,Rabi,Canal,Groundwater,1.31,Yes,30.23,North,Low,10.93
Rice,Vegetative,Silt,7.47,53.96,0.47,2.13,80.0,47.0,40.0,12.2,87.69,1918.25,9.31,8.33,Kharif,Sprinkler,River,9.14,Yes,16.62,South,Low,6.54
Maize,Flowering,Loamy,8.0,28.22,1.4,2.16,76.0,48.5,20.0,40.45,73.19,919.26,6.63,13.13,Rabi,Canal,River,4.47,Yes,77.66,North,Medium,84.83
Cotton,Vegetative,Silt,6.49,61.98,1.46,0.47,117.0,46.0,19.0,39.47,39.89,1695.87,10.1,9.0,Rabi,Sprinkler,River,11.79,Yes,68.7,Central,Low,31.49
Cotton,Harvest,Loamy,5.98,46.94,0.76,1.48,117.0,46.0,19.0,41.54,68.19,868.51,5.59,0.87,Kharif,Rainfed,Groundwater,1.06,Yes,20.66,North,Low,7.8
Maize,Harvest,Loamy,6.16,20.05,1.12,3.1,76.0,48.5,20.0,14.93,75.74,552.5,5.78,5.62,Kharif,Rainfed,Groundwater,1.21,Yes,53.9,North,Low,20.08
Cotton,Harvest,Loamy,6.03,10.26,1.12,1.41,117.0,46.0,19.0,16.75,25.82,1462.43,9.56,13.56,Kharif,Canal,Reservoir,0.53,No,45.64,North,Medium,24.77
Rice,Sowing,Sandy,7.61,16.39,0.54,1.54,80.0,47.0,40.0,17.66,50.65,279.51,7.12,9.27,Zaid,Sprinkler,Groundwater,7.02,Yes,24.06,North,Medium,23.58
Maize,Sowing,Loamy,6.58,34.34,1.49,2.36,76.0,48.5,20.0,22.67,69.25,467.51,6.06,4.97,Zaid,Drip,Groundwater,12.47,Yes,55.02,West,Low,29.95
Maize,Vegetative,Sandy,5.31,22.24,1.46,1.99,76.0,48.5,20.0,25.37,53.12,775.97,9.23,14.17,Kharif,Rainfed,Reservoir,4.92,Yes,65.46,North,Medium,54.56
Cotton,Sowing,Loamy,5.61,43.95,1.1,2.32,117.0,46.0,19.0,26.37,30.41,1942.41,10.37,17.83,Zaid,Canal,River,4.19,Yes,75.15,North,Low,36.76
Cotton,Sowing,Clay,6.83,54.59,0.8,0.92,117.0,46.0,19.0,41.08,54.5,488.02,5.97,9.73,Rabi,Canal,Groundwater,13.12,Yes,50.56,South,Low,26.2
Rice,Sowing,Clay,6.58,30.92,1.2,1.67,80.0,47.0,40.0,36.0,75.75,77.14,4.73,2.17,Rabi,Drip,Reservoir,10.4,No,62.81,South,Medium,78.75
Rice,Sowing,Silt,6.73,61.26,0.34,0.82,80.0,47.0,40.0,41.41,74.95,1560.19,8.36,19.73,Kharif,Sprinkler,River,3.81,No,110.32,West,Low,51.23
Cotton,Flowering,Sandy,6.61,32.2,0.78,1.1,117.0,46.0,19.0,30.42,81.62,621.07,6.26,7.28,Zaid,Sprinkler,Rainwater,4.23,Yes,13.58,North,Low,9.21
Cotton,Harvest,Silt,4.94,35.34,1.43,1.65,117.0,46.0,19.0,18.99,82.31,1935.43,9.02,2.51,Kharif,Drip,River,1.41,Yes,95.47,West,Low,32.77
Rice,Flowering,Clay,7.25,41.42,1.27,3.37,80.0,47.0,40.0,35.69,86.09,970.03,7.12,1.01,Rabi,Rainfed,Groundwater,2.71,No,47.89,East,Medium,44.89
Maize,Flowering,Loamy,7.61,47.94,1.26,2.38,76.0,48.5,20.0,37.82,39.64,1034.89,4.37,4.81,Kharif,Canal,Reservoir,1.14,Yes,73.36,South,Low,46.12
Rice,Sowing,Sandy,5.31,19.55,0.74,1.62,80.0,47.0,40.0,31.05,63.97,1767.14,7.52,16.99,Zaid,Drip,Reservoir,10.88,Yes,31.02,East,Medium,27.8
Maize,Harvest,Clay,8.15,28.32,0.67,0.36,76.0,48.5,20.0,14.12,36.47,1436.93,7.43,19.73,Zaid,Sprinkler,Rainwater,5.3,Yes,46.73,East,Low,16.3
Cotton,Flowering,Loamy,5.43,11.79,1.49,3.48,117.0,46.0,19.0,21.93,37.05,2214.26,8.05,5.41,Rabi,Rainfed,Groundwater,11.59,Yes,48.76,Central,Medium,47.92
Rice,Harvest,Silt,5.96,43.27,1.12,0.83,80.0,47.0,40.0,25.62,93.51,1985.08,7.79,16.35,Zaid,Canal,River,6.12,No,111.39,East,Low,38.1
Rice,Flowering,Loamy,5.94,59.27,1.51,0.62,80.0,47.0,40.0,28.41,55.75,672.62,7.5,14.51,Rabi,Sprinkler,Groundwater,1.49,Yes,22.15,East,Low,11.35
Rice,Sowing,Loamy,6.44,36.73,1.48,3.03,80.0,47.0,40.0,22.65,49.35,1114.14,10.5,14.23,Rabi,Rainfed,Rainwater,7.48,Yes,4.32,East,Low,2.17
Rice,Vegetative,Clay,6.37,30.37,1.09,0.64,80.0,47.0,40.0,17.24,83.66,1987.2,8.14,3.2,Zaid,Drip,Groundwater,2.51,Yes,14.23,North,Low,7.14
Maize,Harvest,Silt,7.45,21.76,0.45,1.04,76.0,48.5,20.0,27.47,38.99,2480.45,5.77,10.72,Zaid,Canal,Reservoir,4.76,Yes,88.32,East,Low,36.96
Maize,Sowing,Loamy,5.41,10.56,0.66,1.09,76.0,48.5,20.0,16.49,27.21,774.26,4.45,12.81,Zaid,Rainfed,Rainwater,6.11,Yes,117.03,South,Low,63.33
Rice,Harvest,Sandy,6.81,39.73,0.56,1.27,80.0,47.0,40.0,16.69,81.3,188.24,10.06,13.34,Zaid,Sprinkler,Groundwater,5.71,No,7.06,North,Medium,4.37
Rice,Vegetative,Loamy,5.1,55.59,0.56,1.2,80.0,47.0,40.0,23.52,91.99,1162.0,7.2,14.1,Kharif,Drip,Groundwater,1.4,Yes,107.36,North,Low,45.44
Maize,Flowering,Loamy,7.3,31.34,0.47,0.78,76.0,48.5,20.0,23.37,27.95,900.02,10.29,15.35,Zaid,Sprinkler,River,2.36,Yes,0.51,South,Low,0.33
Maize,Sowing,Clay,8.18,43.19,1.09,1.58,76.0,48.5,20.0,38.5,45.01,1778.44,6.73,16.75,Kharif,Sprinkler,Reservoir,1.2,No,83.73,West,Low,46.18
Cotton,Flowering,Clay,6.69,53.01,1.21,1.49,117.0,46.0,19.0,41.79,65.93,2078.62,5.71,1.92,Zaid,Drip,River,10.76,No,4.84,South,Medium,4.21
Maize,Flowering,Silt,7.64,49.8,1.54,1.26,76.0,48.5,20.0,28.27,89.09,1174.33,7.84,0.57,Rabi,Sprinkler,River,2.67,Yes,46.78,West,Low,26.43
Maize,Sowing,Loamy,7.98,36.61,1.44,0.2,76.0,48.5,20.0,33.56,37.48,456.98,10.39,12.11,Kharif,Sprinkler,River,8.24,No,35.08,East,Low,21.02
Cotton,Sowing,Silt,6.15,36.19,0.81,2.55,117.0,46.0,19.0,19.54,70.73,995.97,8.54,16.63,Kharif,Drip,River,5.77,No,88.63,West,Low,43.39
Maize,Sowing,Clay,5.33,40.48,1.29,3.34,76.0,48.5,20.0,15.33,31.27,593.63,6.24,14.31,Kharif,Rainfed,Groundwater,14.76,No,42.23,North,Low,19.01
Maize,Flowering,Sandy,5.66,36.05,0.74,2.46,76.0,48.5,20.0,28.92,64.86,241.64,10.17,14.97,Rabi,Rainfed,River,5.45,Yes,92.64,East,Medium,110.44
Rice,Vegetative,Loamy,5.72,58.1,1.19,0.51,80.0,47.0,40.0,39.93,63.18,2461.04,8.46,17.77,Kharif,Rainfed,Groundwater,9.23,Yes,103.29,South,Medium,70.91
Maize,Sowing,Loamy,7.7,33.85,0.68,2.36,76.0,48.5,20.0,39.59,63.97,1521.78,6.95,13.63,Rabi,Canal,Groundwater,6.32,No,7.8,Central,Low,4.72
Maize,Sowing,Silt,6.55,37.62,1.5,3.04,76.0,48.5,20.0,31.43,46.43,1077.08,6.63,18.8,Zaid,Sprinkler,Groundwater,6.74,No,19.07,West,Low,10.38
Maize,Vegetative,Sandy,7.21,62.17,1.07,2.57,76.0,48.5,20.0,23.99,85.96,372.39,6.65,11.09,Zaid,Drip,Rainwater,6.28,Yes,55.74,West,Low,25.5
Rice,Vegetative,Sandy,7.81,41.36,0.81,0.59,80.0,47.0,40.0,18.24,81.63,803.98,9.54,12.78,Rabi,Canal,Rainwater,10.76,Yes,40.82,South,Low,18.81
Cotton,Sowing,Sandy,6.1,9.91,0.86,0.86,117.0,46.0,19.0,30.41,46.33,2322.37,9.6,3.34,Kharif,Drip,Rainwater,14.85,Yes,49.09,West,Low,30.61
Maize,Harvest,Sandy,7.44,27.26,1.35,2.35,76.0,48.5,20.0,27.36,69.55,1433.63,6.21,15.58,Kharif,Canal,Groundwater,4.88,Yes,74.22,South,Low,29.7
Maize,Harvest,Silt,7.82,11.52,0.73,2.29,76.0,48.5,20.0,31.86,70.39,880.48,5.84,4.83,Kharif,Rainfed,River,7.64,No,2.02,South,Medium,1.28
Cotton,Harvest,Sandy,6.06,27.61,1.22,1.75,117.0,46.0,19.0,21.45,46.32,450.92,7.75,4.7,Zaid,Canal,Reservoir,4.19,No,103.27,East,Low,41.78
Maize,Vegetative,Loamy,7.82,60.08,1.46,1.53,76.0,48.5,20.0,34.46,84.22,362.12,10.98,10.23,Zaid,Sprinkler,Reservoir,5.95,No,64.15,East,Medium,47.9
Maize,Harvest,Loamy,6.55,11.25,0.44,0.13,76.0,48.5,20.0,14.65,82.34,675.65,9.87,16.56,Kharif,Drip,Reservoir,1.97,Yes,34.46,Central,Low,12.84
Rice,Sowing,Silt,5.74,18.78,1.02,1.77,80.0,47.0,40.0,39.94,58.63,541.2,5.66,16.58,Zaid,Drip,Reservoir,6.77,Yes,50.89,West,Medium,49.43
Maize,Flowering,Clay,5.45,29.91,1.59,3.08,76.0,48.5,20.0,12.37,28.46,1723.54,5.02,8.33,Kharif,Sprinkler,Rainwater,12.12,Yes,104.99,South,Low,61.96
Maize,Harvest,Sandy,7.16,13.31,1.49,1.35,76.0,48.5,20.0,31.83,25.99,603.11,8.64,1.3,Kharif,Drip,Groundwater,6.94,No,107.85,North,Medium,68.15
Maize,Vegetative,Clay,5.43,36.39,1.39,2.71,76.0,48.5,20.0,26.92,84.4,1911.42,6.79,7.96,Zaid,Rainfed,Reservoir,14.71,Yes,114.73,West,Low,60.45
Cotton,Sowing,Clay,5.73,18.55,0.63,2.85,117.0,46.0,19.0,12.11,42.35,1724.76,5.1,10.24,Rabi,Sprinkler,River,14.19,Yes,98.01,South,Low,52.18
Maize,Sowing,Clay,6.19,34.59,1.11,1.97,76.0,48.5,20.0,32.0,73.54,173.23,6.67,6.17,Rabi,Canal,Groundwater,4.2,No,28.08,South,Medium,30.67
Maize,Flowering,Silt,7.18,55.67,0.38,3.15,76.0,48.5,20.0,36.59,63.28,900.18,9.0,10.01,Rabi,Sprinkler,River,2.4,Yes,105.62,North,Medium,86.72
Rice,Flowering,Sandy,6.97,57.74,1.22,3.39,80.0,47.0,40.0,29.58,45.36,1808.19,5.94,19.2,Kharif,Drip,Rainwater,4.97,Yes,33.89,Central,Low,17.85
Maize,Vegetative,Clay,6.61,10.81,1.56,1.7,76.0,48.5,20.0,33.28,45.01,448.59,8.32,2.0,Rabi,Rainfed,Rainwater,10.89,Yes,115.4,Central,Medium,113.86
Maize,Sowing,Silt,7.41,17.17,1.42,0.86,76.0,48.5,20.0,14.71,30.13,489.82,5.74,16.17,Kharif,Canal,Groundwater,13.54,Yes,68.95,East,Low,38.03
Cotton,Vegetative,Clay,7.38,23.69,0.99,1.86,117.0,46.0,19.0,33.46,62.53,1575.43,9.16,9.38,Rabi,Rainfed,Reservoir,0.78,No,92.09,East,Medium,82.0
Maize,Vegetative,Silt,7.8,48.85,1.33,2.46,76.0,48.5,20.0,31.37,82.29,1876.45,4.9,2.37,Zaid,Rainfed,River,8.37,No,24.24,South,Medium,16.95
Rice,Sowing,Silt,6.66,14.44,0.43,1.17,80.0,47.0,40.0,20.89,38.55,266.6,6.42,18.15,Zaid,Canal,River,10.44,Yes,109.93,West,Medium,112.68
Rice,Harvest,Silt,6.64,18.14,1.24,2.53,80.0,47.0,40.0,24.99,91.75,1359.1,5.13,4.95,Rabi,Rainfed,Reservoir,5.16,No,33.56,East,Low,13.89
Rice,Flowering,Loamy,7.17,43.13,0.51,0.78,80.0,47.0,40.0,38.97,30.93,791.01,5.42,17.67,Zaid,Sprinkler,Reservoir,14.74,No,54.72,East,Medium,51.99
Maize,Harvest,Loamy,6.42,40.13,1.02,0.22,76.0,48.5,20.0,17.19,28.72,1205.25,10.87,4.77,Rabi,Rainfed,Rainwater,12.98,No,75.91,West,Low,24.49
Cotton,Vegetative,Sandy,7.11,64.44,0.65,1.41,117.0,46.0,19.0,20.34,38.99,2079.45,4.11,2.18,Zaid,Drip,Reservoir,6.65,Yes,50.82,Central,Low,18.86
Maize,Harvest,Sandy,5.54,13.53,1.35,0.41,76.0,48.5,20.0,23.34,30.23,2055.49,4.44,4.05,Zaid,Sprinkler,River,4.2,No,82.63,South,Low,33.65
Maize,Harvest,Silt,8.15,14.87,1.05,1.86,76.0,48.5,20.0,33.26,84.03,1706.0,9.68,1.34,Zaid,Canal,River,0.9,Yes,4.18,North,Low,1.87
Maize,Flowering,Loamy,7.66,41.28,1.14,0.61,76.0,48.5,20.0,29.95,33.25,1023.57,9.74,9.95,Rabi,Canal,Reservoir,6.04,Yes,51.51,North,Low,32.09
Cotton,Vegetative,Silt,5.92,40.6,0.78,2.57,117.0,46.0,19.0,23.53,28.96,77.24,9.87,12.0,Kharif,Drip,Rainwater,7.65,No,118.02,Central,Medium,120.67
Cotton,Vegetative,Sandy,6.62,62.1,0.64,1.92,117.0,46.0,19.0,23.7,35.97,956.66,9.18,13.93,Zaid,Sprinkler,Groundwater,0.32,No,5.3,East,Medium,2.99
Cotton,Sowing,Silt,5.27,33.32,0.5,3.17,117.0,46.0,19.0,41.69,60.85,767.38,4.95,12.11,Zaid,Rainfed,Rainwater,1.66,Yes,24.74,West,Low,15.1
Rice,Harvest,Loamy,5.3,36.5,0.76,1.78,80.0,47.0,40.0,37.7,38.69,248.63,10.12,2.11,Kharif,Sprinkler,River,10.94,Yes,41.28,North,Low,21.58
Maize,Harvest,Clay,6.68,47.75,1.25,0.65,76.0,48.5,20.0,21.41,34.53,1570.06,6.26,14.77,Kharif,Drip,Reservoir,7.24,No,109.13,North,Low,34.26
Maize,Flowering,Sandy,7.01,28.95,1.08,3.08,76.0,48.5,20.0,21.87,27.84,1791.57,9.42,6.53,Zaid,Drip,Groundwater,14.34,No,61.37,Central,Low,39.29
Rice,Flowering,Loamy,6.13,57.24,1.49,3.27,80.0,47.0,40.0,27.47,92.97,460.44,10.28,5.32,Zaid,Canal,Rainwater,9.52,No,111.64,West,Low,61.78
Cotton,Flowering,Loamy,5.17,37.13,0.99,1.05,117.0,46.0,19.0,36.62,50.08,397.19,4.66,4.49,Kharif,Sprinkler,Rainwater,1.4,No,12.45,North,Medium,13.84
Rice,Vegetative,Sandy,4.92,32.37,0.96,3.09,80.0,47.0,40.0,35.88,27.71,2253.56,8.51,19.71,Rabi,Rainfed,River,13.33,No,101.91,East,Medium,86.4
Rice,Flowering,Loamy,6.18,52.09,0.79,2.4,80.0,47.0,40.0,30.85,71.96,2067.61,6.99,10.59,Zaid,Rainfed,Groundwater,2.51,Yes,38.59,North,Medium,31.2
Rice,Vegetative,Sandy,7.77,50.06,0.86,3.15,80.0,47.0,40.0,38.46,87.49,2031.21,7.96,0.95,Rabi,Canal,Reservoir,11.63,Yes,12.84,East,Low,6.62
Cotton,Sowing,Clay,6.58,27.47,0.32,1.4,117.0,46.0,19.0,28.36,91.9,156.71,4.01,18.98,Zaid,Canal,River,6.0,No,105.23,West,Medium,119.35
Maize,Harvest,Clay,4.88,64.97,0.41,1.16,76.0,48.5,20.0,16.87,61.94,537.08,8.37,3.91,Rabi,Canal,Groundwater,9.99,Yes,12.57,Central,Low,3.13
Cotton,Flowering,Clay,5.17,22.82,0.5,0.26,117.0,46.0,19.0,39.73,27.68,1849.77,4.38,19.03,Kharif,Drip,Reservoir,5.57,Yes,61.23,South,Medium,69.69
Maize,Harvest,Loamy,7.48,19.12,1.31,1.73,76.0,48.5,20.0,36.43,78.89,2085.88,9.63,15.62,Kharif,Rainfed,Rainwater,7.57,Yes,92.43,North,Medium,60.92
Cotton,Flowering,Sandy,5.37,25.9,0.66,1.66,117.0,46.0,19.0,18.09,91.93,1285.31,10.84,2.2,Rabi,Drip,Reservoir,10.54,Yes,83.12,Central,Low,52.43
Maize,Sowing,Silt,7.39,56.5,0.61,1.44,76.0,48.5,20.0,19.69,80.56,1628.06,7.76,7.41,Kharif,Sprinkler,Rainwater,13.65,No,49.72,North,Low,20.03
Cotton,Sowing,Sandy,8.04,52.37,0.76,2.56,117.0,46.0,19.0,22.46,80.82,1182.14,10.02,16.49,Kharif,Drip,River,5.83,Yes,78.83,Central,Low,34.13
Rice,Vegetative,Clay,6.06,56.52,0.35,1.35,80.0,47.0,40.0,26.07,80.0,934.41,9.39,6.39,Kharif,Drip,Reservoir,1.84,No,45.83,West,Low,19.7
Cotton,Harvest,Silt,7.62,23.5,0.48,1.15,117.0,46.0,19.0,25.23,78.11,869.69,9.72,9.3,Zaid,Rainfed,Groundwater,8.86,Yes,54.56,South,Low,22.03
Rice,Flowering,Clay,5.25,46.06,0.46,2.83,80.0,47.0,40.0,19.44,89.32,2287.31,6.17,2.93,Zaid,Rainfed,Reservoir,8.86,Yes,7.16,Central,Low,3.84
Maize,Flowering,Loamy,6.1,44.93,1.12,3.43,76.0,48.5,20.0,15.79,82.92,1855.14,7.52,7.05,Rabi,Rainfed,Reservoir,13.79,Yes,41.63,East,Low,21.68
Rice,Flowering,Sandy,5.49,54.18,1.35,2.64,80.0,47.0,40.0,17.09,72.81,327.41,10.74,11.85,Rabi,Rainfed,Reservoir,1.3,No,18.15,North,Medium,15.02
Cotton,Harvest,Silt,6.99,15.95,1.55,2.35,117.0,46.0,19.0,38.29,31.61,198.36,4.44,11.65,Kharif,Sprinkler,River,9.95,No,53.58,North,High,62.31
Cotton,Sowing,Loamy,4.84,64.96,0.84,3.16,117.0,46.0,19.0,15.33,86.26,853.76,4.61,8.59,Rabi,Sprinkler,Rainwater,11.68,Yes,53.43,West,Low,18.67
Cotton,Vegetative,Clay,6.64,56.51,1.25,2.42,117.0,46.0,19.0,19.64,73.16,797.62,8.58,10.63,Zaid,Canal,River,9.33,Yes,103.96,East,Low,41.85
Rice,Flowering,Loamy,6.65,49.64,0.68,1.62,80.0,47.0,40.0,27.77,61.74,1342.69,8.89,18.44,Kharif,Rainfed,Groundwater,14.38,Yes,62.28,North,Low,35.07
Rice,Harvest,Clay,6.19,33.58,1.26,0.73,80.0,47.0,40.0,33.0,36.53,828.43,7.04,13.86,Kharif,Rainfed,Reservoir,14.12,No,40.89,East,Low,16.37
Rice,Vegetative,Sandy,4.98,14.91,1.26,0.97,80.0,47.0,40.0,13.73,80.54,1960.01,7.94,18.08,Kharif,Drip,Rainwater,9.03,No,66.27,South,Medium,50.4
Maize,Harvest,Loamy,6.67,39.87,1.39,0.22,76.0,48.5,20.0,25.31,31.51,2153.19,6.5,17.03,Kharif,Rainfed,Reservoir,4.29,No,91.51,North,Low,32.2
Maize,Sowing,Sandy,5.84,23.11,0.79,0.41,76.0,48.5,20.0,38.99,66.4,177.59,8.69,2.99,Kharif,Canal,Groundwater,11.81,Yes,24.31,North,Medium,31.0
Cotton,Flowering,Clay,7.84,54.1,1.2,2.23,117.0,46.0,19.0,16.96,54.74,1423.31,9.16,10.7,Rabi,Sprinkler,Reservoir,0.8,Yes,75.72,East,Low,36.46
Maize,Vegetative,Loamy,6.01,35.22,1.11,2.29,76.0,48.5,20.0,19.16,85.53,340.96,7.55,15.1,Zaid,Rainfed,River,7.64,No,40.47,South,Medium,33.8
Maize,Harvest,Clay,7.91,61.12,1.35,3.42,76.0,48.5,20.0,25.04,33.62,2344.47,6.89,8.07,Rabi,Canal,River,2.95,Yes,65.78,North,Low,18.63
Cotton,Harvest,Sandy,6.57,56.51,0.94,1.07,117.0,46.0,19.0,16.51,26.01,667.92,10.41,1.44,Rabi,Rainfed,Groundwater,7.51,Yes,92.04,Central,Low,25.08
Cotton,Flowering,Loamy,7.96,62.68,1.21,2.14,117.0,46.0,19.0,19.92,36.23,1409.35,7.11,4.95,Kharif,Sprinkler,Groundwater,6.52,No,43.54,South,Low,19.7
Cotton,Sowing,Silt,7.97,18.13,0.41,1.56,117.0,46.0,19.0,22.34,38.49,1955.13,9.74,7.49,Rabi,Drip,Reservoir,4.12,No,47.92,North,Low,27.59
Maize,Harvest,Silt,8.1,38.28,1.33,1.14,76.0,48.5,20.0,19.8,43.88,860.2,9.89,17.14,Rabi,Drip,Groundwater,13.99,No,46.88,East,Low,15.81
Cotton,Harvest,Loamy,5.23,10.48,0.59,0.95,117.0,46.0,19.0,29.56,33.68,1387.87,7.25,7.83,Zaid,Rainfed,Reservoir,2.74,No,43.89,East,Low,19.0
Maize,Flowering,Loamy,7.1,15.15,1.52,2.76,76.0,48.5,20.0,13.64,62.9,1900.5,6.33,15.76,Zaid,Drip,Groundwater,7.24,No,11.33,Central,Medium,10.34
Rice,Harvest,Loamy,7.83,24.41,0.77,2.15,80.0,47.0,40.0,35.74,68.92,316.91,7.73,12.91,Zaid,Drip,Rainwater,10.38,No,66.07,North,Medium,50.73
Rice,Harvest,Silt,6.82,21.73,1.5,0.73,80.0,47.0,40.0,18.54,29.26,140.92,4.74,5.1,Kharif,Drip,Rainwater,12.2,No,92.97,South,Medium,70.75
Maize,Sowing,Loamy,5.19,47.37,1.04,1.22,76.0,48.5,20.0,31.75,56.64,692.18,6.84,15.84,Kharif,Rainfed,River,7.27,No,11.94,Central,Low,5.95
Maize,Harvest,Clay,6.27,42.76,0.99,1.99,76.0,48.5,20.0,35.84,64.82,1527.37,6.96,16.11,Zaid,Canal,River,0.87,Yes,33.31,East,Low,12.61
Cotton,Flowering,Clay,6.35,10.33,0.92,1.1,117.0,46.0,19.0,30.14,72.08,2069.81,7.49,15.61,Kharif,Rainfed,Reservoir,14.08,No,48.81,Central,High,67.65
Cotton,Flowering,Clay,6.67,51.48,0.74,0.37,117.0,46.0,19.0,18.04,27.61,2082.85,5.56,3.17,Zaid,Drip,Groundwater,3.3,No,65.42,West,Low,32.74
Maize,Harvest,Loamy,5.16,44.59,1.48,1.46,76.0,48.5,20.0,21.91,58.61,2074.12,6.97,19.79,Zaid,Sprinkler,Rainwater,10.25,Yes,58.49,South,Low,19.03
Rice,Vegetative,Clay,8.17,62.94,0.89,2.65,80.0,47.0,40.0,36.16,82.21,2445.22,5.51,15.56,Zaid,Drip,Groundwater,7.89,Yes,15.88,Central,Medium,9.99
Maize,Vegetative,Silt,6.59,29.75,0.39,1.34,76.0,48.5,20.0,39.98,79.25,2283.97,8.86,9.67,Zaid,Rainfed,Groundwater,12.31,Yes,71.98,West,Low,45.28
Maize,Flowering,Silt,6.63,18.02,1.32,1.66,76.0,48.5,20.0,31.12,90.89,1168.34,8.44,8.85,Rabi,Canal,Reservoir,9.18,No,103.66,East,Medium,111.54
Rice,Flowering,Sandy,6.3,49.21,0.97,1.18,80.0,47.0,40.0,36.17,84.63,2178.24,8.03,13.69,Kharif,Drip,Reservoir,9.25,No,48.36,Central,Medium,42.27
Cotton,Vegetative,Silt,7.42,48.34,1.15,2.18,117.0,46.0,19.0,12.74,50.38,44.14,8.17,3.77,Zaid,Canal,River,4.98,No,71.7,East,Medium,63.67
Rice,Flowering,Clay,7.26,12.39,0.81,0.69,80.0,47.0,40.0,29.62,75.11,653.21,6.63,12.1,Kharif,Drip,River,5.11,No,105.78,South,Medium,112.22
Cotton,Flowering,Sandy,6.74,21.28,0.64,1.63,117.0,46.0,19.0,26.94,38.94,21.19,8.13,12.32,Rabi,Sprinkler,Groundwater,6.54,No,22.39,West,High,45.18
Rice,Vegetative,Clay,6.18,31.58,0.33,0.79,80.0,47.0,40.0,32.74,53.3,265.95,6.76,9.51,Zaid,Sprinkler,River,3.08,No,11.23,North,Medium,11.79
Cotton,Flowering,Loamy,6.0,57.62,0.72,0.75,117.0,46.0,19.0,26.08,67.6,743.81,9.1,15.55,Kharif,Sprinkler,Rainwater,8.55,Yes,56.04,East,Low,28.57
Maize,Sowing,Loamy,6.36,18.41,0.34,0.52,76.0,48.5,20.0,16.03,50.01,1203.74,7.63,14.88,Zaid,Canal,Groundwater,7.06,Yes,94.43,North,Low,50.85
Cotton,Harvest,Clay,8.14,47.13,1.12,3.26,117.0,46.0,19.0,31.54,76.9,976.28,9.03,16.31,Zaid,Canal,Rainwater,5.23,Yes,42.02,East,Low,14.67
Rice,Sowing,Silt,5.48,28.1,0.71,0.66,80.0,47.0,40.0,18.73,47.1,2305.37,6.78,14.21,Rabi,Drip,Rainwater,2.1,No,109.56,West,Low,56.96
Maize,Flowering,Clay,7.72,25.04,0.36,0.54,76.0,48.5,20.0,28.6,85.74,1870.18,5.47,4.23,Rabi,Rainfed,Groundwater,7.61,Yes,57.15,South,Low,40.4
Cotton,Vegetative,Clay,6.41,37.39,0.83,3.23,117.0,46.0,19.0,39.37,31.02,510.85,7.23,5.07,Zaid,Sprinkler,Groundwater,14.56,Yes,55.29,West,Low,32.87
Rice,Harvest,Loamy,5.7,49.74,0.67,1.24,80.0,47.0,40.0,40.99,92.74,1153.81,9.11,5.7,Kharif,Rainfed,River,2.88,Yes,73.18,West,Low,26.87
Rice,Vegetative,Silt,4.86,34.26,1.24,2.05,80.0,47.0,40.0,35.78,51.1,1724.27,8.41,8.25,Kharif,Drip,Rainwater,9.01,No,75.41,East,Medium,62.85
Maize,Vegetative,Sandy,7.85,43.9,0.8,2.99,76.0,48.5,20.0,19.12,67.64,102.95,9.54,8.79,Rabi,Drip,Reservoir,10.63,No,38.95,West,Medium,36.23
Maize,Harvest,Silt,7.43,33.08,0.98,2.83,76.0,48.5,20.0,31.11,83.32,80.72,9.04,5.6,Zaid,Drip,Rainwater,1.03,No,103.52,North,Medium,85.06
Rice,Vegetative,Sandy,7.95,17.26,0.35,0.41,80.0,47.0,40.0,13.03,65.04,1290.19,10.07,16.89,Kharif,Canal,Groundwater,3.63,No,82.2,South,Medium,62.51
Rice,Flowering,Sandy,6.35,22.33,0.94,2.68,80.0,47.0,40.0,14.85,74.94,573.0,6.52,0.86,Rabi,Rainfed,Rainwater,13.73,Yes,74.41,West,Medium,66.69
Cotton,Flowering,Silt,6.04,20.24,0.99,1.94,117.0,46.0,19.0,37.14,48.54,497.09,7.12,19.85,Kharif,Rainfed,Rainwater,5.86,Yes,28.99,North,Medium,33.85
Maize,Sowing,Silt,5.43,64.06,0.95,2.63,76.0,48.5,20.0,30.49,69.83,1391.04,4.11,9.77,Zaid,Drip,Rainwater,1.76,Yes,36.14,North,Low,14.91
Cotton,Flowering,Sandy,7.28,57.24,0.46,1.36,117.0,46.0,19.0,23.28,47.44,538.28,8.34,12.96,Rabi,Drip,Rainwater,6.55,Yes,38.73,Central,Low,19.28
Cotton,Flowering,Sandy,8.0,55.4,0.79,3.34,117.0,46.0,19.0,37.77,86.36,803.18,9.6,16.09,Zaid,Rainfed,Rainwater,14.7,No,32.59,North,Medium,27.12
Maize,Sowing,Silt,5.28,64.53,1.11,0.85,76.0,48.5,20.0,26.76,93.24,1940.54,8.49,15.12,Zaid,Sprinkler,River,10.59,Yes,51.2,West,Low,20.26
Rice,Vegetative,Loamy,5.04,43.52,1.6,2.58,80.0,47.0,40.0,28.1,82.59,298.12,9.13,2.15,Zaid,Canal,Rainwater,3.55,No,70.47,North,Medium,61.99
Cotton,Vegetative,Silt,6.7,52.41,1.58,3.31,117.0,46.0,19.0,35.98,26.37,1951.32,8.04,9.52,Kharif,Canal,Groundwater,11.91,No,119.58,Central,Medium,84.18
Maize,Flowering,Silt,7.62,22.77,0.96,0.83,76.0,48.5,20.0,26.32,39.94,722.84,9.75,9.52,Kharif,Canal,River,7.96,No,9.02,East,Medium,9.07
Maize,Sowing,Sandy,7.08,28.22,1.48,2.88,76.0,48.5,20.0,37.74,49.73,1268.08,6.71,9.5,Rabi,Rainfed,Rainwater,14.33,Yes,44.91,North,Low,28.05
Cotton,Flowering,Sandy,8.1,58.96,0.42,3.09,117.0,46.0,19.0,26.05,94.41,980.82,10.31,10.72,Rabi,Drip,River,7.31,Yes,92.66,South,Low,46.54
Maize,Flowering,Loamy,6.45,41.71,0.79,1.1,76.0,48.5,20.0,13.0,70.84,1482.69,5.12,9.66,Zaid,Sprinkler,Rainwater,11.53,No,99.93,West,Low,53.18
Rice,Harvest,Loamy,5.61,30.04,1.59,2.22,80.0,47.0,40.0,37.54,50.86,1111.2,9.14,3.95,Zaid,Rainfed,Reservoir,9.76,Yes,67.96,East,Low,29.22
Maize,Sowing,Silt,6.81,58.42,1.25,1.74,76.0,48.5,20.0,21.39,66.83,577.53,6.64,2.22,Zaid,Rainfed,Rainwater,11.46,No,33.26,North,Low,13.36
Rice,Vegetative,Sandy,6.03,23.56,0.94,0.56,80.0,47.0,40.0,29.78,42.32,2218.73,9.48,1.24,Rabi,Drip,Reservoir,10.68,Yes,64.76,Central,Medium,55.77
Cotton,Harvest,Sandy,4.86,35.1,1.43,1.33,117.0,46.0,19.0,14.47,26.84,815.24,4.76,16.03,Zaid,Drip,Groundwater,8.89,No,101.74,North,Low,33.51
Rice,Harvest,Clay,5.94,28.16,0.59,2.21,80.0,47.0,40.0,30.52,43.37,1441.59,9.4,10.64,Rabi,Canal,Rainwater,4.64,Yes,110.95,Central,Low,45.43
Cotton,Harvest,Silt,5.85,38.96,1.0,2.43,117.0,46.0,19.0,28.06,64.45,1547.28,4.09,6.92,Kharif,Canal,Rainwater,4.65,No,63.69,Central,Low,23.21
Rice,Flowering,Loamy,5.75,25.2,0.68,2.71,80.0,47.0,40.0,24.43,33.87,755.35,8.59,17.21,Kharif,Sprinkler,River,11.99,Yes,80.77,Central,Low,54.72
Maize,Flowering,Silt,6.94,64.57,1.46,3.19,76.0,48.5,20.0,39.89,31.5,1890.64,6.75,13.82,Kharif,Canal,Reservoir,5.02,Yes,102.17,North,Medium,78.22
Maize,Sowing,Silt,7.53,36.93,1.52,1.0,76.0,48.5,20.0,38.42,83.53,485.41,5.64,1.42,Zaid,Canal,Reservoir,3.34,Yes,3.3,West,Low,2.0
Rice,Vegetative,Loamy,7.56,57.61,1.45,1.65,80.0,47.0,40.0,16.38,46.87,856.14,5.39,1.15,Zaid,Drip,River,5.45,Yes,48.38,South,Low,18.58
Maize,Harvest,Sandy,6.25,52.04,1.04,1.82,76.0,48.5,20.0,19.68,60.0,394.23,6.18,1.0,Rabi,Canal,Rainwater,12.53,Yes,7.9,West,Low,2.65
Maize,Sowing,Sandy,7.19,47.95,0.46,2.19,76.0,48.5,20.0,39.26,56.18,1742.51,5.27,7.77,Zaid,Sprinkler,River,6.33,No,52.01,West,Low,27.59
Cotton,Vegetative,Silt,5.95,58.89,1.44,2.68,117.0,46.0,19.0,30.3,54.03,1562.21,5.58,9.01,Zaid,Sprinkler,Groundwater,4.0,Yes,72.76,North,Low,31.76
Cotton,Flowering,Loamy,5.56,23.79,1.28,2.37,117.0,46.0,19.0,12.94,72.91,1533.97,6.4,18.89,Kharif,Drip,Reservoir,6.03,Yes,32.09,North,Medium,28.43
Maize,Vegetative,Clay,7.28,59.38,1.01,1.69,76.0,48.5,20.0,26.5,94.9,508.44,5.83,11.18,Kharif,Sprinkler,Groundwater,13.93,Yes,16.32,East,Low,6.95
Maize,Harvest,Clay,7.73,21.89,0.77,3.41,76.0,48.5,20.0,41.56,55.83,237.86,10.03,7.31,Kharif,Canal,River,7.5,Yes,37.46,West,Medium,32.51
Rice,Harvest,Loamy,7.12,14.06,1.03,3.1,80.0,47.0,40.0,19.62,77.74,1309.23,9.31,3.98,Rabi,Canal,Groundwater,10.12,Yes,118.97,Central,Low,46.61
Rice,Harvest,Sandy,5.77,13.91,1.53,1.5,80.0,47.0,40.0,27.95,58.03,1466.05,10.56,16.83,Rabi,Canal,Groundwater,10.04,Yes,29.23,West,Low,12.46
Rice,Flowering,Loamy,6.76,37.62,1.51,3.4,80.0,47.0,40.0,14.98,65.33,2212.66,8.21,16.19,Rabi,Sprinkler,River,8.23,Yes,51.8,West,Low,28.61
Maize,Flowering,Loamy,7.1,40.46,0.69,1.13,76.0,48.5,20.0,40.28,52.83,2346.47,6.31,1.35,Zaid,Sprinkler,Reservoir,10.31,Yes,10.79,South,Low,7.42
Cotton,Flowering,Sandy,5.22,20.4,0.59,1.67,117.0,46.0,19.0,20.37,52.7,65.04,6.04,8.33,Rabi,Canal,Rainwater,2.64,Yes,60.4,South,Medium,85.7
Maize,Harvest,Sandy,6.21,55.09,0.52,0.41,76.0,48.5,20.0,40.48,83.98,2017.92,7.59,14.62,Kharif,Drip,Reservoir,7.19,Yes,0.77,East,Low,0.27
Rice,Sowing,Loamy,6.11,13.11,1.45,2.5,80.0,47.0,40.0,23.68,54.33,740.04,7.22,18.23,Kharif,Drip,Rainwater,14.67,No,1.1,West,Medium,0.92
Cotton,Vegetative,Clay,7.31,25.12,1.44,1.92,117.0,46.0,19.0,12.1,48.05,7.67,4.27,4.6,Rabi,Rainfed,Reservoir,1.2,Yes,107.98,West,Medium,120.74
Cotton,Flowering,Silt,6.86,29.18,0.81,1.78,117.0,46.0,19.0,28.95,33.6,2475.02,4.44,14.48,Kharif,Drip,Rainwater,9.77,No,80.99,West,Medium,79.34
Rice,Harvest,Sandy,4.88,63.93,0.37,2.92,80.0,47.0,40.0,34.56,52.82,2268.84,7.15,4.73,Kharif,Drip,River,14.3,Yes,16.32,South,Low,4.9
Cotton,Flowering,Clay,7.58,48.62,1.44,2.74,117.0,46.0,19.0,34.15,57.72,2076.0,4.91,3.35,Kharif,Rainfed,River,6.04,Yes,29.11,South,Low,17.59
Maize,Sowing,Clay,5.48,19.24,1.58,1.22,76.0,48.5,20.0,36.81,50.82,2061.79,5.08,5.75,Rabi,Drip,Groundwater,10.33,No,26.78,South,Medium,25.3
Rice,Flowering,Sandy,6.39,27.21,1.25,2.2,80.0,47.0,40.0,24.35,37.13,1332.7,7.43,13.65,Kharif,Sprinkler,Groundwater,12.89,Yes,68.26,South,Low,45.47
Cotton,Vegetative,Loamy,7.83,14.08,1.3,2.02,117.0,46.0,19.0,28.55,87.16,1035.7,7.2,11.69,Zaid,Drip,Groundwater,2.57,Yes,71.9,South,Medium,62.91
Rice,Vegetative,Clay,6.29,21.1,1.53,1.65,80.0,47.0,40.0,29.92,45.03,1339.8,4.17,19.03,Zaid,Sprinkler,Rainwater,8.4,Yes,35.17,North,Medium,30.92
Cotton,Harvest,Silt,5.06,8.48,1.08,3.18,117.0,46.0,19.0,20.46,38.85,731.97,5.9,17.27,Kharif,Rainfed,River,3.93,Yes,51.44,West,Low,20.33
Cotton,Vegetative,Silt,7.93,41.75,0.51,0.45,117.0,46.0,19.0,33.3,40.15,1714.02,10.43,14.43,Kharif,Drip,Rainwater,12.63,No,39.4,East,Medium,30.02
Cotton,Flowering,Loamy,6.39,45.13,0.73,2.22,117.0,46.0,19.0,25.31,42.11,2418.26,4.35,6.32,Rabi,Canal,Rainwater,0.61,No,42.38,South,Low,24.34
Cotton,Harvest,Clay,5.12,16.23,1.48,2.7,117.0,46.0,19.0,24.66,46.98,413.26,6.09,2.63,Kharif,Rainfed,Rainwater,6.03,No,97.32,Central,Low,44.76
Rice,Harvest,Silt,6.63,40.43,0.95,1.77,80.0,47.0,40.0,31.58,39.69,1370.9,9.85,9.43,Zaid,Drip,Reservoir,14.62,Yes,11.47,South,Low,4.27
Cotton,Harvest,Silt,5.34,39.86,0.86,3.16,117.0,46.0,19.0,19.89,88.83,2174.93,8.9,4.84,Kharif,Rainfed,Rainwater,4.67,No,49.99,Central,Low,16.64
Maize,Vegetative,Loamy,6.24,9.96,0.8,3.4,76.0,48.5,20.0,19.2,42.24,815.48,8.74,10.93,Zaid,Rainfed,Rainwater,0.43,No,15.73,East,Medium,12.52
Maize,Harvest,Loamy,5.27,53.5,1.57,0.88,76.0,48.5,20.0,12.88,58.4,1396.99,5.92,5.07,Kharif,Sprinkler,Rainwater,14.41,Yes,0.7,East,Low,0.19
Maize,Harvest,Loamy,7.23,58.88,1.59,0.21,76.0,48.5,20.0,39.9,74.93,916.8,9.93,12.53,Zaid,Rainfed,Rainwater,4.42,No,75.27,Central,Low,25.1
Cotton,Vegetative,Silt,6.34,64.78,1.35,1.45,117.0,46.0,19.0,18.75,82.45,235.34,10.64,3.04,Kharif,Sprinkler,River,10.21,Yes,54.46,Central,Medium,36.68
Maize,Sowing,Silt,6.52,22.48,0.51,1.34,76.0,48.5,20.0,12.36,77.98,1017.22,7.6,9.92,Rabi,Canal,Groundwater,4.09,No,43.17,West,Low,22.54
Maize,Flowering,Silt,5.04,21.48,0.43,0.88,76.0,48.5,20.0,32.9,54.86,753.18,6.47,8.53,Kharif,Drip,River,2.86,No,5.34,North,Medium,5.78
Maize,Sowing,Sandy,5.68,43.5,1.11,2.65,76.0,48.5,20.0,18.88,36.83,825.7,8.48,18.93,Kharif,Drip,River,4.42,No,76.77,North,Low,34.92
Cotton,Flowering,Clay,6.65,14.58,0.91,1.1,117.0,46.0,19.0,21.98,30.14,1076.5,4.99,16.56,Kharif,Canal,Rainwater,8.66,No,84.24,West,Medium,82.84
Maize,Flowering,Silt,7.31,15.25,1.12,2.5,76.0,48.5,20.0,38.94,76.51,2292.28,6.46,18.63,Rabi,Rainfed,River,14.07,No,12.87,Central,High,19.33
Maize,Flowering,Loamy,6.86,12.1,1.18,1.35,76.0,48.5,20.0,16.72,80.54,1577.49,9.09,2.67,Rabi,Sprinkler,River,5.32,Yes,32.75,South,Medium,30.46
Cotton,Harvest,Silt,6.13,47.53,1.11,2.83,117.0,46.0,19.0,37.06,82.02,2436.16,8.02,7.73,Kharif,Rainfed,Groundwater,7.22,No,19.35,Central,Low,7.08
Maize,Harvest,Silt,5.2,36.16,0.68,0.67,76.0,48.5,20.0,17.08,87.32,1476.63,4.44,11.32,Kharif,Canal,Groundwater,1.7,Yes,40.87,East,Low,13.65
Maize,Vegetative,Loamy,6.54,34.32,1.58,0.59,76.0,48.5,20.0,20.64,86.84,1674.79,4.07,6.45,Kharif,Canal,Groundwater,10.49,No,89.8,East,Low,45.2
Rice,Vegetative,Loamy,7.93,14.41,1.19,0.5,80.0,47.0,40.0,20.27,66.32,484.29,4.18,0.82,Zaid,Rainfed,Groundwater,9.47,Yes,119.43,North,Medium,100.16
Cotton,Vegetative,Clay,6.54,9.3,0.76,3.26,117.0,46.0,19.0,37.4,30.27,1285.74,5.56,3.65,Zaid,Canal,Rainwater,5.17,Yes,75.89,Central,Medium,72.08
Cotton,Harvest,Sandy,6.36,36.7,0.94,3.35,117.0,46.0,19.0,31.64,89.92,331.99,6.54,8.05,Zaid,Sprinkler,Reservoir,5.65,Yes,74.38,West,Low,34.29
Rice,Harvest,Clay,5.23,39.74,1.25,2.49,80.0,47.0,40.0,23.74,81.67,2294.7,6.27,2.22,Zaid,Drip,River,5.0,No,59.84,North,Low,20.75
Maize,Flowering,Clay,6.51,51.1,1.43,1.93,76.0,48.5,20.0,20.55,40.83,2086.07,4.99,15.15,Rabi,Drip,Reservoir,9.33,No,1.62,Central,Medium,1.19
Rice,Sowing,Silt,6.71,23.19,0.81,2.05,80.0,47.0,40.0,28.11,66.03,120.85,7.93,19.31,Zaid,Drip,Reservoir,1.45,No,48.23,Central,Medium,57.98
Maize,Flowering,Silt,5.95,29.86,1.22,3.48,76.0,48.5,20.0,36.11,93.73,631.21,7.22,5.9,Kharif,Rainfed,River,9.85,Yes,46.55,East,Low,33.93
Maize,Flowering,Loamy,7.65,57.66,1.42,1.02,76.0,48.5,20.0,40.74,82.35,1329.46,9.78,16.54,Kharif,Canal,Rainwater,12.02,Yes,101.19,South,Medium,83.81
Rice,Harvest,Loamy,6.05,17.69,0.68,2.46,80.0,47.0,40.0,28.92,63.44,2448.5,4.25,16.0,Rabi,Drip,Rainwater,0.69,Yes,18.98,South,Low,8.17
Cotton,Vegetative,Silt,7.39,12.19,1.18,2.37,117.0,46.0,19.0,26.36,36.44,486.8,9.93,6.86,Rabi,Sprinkler,River,1.29,No,93.18,Central,Medium,82.93
Rice,Vegetative,Loamy,6.45,14.8,1.23,3.01,80.0,47.0,40.0,37.7,47.95,1603.93,7.34,4.16,Kharif,Drip,River,11.14,No,22.66,West,Medium,21.58
Rice,Vegetative,Loamy,5.97,63.34,1.2,1.21,80.0,47.0,40.0,35.48,73.91,1213.45,8.01,10.06,Zaid,Canal,Reservoir,11.22,Yes,86.9,South,Medium,54.08
Rice,Sowing,Silt,5.27,28.36,1.16,1.9,80.0,47.0,40.0,38.12,74.7,588.47,6.6,11.15,Zaid,Rainfed,Rainwater,8.28,No,11.44,East,Low,7.16
Cotton,Flowering,Sandy,8.19,62.63,0.59,1.32,117.0,46.0,19.0,14.18,43.95,1692.79,8.66,1.0,Rabi,Rainfed,Rainwater,8.26,Yes,73.0,North,Low,31.34
Maize,Vegetative,Loamy,6.3,60.83,0.86,1.98,76.0,48.5,20.0,24.73,90.48,58.88,7.52,6.63,Zaid,Drip,Groundwater,12.65,Yes,112.77,West,Medium,96.35
Maize,Harvest,Loamy,5.82,60.01,1.1,2.11,76.0,48.5,20.0,16.05,80.15,1253.55,5.0,14.52,Rabi,Canal,Reservoir,14.9,No,74.85,East,Low,19.53
Rice,Flowering,Loamy,7.47,19.45,0.91,1.37,80.0,47.0,40.0,24.18,66.39,318.07,4.86,11.22,Kharif,Canal,River,12.67,Yes,36.13,West,Medium,44.05
Rice,Vegetative,Silt,6.81,35.98,1.27,2.14,80.0,47.0,40.0,38.85,25.27,1477.33,9.26,7.0,Kharif,Canal,Reservoir,2.74,Yes,94.72,South,Low,55.95
Rice,Flowering,Silt,7.64,63.56,0.68,0.96,80.0,47.0,40.0,41.31,55.6,590.51,7.71,5.59,Rabi,Rainfed,Rainwater,2.28,Yes,34.67,Central,Low,18.82
Cotton,Harvest,Clay,7.41,43.79,0.9,0.45,117.0,46.0,19.0,26.67,82.06,2325.11,5.59,6.57,Kharif,Sprinkler,River,2.27,Yes,117.56,North,Low,40.43
Maize,Harvest,Sandy,5.15,58.49,1.55,0.7,76.0,48.5,20.0,16.22,64.31,2156.21,5.35,14.29,Kharif,Sprinkler,Rainwater,11.31,Yes,27.89,South,Low,7.42
Maize,Harvest,Clay,6.11,30.13,1.6,0.91,76.0,48.5,20.0,41.15,76.88,1931.28,6.8,0.94,Zaid,Canal,River,3.5,Yes,13.89,West,Low,6.1
Cotton,Harvest,Sandy,7.44,46.73,1.54,0.9,117.0,46.0,19.0,34.12,27.8,954.86,5.69,18.44,Kharif,Canal,Reservoir,5.99,Yes,85.24,North,Low,30.59
Cotton,Vegetative,Loamy,6.27,21.0,1.23,1.73,117.0,46.0,19.0,38.25,91.32,635.01,9.06,14.49,Kharif,Canal,River,7.85,Yes,3.76,Central,Medium,3.57
Rice,Harvest,Silt,6.2,29.44,1.29,2.0,80.0,47.0,40.0,23.34,30.73,1494.0,5.68,18.68,Kharif,Rainfed,Groundwater,5.49,Yes,20.7,West,Low,7.82
Maize,Sowing,Clay,5.51,55.69,0.84,1.47,76.0,48.5,20.0,18.3,28.49,2273.2,10.72,13.46,Zaid,Rainfed,Groundwater,6.22,No,27.18,South,Low,10.88
Cotton,Sowing,Loamy,5.35,11.67,0.9,0.27,117.0,46.0,19.0,16.81,29.02,1093.68,6.1,9.69,Rabi,Rainfed,Reservoir,14.77,No,55.36,North,Low,30.06
Maize,Vegetative,Silt,6.65,11.72,1.43,1.27,76.0,48.5,20.0,40.5,51.07,1503.57,4.29,9.53,Zaid,Canal,River,0.58,Yes,102.58,Central,Medium,99.68
Maize,Harvest,Silt,7.32,36.0,1.58,0.93,76.0,48.5,20.0,32.61,56.11,1180.98,4.54,2.54,Rabi,Canal,River,13.72,No,98.06,South,Low,38.31
Rice,Sowing,Clay,6.07,36.64,0.53,2.4,80.0,47.0,40.0,12.72,82.07,2291.36,9.15,3.41,Zaid,Canal,Reservoir,11.07,No,86.65,Central,Low,40.22
Cotton,Vegetative,Loamy,7.39,27.08,0.82,0.77,117.0,46.0,19.0,23.49,94.05,180.37,8.66,2.88,Zaid,Sprinkler,River,14.63,No,104.49,Central,Medium,111.29
Rice,Harvest,Sandy,7.5,49.48,0.52,3.42,80.0,47.0,40.0,19.64,55.26,1941.71,8.16,9.52,Rabi,Sprinkler,Groundwater,8.48,No,73.57,East,Low,22.29
Maize,Vegetative,Loamy,7.41,30.44,1.05,2.93,76.0,48.5,20.0,17.05,69.21,1937.88,4.77,17.52,Rabi,Sprinkler,Rainwater,10.31,No,52.9,East,Medium,37.84
Cotton,Harvest,Loamy,7.07,56.31,0.79,0.64,117.0,46.0,19.0,36.15,59.04,530.09,10.85,8.38,Kharif,Canal,River,1.73,Yes,117.3,Central,Low,38.91
Cotton,Sowing,Silt,6.77,20.25,1.3,3.47,117.0,46.0,19.0,40.63,93.54,157.29,5.73,19.1,Zaid,Drip,Reservoir,8.49,Yes,30.23,West,Medium,40.38
Rice,Harvest,Loamy,5.61,60.2,0.71,3.38,80.0,47.0,40.0,30.38,69.83,1825.9,5.56,17.45,Kharif,Drip,Reservoir,13.52,No,107.76,West,Low,32.48
Rice,Harvest,Loamy,6.16,18.8,0.75,0.53,80.0,47.0,40.0,26.93,44.84,1674.52,10.69,15.62,Zaid,Sprinkler,River,2.23,Yes,55.59,South,Low,23.46
Maize,Harvest,Silt,7.38,10.76,0.63,3.19,76.0,48.5,20.0,22.81,91.3,2146.81,6.94,8.55,Kharif,Sprinkler,Rainwater,12.91,No,27.44,East,Low,11.11
Maize,Sowing,Clay,5.4,49.44,0.9,1.19,76.0,48.5,20.0,34.03,52.31,1591.84,9.86,5.66,Kharif,Rainfed,Groundwater,4.87,No,15.46,South,Low,7.71
